<ImportExportXml version="9.2.21112.136" SolutionPackageVersion="9.2" languagecode="1033" generatedBy="CrmLive" xmlns:xsi="http://www.w3.org/2001/XMLSchema-instance">
  <SolutionManifest>
    <UniqueName>SE_database</UniqueName>
    <LocalizedNames>
      <LocalizedName description="SE_database" languagecode="1033" />
    </LocalizedNames>
    <Descriptions>
      <Description description="Upgrade of SE_database" languagecode="1033" />
    </Descriptions>
    <Version>1.1.0.9</Version>
    <Managed>1</Managed>
    <Publisher>
      <UniqueName>Cra7d3e</UniqueName>
      <LocalizedNames>
        <LocalizedName description="Divorce Expert Publisher" languagecode="1033" />
      </LocalizedNames>
      <Descriptions />
      <EMailAddress xsi:nil="true"></EMailAddress>
      <SupportingWebsiteUrl xsi:nil="true"></SupportingWebsiteUrl>
      <CustomizationPrefix>cr85a</CustomizationPrefix>
      <CustomizationOptionValuePrefix>46928</CustomizationOptionValuePrefix>
      <Addresses>
        <Address>
          <AddressNumber>1</AddressNumber>
          <AddressTypeCode xsi:nil="true"></AddressTypeCode>
          <City xsi:nil="true"></City>
          <County xsi:nil="true"></County>
          <Country xsi:nil="true"></Country>
          <Fax xsi:nil="true"></Fax>
          <FreightTermsCode xsi:nil="true"></FreightTermsCode>
          <ImportSequenceNumber xsi:nil="true"></ImportSequenceNumber>
          <Latitude xsi:nil="true"></Latitude>
          <Line1 xsi:nil="true"></Line1>
          <Line2 xsi:nil="true"></Line2>
          <Line3 xsi:nil="true"></Line3>
          <Longitude xsi:nil="true"></Longitude>
          <Name xsi:nil="true"></Name>
          <PostalCode xsi:nil="true"></PostalCode>
          <PostOfficeBox xsi:nil="true"></PostOfficeBox>
          <PrimaryContactName xsi:nil="true"></PrimaryContactName>
          <ShippingMethodCode xsi:nil="true"></ShippingMethodCode>
          <StateOrProvince xsi:nil="true"></StateOrProvince>
          <Telephone1 xsi:nil="true"></Telephone1>
          <Telephone2 xsi:nil="true"></Telephone2>
          <Telephone3 xsi:nil="true"></Telephone3>
          <TimeZoneRuleVersionNumber xsi:nil="true"></TimeZoneRuleVersionNumber>
          <UPSZone xsi:nil="true"></UPSZone>
          <UTCOffset xsi:nil="true"></UTCOffset>
          <UTCConversionTimeZoneCode xsi:nil="true"></UTCConversionTimeZoneCode>
        </Address>
        <Address>
          <AddressNumber>2</AddressNumber>
          <AddressTypeCode xsi:nil="true"></AddressTypeCode>
          <City xsi:nil="true"></City>
          <County xsi:nil="true"></County>
          <Country xsi:nil="true"></Country>
          <Fax xsi:nil="true"></Fax>
          <FreightTermsCode xsi:nil="true"></FreightTermsCode>
          <ImportSequenceNumber xsi:nil="true"></ImportSequenceNumber>
          <Latitude xsi:nil="true"></Latitude>
          <Line1 xsi:nil="true"></Line1>
          <Line2 xsi:nil="true"></Line2>
          <Line3 xsi:nil="true"></Line3>
          <Longitude xsi:nil="true"></Longitude>
          <Name xsi:nil="true"></Name>
          <PostalCode xsi:nil="true"></PostalCode>
          <PostOfficeBox xsi:nil="true"></PostOfficeBox>
          <PrimaryContactName xsi:nil="true"></PrimaryContactName>
          <ShippingMethodCode xsi:nil="true"></ShippingMethodCode>
          <StateOrProvince xsi:nil="true"></StateOrProvince>
          <Telephone1 xsi:nil="true"></Telephone1>
          <Telephone2 xsi:nil="true"></Telephone2>
          <Telephone3 xsi:nil="true"></Telephone3>
          <TimeZoneRuleVersionNumber xsi:nil="true"></TimeZoneRuleVersionNumber>
          <UPSZone xsi:nil="true"></UPSZone>
          <UTCOffset xsi:nil="true"></UTCOffset>
          <UTCConversionTimeZoneCode xsi:nil="true"></UTCConversionTimeZoneCode>
        </Address>
      </Addresses>
    </Publisher>
    <RootComponents>
      <RootComponent type="1" schemaName="contact" behavior="0" />
      <RootComponent type="1" schemaName="cr85a_aowleeftijd" behavior="0" />
      <RootComponent type="1" schemaName="cr85a_aowuitkering" behavior="0" />
      <RootComponent type="1" schemaName="cr85a_authorizations" behavior="0" />
      <RootComponent type="1" schemaName="cr85a_authorizationtype" behavior="0" />
      <RootComponent type="1" schemaName="cr85a_autonumber" behavior="0" />
      <RootComponent type="1" schemaName="cr85a_behoefte" behavior="0" />
      <RootComponent type="1" schemaName="cr85a_behoefterelatie" behavior="0" />
      <RootComponent type="1" schemaName="cr85a_bezitschuldcode" behavior="0" />
      <RootComponent type="1" schemaName="cr85a_calculation" behavior="0" />
      <RootComponent type="1" schemaName="cr85a_calculationattachment" behavior="0" />
      <RootComponent type="1" schemaName="cr85a_calculationtoolsmenu" behavior="0" />
      <RootComponent type="1" schemaName="cr85a_case" behavior="0" />
      <RootComponent type="1" schemaName="cr85a_contactscaninformation" behavior="0" />
      <RootComponent type="1" schemaName="cr85a_customerjourney" behavior="0" />
      <RootComponent type="1" schemaName="cr85a_dossier" behavior="0" />
      <RootComponent type="1" schemaName="cr85a_draagkracht" behavior="0" />
      <RootComponent type="1" schemaName="cr85a_draagkrachtandbijstand" behavior="0" />
      <RootComponent type="1" schemaName="cr85a_draagkrachtkapa" behavior="0" />
      <RootComponent type="1" schemaName="cr85a_eigenwoningenhypotheek" behavior="0" />
      <RootComponent type="1" schemaName="cr85a_fictiefrendementbelasting" behavior="0" />
      <RootComponent type="1" schemaName="cr85a_fictiefrendementoverig" behavior="0" />
      <RootComponent type="1" schemaName="cr85a_fiscalegegevens" behavior="0" />
      <RootComponent type="1" schemaName="cr85a_flowtype" behavior="0" />
      <RootComponent type="1" schemaName="cr85a_gebruiker" behavior="0" />
      <RootComponent type="1" schemaName="cr85a_gegevenseigenwoningna" behavior="0" />
      <RootComponent type="1" schemaName="cr85a_gegevenszvw" behavior="0" />
      <RootComponent type="1" schemaName="cr85a_heffingskortingen" behavior="0" />
      <RootComponent type="1" schemaName="cr85a_hypotheek" behavior="0" />
      <RootComponent type="1" schemaName="cr85a_ibheffinglh" behavior="0" />
      <RootComponent type="1" schemaName="cr85a_inkbehfiscaal" behavior="0" />
      <RootComponent type="1" schemaName="cr85a_inkomen" behavior="0" />
      <RootComponent type="1" schemaName="cr85a_inkomenarbeid" behavior="0" />
      <RootComponent type="1" schemaName="cr85a_inkomenbelastspaarbelegbox3" behavior="0" />
      <RootComponent type="1" schemaName="cr85a_inkomenbelastwerkwoningbox1" behavior="0" />
      <RootComponent type="1" schemaName="cr85a_inkomensbelasting" behavior="0" />
      <RootComponent type="1" schemaName="cr85a_inkomenvermogenbox3" behavior="0" />
      <RootComponent type="1" schemaName="cr85a_invites" behavior="0" />
      <RootComponent type="1" schemaName="cr85a_kawerkelijkbedragkind" behavior="0" />
      <RootComponent type="1" schemaName="cr85a_kbswsf" behavior="0" />
      <RootComponent type="1" schemaName="cr85a_kgb" behavior="0" />
      <RootComponent type="1" schemaName="cr85a_kind" behavior="0" />
      <RootComponent type="1" schemaName="cr85a_kinderbijslag" behavior="0" />
      <RootComponent type="1" schemaName="cr85a_kostenkinderen" behavior="0" />
      <RootComponent type="1" schemaName="cr85a_methodebuijs" behavior="0" />
      <RootComponent type="1" schemaName="cr85a_minmax" behavior="0" />
      <RootComponent type="1" schemaName="cr85a_ouderentoeslagbox3" behavior="0" />
      <RootComponent type="1" schemaName="cr85a_outputbehoefte" behavior="0" />
      <RootComponent type="1" schemaName="cr85a_outputbehrelatie" behavior="0" />
      <RootComponent type="1" schemaName="cr85a_overonderbedeling" behavior="0" />
      <RootComponent type="1" schemaName="cr85a_ovginkomenlasten" behavior="0" />
      <RootComponent type="1" schemaName="cr85a_ovgsocuitkering" behavior="0" />
      <RootComponent type="1" schemaName="cr85a_partner" behavior="0" />
      <RootComponent type="1" schemaName="cr85a_partneralimentatie" behavior="0" />
      <RootComponent type="1" schemaName="cr85a_paymentlog" behavior="0" />
      <RootComponent type="1" schemaName="cr85a_paymentorders" behavior="0" />
      <RootComponent type="1" schemaName="cr85a_paymentvouchers" behavior="0" />
      <RootComponent type="1" schemaName="cr85a_pensioenuitkering" behavior="0" />
      <RootComponent type="1" schemaName="cr85a_percentage_test_baishali" behavior="0" />
      <RootComponent type="1" schemaName="cr85a_portemonnee" behavior="0" />
      <RootComponent type="1" schemaName="cr85a_relatie" behavior="0" />
      <RootComponent type="1" schemaName="cr85a_rs_draagkracht" behavior="0" />
      <RootComponent type="1" schemaName="cr85a_rs_fiscalegegevens" behavior="0" />
      <RootComponent type="1" schemaName="cr85a_scan" behavior="0" />
      <RootComponent type="1" schemaName="cr85a_tremakind" behavior="0" />
      <RootComponent type="1" schemaName="cr85a_tremarelatie" behavior="0" />
      <RootComponent type="1" schemaName="cr85a_vermogenna" behavior="0" />
      <RootComponent type="1" schemaName="cr85a_vermogenscomponent" behavior="0" />
      <RootComponent type="1" schemaName="cr85a_verpandingafkoop" behavior="0" />
      <RootComponent type="1" schemaName="cr85a_woning" behavior="0" />
      <RootComponent type="1" schemaName="cr85a_woonsituatiehuidig" behavior="0" />
      <RootComponent type="1" schemaName="cr85a_woonsituatienieuw" behavior="0" />
      <RootComponent type="1" schemaName="cr85a_wsf" behavior="0" />
      <RootComponent type="1" schemaName="cr85a_yellowsheetversion" behavior="0" />
      <RootComponent type="1" schemaName="cr85a_zorgkorting" behavior="0" />
      <RootComponent type="9" schemaName="cr85a_assetliabialitieall" behavior="0" />
      <RootComponent type="9" schemaName="cr85a_assetliabilitytype" behavior="0" />
      <RootComponent type="9" schemaName="cr85a_assetownertype" behavior="0" />
      <RootComponent type="9" schemaName="cr85a_assetregardinghousetype" behavior="0" />
      <RootComponent type="9" schemaName="cr85a_assettype" behavior="0" />
      <RootComponent type="9" schemaName="cr85a_authorizationstatus" behavior="0" />
      <RootComponent type="9" schemaName="cr85a_beforeorafteroption" behavior="0" />
      <RootComponent type="9" schemaName="cr85a_calculatedimportstype" behavior="0" />
      <RootComponent type="9" schemaName="cr85a_defaultyesno" behavior="0" />
      <RootComponent type="9" schemaName="cr85a_dossierstatus" behavior="0" />
      <RootComponent type="9" schemaName="cr85a_draagkrachttype" behavior="0" />
      <RootComponent type="9" schemaName="cr85a_entity" behavior="0" />
      <RootComponent type="9" schemaName="cr85a_frequencyholidaytype" behavior="0" />
      <RootComponent type="9" schemaName="cr85a_frequencypayment" behavior="0" />
      <RootComponent type="9" schemaName="cr85a_gender" behavior="0" />
      <RootComponent type="9" schemaName="cr85a_grossornettype" behavior="0" />
      <RootComponent type="9" schemaName="cr85a_houseafterdivorceoption" behavior="0" />
      <RootComponent type="9" schemaName="cr85a_housesituationad" behavior="0" />
      <RootComponent type="9" schemaName="cr85a_incomeafterdivorcetype" behavior="0" />
      <RootComponent type="9" schemaName="cr85a_incomeorcosttype" behavior="0" />
      <RootComponent type="9" schemaName="cr85a_incomeorigintype" behavior="0" />
      <RootComponent type="9" schemaName="cr85a_incomesource" behavior="0" />
      <RootComponent type="9" schemaName="cr85a_inkomenperiodetype" behavior="0" />
      <RootComponent type="9" schemaName="cr85a_isihckbeiden" behavior="0" />
      <RootComponent type="9" schemaName="cr85a_livingsituationtype" behavior="0" />
      <RootComponent type="9" schemaName="cr85a_otherassettype" behavior="0" />
      <RootComponent type="9" schemaName="cr85a_partneroption" behavior="0" />
      <RootComponent type="9" schemaName="cr85a_pledgedassetstatus" behavior="0" />
      <RootComponent type="9" schemaName="cr85a_pledgedassettype" behavior="0" />
      <RootComponent type="9" schemaName="cr85a_possessionafterdivorce" behavior="0" />
      <RootComponent type="9" schemaName="cr85a_possessiontype" behavior="0" />
      <RootComponent type="9" schemaName="cr85a_relationtype" behavior="0" />
      <RootComponent type="9" schemaName="cr85a_rolecode" behavior="0" />
      <RootComponent type="9" schemaName="cr85a_salarydocumenttype" behavior="0" />
      <RootComponent type="9" schemaName="cr85a_scanwoonsituation" behavior="0" />
      <RootComponent type="9" schemaName="cr85a_sharedprivate" behavior="0" />
      <RootComponent type="9" schemaName="cr85a_situationafterdivorcetype" behavior="0" />
      <RootComponent type="9" schemaName="cr85a_studentgrants" behavior="0" />
      <RootComponent type="9" schemaName="cr85a_typeinformationloan" behavior="0" />
      <RootComponent type="9" schemaName="cr85a_typeofeducation" behavior="0" />
      <RootComponent type="9" schemaName="cr85a_userstatus" behavior="0" />
      <RootComponent type="9" schemaName="cr85a_walletsubtype" behavior="0" />
      <RootComponent type="9" schemaName="cr85a_wallettype" behavior="0" />
      <RootComponent type="61" schemaName="cr85a_/icons/logo.png" behavior="0" />
      <RootComponent type="61" schemaName="cr85a_/icons/yellowSheet.svg" behavior="0" />
      <RootComponent type="61" schemaName="cr85a_/icons/yellowSheet16.png" behavior="0" />
      <RootComponent type="61" schemaName="cr85a_/icons/yellowSheet32.png" behavior="0" />
    </RootComponents>
    <MissingDependencies>
      <MissingDependency>
        <Required type="1" schemaName="adx_bpf_c2857b638fa7473d8e2f112c232cebd8" displayName="Change Password for Portals Contact" solution="MicrosoftIdentity (9.2.2103.1)">
          <package>CDSBasePortal (9.3.2109.20)</package>
        </Required>
        <Dependent type="1" schemaName="contact" displayName="Contact" />
      </MissingDependency>
      <MissingDependency>
        <Required type="1" schemaName="adx_externalidentity" displayName="External Identity" solution="MicrosoftIdentity (9.2.2103.1)">
          <package>CDSBasePortal (9.3.2109.20)</package>
        </Required>
        <Dependent type="1" schemaName="contact" displayName="Contact" />
      </MissingDependency>
      <MissingDependency>
        <Required type="1" schemaName="adx_invitation" displayName="Invitation" solution="MicrosoftPortalBase (9.2.2103.1)">
          <package>CDSBasePortal (9.3.2109.20)</package>
        </Required>
        <Dependent type="1" schemaName="contact" displayName="Contact" />
      </MissingDependency>
      <MissingDependency>
        <Required type="1" schemaName="adx_pagealert" displayName="Page Alert" solution="MicrosoftPortalBase (9.2.2103.1)">
          <package>CDSBasePortal (9.3.2109.20)</package>
        </Required>
        <Dependent type="1" schemaName="contact" displayName="Contact" />
      </MissingDependency>
      <MissingDependency>
        <Required type="1" schemaName="adx_pagenotification" displayName="Page Notification" solution="MicrosoftPortalBase (9.2.2103.1)">
          <package>CDSBasePortal (9.3.2109.20)</package>
        </Required>
        <Dependent type="1" schemaName="contact" displayName="Contact" />
      </MissingDependency>
      <MissingDependency>
        <Required type="1" schemaName="adx_pollsubmission" displayName="Poll Submission" solution="MicrosoftPortalBase (9.2.2103.1)">
          <package>CDSBasePortal (9.3.2109.20)</package>
        </Required>
        <Dependent type="1" schemaName="contact" displayName="Contact" />
      </MissingDependency>
      <MissingDependency>
        <Required type="1" schemaName="adx_portallanguage" displayName="Portal Language" solution="MicrosoftPortalBase (9.2.2103.1)">
          <package>CDSBasePortal (9.3.2109.20)</package>
        </Required>
        <Dependent type="10" schemaName="adx_portallanguage_contact" displayName="adx_portallanguage_contact" parentSchemaName="adx_portallanguage" parentDisplayName="Portal Language" />
      </MissingDependency>
      <MissingDependency>
        <Required type="1" schemaName="adx_webfilelog" displayName="Web File Log" solution="MicrosoftPortalBase (9.2.2103.1)">
          <package>CDSBasePortal (9.3.2109.20)</package>
        </Required>
        <Dependent type="1" schemaName="contact" displayName="Contact" />
      </MissingDependency>
      <MissingDependency>
        <Required type="1" schemaName="adx_webformsession" displayName="Advanced Form Session" solution="MicrosoftPortalWebForms (9.2.2108.0)">
          <package>CDSBasePortal (9.3.2109.20)</package>
        </Required>
        <Dependent type="1" schemaName="contact" displayName="Contact" />
      </MissingDependency>
      <MissingDependency>
        <Required type="1" schemaName="adx_webpage" displayName="Web Page" solution="MicrosoftPortalDependencies (9.2.2103.0)">
          <package>CDSBasePortal (9.3.2109.20)</package>
        </Required>
        <Dependent type="1" schemaName="contact" displayName="Contact" />
      </MissingDependency>
      <MissingDependency>
        <Required type="1" schemaName="adx_webpagehistory" displayName="Web Page History" solution="MicrosoftPortalBase (9.2.2103.1)">
          <package>CDSBasePortal (9.3.2109.20)</package>
        </Required>
        <Dependent type="1" schemaName="contact" displayName="Contact" />
      </MissingDependency>
      <MissingDependency>
        <Required type="1" schemaName="adx_webpagelog" displayName="Web Page Log" solution="MicrosoftPortalBase (9.2.2103.1)">
          <package>CDSBasePortal (9.3.2109.20)</package>
        </Required>
        <Dependent type="1" schemaName="contact" displayName="Contact" />
      </MissingDependency>
      <MissingDependency>
        <Required type="10" schemaName="msa_contact_managingpartner" displayName="msa_contact_managingpartner" parentSchemaName="account" parentDisplayName="Account" solution="MicrosoftPortalDependencies (9.2.2103.0)">
          <package>CDSBasePortal (9.3.2109.20)</package>
        </Required>
        <Dependent type="10" schemaName="msa_contact_managingpartner" displayName="msa_contact_managingpartner" parentSchemaName="account" parentDisplayName="Account" />
      </MissingDependency>
      <MissingDependency>
        <Required type="10" schemaName="msa_contact_managingpartner" displayName="msa_contact_managingpartner" parentSchemaName="account" parentDisplayName="Account" solution="MicrosoftPortalDependencies (9.2.2103.0)">
          <package>CDSBasePortal (9.3.2109.20)</package>
        </Required>
        <Dependent type="2" schemaName="msa_managingpartneridname" parentSchemaName="contact" parentDisplayName="Contact" />
      </MissingDependency>
      <MissingDependency>
        <Required type="10" schemaName="msa_contact_managingpartner" displayName="msa_contact_managingpartner" parentSchemaName="account" parentDisplayName="Account" solution="MicrosoftPortalDependencies (9.2.2103.0)">
          <package>CDSBasePortal (9.3.2109.20)</package>
        </Required>
        <Dependent type="2" schemaName="msa_managingpartneridyominame" parentSchemaName="contact" parentDisplayName="Contact" />
      </MissingDependency>
      <MissingDependency>
        <Required type="10" schemaName="adx_invitation_invitecontacts" displayName="adx_invitation_invitecontacts" parentSchemaName="adx_invitation" parentDisplayName="Invitation" solution="MicrosoftPortalBase (9.2.2103.1)">
          <package>CDSBasePortal (9.3.2109.20)</package>
        </Required>
        <Dependent type="10" schemaName="adx_invitation_invitecontacts" displayName="adx_invitation_invitecontacts" parentSchemaName="adx_invitation" parentDisplayName="Invitation" />
      </MissingDependency>
      <MissingDependency>
        <Required type="10" schemaName="adx_invitation_redeemedcontacts" displayName="adx_invitation_redeemedcontacts" parentSchemaName="adx_invitation" parentDisplayName="Invitation" solution="MicrosoftPortalBase (9.2.2103.1)">
          <package>CDSBasePortal (9.3.2109.20)</package>
        </Required>
        <Dependent type="10" schemaName="adx_invitation_redeemedcontacts" displayName="adx_invitation_redeemedcontacts" parentSchemaName="adx_invitation" parentDisplayName="Invitation" />
      </MissingDependency>
      <MissingDependency>
        <Required type="10" schemaName="adx_portallanguage_contact" displayName="adx_portallanguage_contact" parentSchemaName="adx_portallanguage" parentDisplayName="Portal Language" solution="MicrosoftPortalBase (9.2.2103.1)">
          <package>CDSBasePortal (9.3.2109.20)</package>
        </Required>
        <Dependent type="10" schemaName="adx_portallanguage_contact" displayName="adx_portallanguage_contact" parentSchemaName="adx_portallanguage" parentDisplayName="Portal Language" />
      </MissingDependency>
      <MissingDependency>
        <Required type="10" schemaName="adx_portallanguage_contact" displayName="adx_portallanguage_contact" parentSchemaName="adx_portallanguage" parentDisplayName="Portal Language" solution="MicrosoftPortalBase (9.2.2103.1)">
          <package>CDSBasePortal (9.3.2109.20)</package>
        </Required>
        <Dependent type="2" schemaName="adx_preferredlanguageidname" parentSchemaName="contact" parentDisplayName="Contact" />
      </MissingDependency>
      <MissingDependency>
        <Required type="10" schemaName="adx_webrole_contact" displayName="adx_webrole_contact" parentSchemaName="adx_webrole" parentDisplayName="Web Role" solution="MicrosoftPortalDependencies (9.2.2103.0)">
          <package>CDSBasePortal (9.3.2109.20)</package>
        </Required>
        <Dependent type="10" schemaName="adx_webrole_contact" displayName="adx_webrole_contact" parentSchemaName="adx_webrole" parentDisplayName="Web Role" />
      </MissingDependency>
      <MissingDependency>
        <Required type="2" schemaName="adx_name" displayName="Name" parentSchemaName="adx_portallanguage" parentDisplayName="Portal Language" solution="MicrosoftPortalBase (9.2.2103.1)">
          <package>CDSBasePortal (9.3.2109.20)</package>
        </Required>
        <Dependent type="10" schemaName="adx_portallanguage_contact" displayName="adx_portallanguage_contact" parentSchemaName="adx_portallanguage" parentDisplayName="Portal Language" />
      </MissingDependency>
      <MissingDependency>
        <Required type="2" schemaName="adx_portallanguageid" displayName="Portal Language" parentSchemaName="adx_portallanguage" parentDisplayName="Portal Language" solution="MicrosoftPortalBase (9.2.2103.1)">
          <package>CDSBasePortal (9.3.2109.20)</package>
        </Required>
        <Dependent type="10" schemaName="adx_portallanguage_contact" displayName="adx_portallanguage_contact" parentSchemaName="adx_portallanguage" parentDisplayName="Portal Language" />
      </MissingDependency>
      <MissingDependency>
        <Required type="2" schemaName="adx_preferredlanguageid" displayName="Preferred Language" parentSchemaName="contact" parentDisplayName="Contact" solution="MicrosoftPortalBase (9.2.2103.1)">
          <package>CDSBasePortal (9.3.2109.20)</package>
        </Required>
        <Dependent type="10" schemaName="adx_portallanguage_contact" displayName="adx_portallanguage_contact" parentSchemaName="adx_portallanguage" parentDisplayName="Portal Language" />
      </MissingDependency>
      <MissingDependency>
        <Required type="2" schemaName="msa_managingpartnerid" displayName="Managing Partner" parentSchemaName="contact" parentDisplayName="Contact" solution="MicrosoftPortalDependencies (9.2.2103.0)">
          <package>CDSBasePortal (9.3.2109.20)</package>
        </Required>
        <Dependent type="2" schemaName="parentcustomerid" displayName="Company Name" parentSchemaName="contact" parentDisplayName="Contact" />
      </MissingDependency>
      <MissingDependency>
        <Required type="60" displayName="Contact" parentDisplayName="Contact" solution="msdynce_AppCommon (9.0.4.0066)" id="{1fed44d1-ae68-4a41-bd2b-f13acac4acfa}">
          <package>msdynce_AppCommonAnchor (9.0.21111.10001)</package>
        </Required>
        <Dependent type="60" displayName="Contact" parentDisplayName="Contact" id="{1fed44d1-ae68-4a41-bd2b-f13acac4acfa}" />
      </MissingDependency>
      <MissingDependency>
        <Required type="61" schemaName="msa_portalmanagement/scripts/jquery.validate.min.js" displayName="msa_portalmanagement/scripts/jquery.validate.min.js" solution="MicrosoftPortalWebForms (9.2.2108.0)">
          <package>CDSBasePortal (9.3.2109.20)</package>
        </Required>
        <Dependent type="60" displayName=" CalcTool Main" parentDisplayName="Residential Before Divorce" id="{0548c7be-d187-eb11-a812-0022487fac64}" />
      </MissingDependency>
      <MissingDependency>
        <Required type="66" schemaName="MscrmControls.Canvas.CanvasControl" displayName="MscrmControls.Canvas.CanvasControl" solution="BaseCustomControlsCore (9.0.2111.2010)" />
        <Dependent type="60" displayName="Information" parentDisplayName="Assets And Liabilities" id="{f97a275e-5939-4868-aec7-1854507a29c3}" />
      </MissingDependency>
      <MissingDependency>
        <Required type="66" schemaName="MscrmControls.Grid.GridControl" displayName="MscrmControls.Grid.GridControl" solution="BaseCustomControlsCore (9.0.2111.2010)" />
        <Dependent type="60" displayName="Information" parentDisplayName="Yellow Sheet Version" id="{02a153b2-bdee-46fc-b281-a075eb35c02a}" />
      </MissingDependency>
      <MissingDependency>
        <Required type="9" schemaName="cr63b_zorgkorting" displayName="Zorgkorting" solution="Active" />
        <Dependent type="2" schemaName="cr85a_zorgkortinggebruikerkindchoice" displayName="ZorgkortingGebruikerKindChoice" parentSchemaName="cr85a_tremakind" parentDisplayName="TremaKind" />
      </MissingDependency>
      <MissingDependency>
        <Required type="9" schemaName="cr63b_zorgkorting" displayName="Zorgkorting" solution="Active" />
        <Dependent type="2" schemaName="cr85a_zorgkortingpartnerkindchoice" displayName="ZorgkortingPartnerKindChoice" parentSchemaName="cr85a_tremakind" parentDisplayName="TremaKind" />
      </MissingDependency>
    </MissingDependencies>
  </SolutionManifest>
</ImportExportXml>