{"properties":{"connectionReferences":{"shared_commondataservice":{"runtimeSource":"invoker","connection":{"connectionReferenceLogicalName":"cr85a_sharedcommondataservice_366cd"},"api":{"name":"shared_commondataservice"}},"shared_commondataserviceforapps":{"runtimeSource":"embedded","connection":{"connectionReferenceLogicalName":"cr85a_sharedcommondataserviceforapps_eef4d"},"api":{"name":"shared_commondataserviceforapps"}}},"definition":{"$schema":"https://schema.management.azure.com/providers/Microsoft.Logic/schemas/2016-06-01/workflowdefinition.json#","contentVersion":"1.0.0.0","parameters":{"$connections":{"defaultValue":{},"type":"Object"},"$authentication":{"defaultValue":{},"type":"SecureObject"}},"triggers":{"manual":{"splitOn":"@triggerBody()['rows']","metadata":{"operationMetadataId":"b80c6d2d-aac4-450c-835e-c17c1ffc993a"},"type":"Request","kind":"ApiConnection","inputs":{"schema":{"type":"object","properties":{"rows":{"type":"array","items":{"type":"object","properties":{"entity":{"type":"object","properties":{"cr85a_yellowsheetversionid":{"title":"YellowSheetVersion","type":"string","format":"guid"}},"required":["cr85a_yellowsheetversionid"]}},"required":["entity"]}}},"required":["rows"]},"host":{"connection":{"name":"@parameters('$connections')['shared_commondataservice']['connectionId']"}},"operationId":"GetOnNewItems_V2","parameters":{"dataset":"default.cds","table":"cr85a_yellowsheetversions"}}}},"actions":{"Get_a_row_by_ID_-_Yellow_Sheet_Version":{"runAfter":{},"metadata":{"operationMetadataId":"534c7e58-6808-4acd-8692-ddf570079fc0"},"type":"OpenApiConnection","inputs":{"host":{"connectionName":"shared_commondataserviceforapps","operationId":"GetItem","apiId":"/providers/Microsoft.PowerApps/apis/shared_commondataserviceforapps"},"parameters":{"entityName":"cr85a_yellowsheetversions","recordId":"@triggerBody()?['entity']?['cr85a_yellowsheetversionid']"},"authentication":{"type":"Raw","value":"@json(decodeBase64(triggerOutputs().headers['X-MS-APIM-Tokens']))['$ConnectionKey']"}}},"List_rows_-_Bezit_Schuld_Codes":{"runAfter":{"Add_a_new_row_-_Yellow_Sheet_Version":["Succeeded"]},"metadata":{"operationMetadataId":"5bc9ed97-0aa1-4685-9631-08df999e5f42"},"type":"OpenApiConnection","inputs":{"host":{"connectionName":"shared_commondataserviceforapps","operationId":"ListRecords","apiId":"/providers/Microsoft.PowerApps/apis/shared_commondataserviceforapps"},"parameters":{"entityName":"cr85a_bezitschuldcodes","$filter":"(_cr85a_yellowsheetversionid_value eq @{outputs('Get_a_row_by_ID_-_Yellow_Sheet_Version')?['body/cr85a_yellowsheetversionid']})"},"authentication":{"type":"Raw","value":"@json(decodeBase64(triggerOutputs().headers['X-MS-APIM-Tokens']))['$ConnectionKey']"}}},"Apply_to_each_-_Bezit_Schuld_Codes":{"foreach":"@outputs('List_rows_-_Bezit_Schuld_Codes')?['body/value']","actions":{"Add_a_new_row_-_Bezit_Schuld_Codes":{"runAfter":{},"metadata":{"operationMetadataId":"82602f35-02e4-42a4-83b1-e995197483fe"},"type":"OpenApiConnection","inputs":{"host":{"connectionName":"shared_commondataserviceforapps","operationId":"CreateRecord","apiId":"/providers/Microsoft.PowerApps/apis/shared_commondataserviceforapps"},"parameters":{"entityName":"cr85a_bezitschuldcodes","item/cr85a_assetliabilitytype":"@items('Apply_to_each_-_Bezit_Schuld_Codes')?['cr85a_assetliabilitytype']","item/cr85a_identifier":"@items('Apply_to_each_-_Bezit_Schuld_Codes')?['cr85a_identifier']","item/cr85a_type":"@items('Apply_to_each_-_Bezit_Schuld_Codes')?['cr85a_type']","item/cr85a_code":"@items('Apply_to_each_-_Bezit_Schuld_Codes')?['cr85a_code']","item/cr85a_ispledged":"@items('Apply_to_each_-_Bezit_Schuld_Codes')?['cr85a_ispledged']","item/cr85a_YellowSheetVersionId@odata.bind":"cr85a_yellowsheetversions(@{outputs('Add_a_new_row_-_Yellow_Sheet_Version')?['body/cr85a_yellowsheetversionid']})"},"authentication":{"type":"Raw","value":"@json(decodeBase64(triggerOutputs().headers['X-MS-APIM-Tokens']))['$ConnectionKey']"}}}},"runAfter":{"List_rows_-_Bezit_Schuld_Codes":["Succeeded"]},"metadata":{"operationMetadataId":"d4b345de-484a-47b3-b389-e9ec2ac3c756"},"type":"Foreach"},"List_rows_-_MinMaxes":{"runAfter":{"Apply_to_each_-_Bezit_Schuld_Codes":["Succeeded"]},"metadata":{"operationMetadataId":"5f66c8b4-2971-4daf-ac50-4a86659a03dc"},"type":"OpenApiConnection","inputs":{"host":{"connectionName":"shared_commondataserviceforapps","operationId":"ListRecords","apiId":"/providers/Microsoft.PowerApps/apis/shared_commondataserviceforapps"},"parameters":{"entityName":"cr85a_minmaxes","$filter":"(_cr85a_yellowsheetversionid_value eq @{outputs('Get_a_row_by_ID_-_Yellow_Sheet_Version')?['body/cr85a_yellowsheetversionid']})"},"authentication":{"type":"Raw","value":"@json(decodeBase64(triggerOutputs().headers['X-MS-APIM-Tokens']))['$ConnectionKey']"}}},"Apply_to_each_-_MinMaxes":{"foreach":"@outputs('List_rows_-_MinMaxes')?['body/value']","actions":{"Add_a_new_row_-_MinMaxes":{"runAfter":{},"metadata":{"operationMetadataId":"758c325b-3598-4323-b723-41a9f4890caa"},"type":"OpenApiConnection","inputs":{"host":{"connectionName":"shared_commondataserviceforapps","operationId":"CreateRecord","apiId":"/providers/Microsoft.PowerApps/apis/shared_commondataserviceforapps"},"parameters":{"entityName":"cr85a_minmaxes","item/cr85a_aantnachtoudbrpmin":"@items('Apply_to_each_-_MinMaxes')?['cr85a_aantnachtoudbrpmin']","item/cr85a_afwwrdewmax":"@items('Apply_to_each_-_MinMaxes')?['cr85a_afwwrdewmax']","item/cr85a_afwwrdewmin":"@items('Apply_to_each_-_MinMaxes')?['cr85a_afwwrdewmin']","item/cr85a_berdtmax":"@items('Apply_to_each_-_MinMaxes')?['cr85a_berdtmax']","item/cr85a_berdtmin":"@items('Apply_to_each_-_MinMaxes')?['cr85a_berdtmin']","item/cr85a_dateversion":"@items('Apply_to_each_-_MinMaxes')?['cr85a_dateversion']","item/cr85a_gratisinkgrensmk":"@items('Apply_to_each_-_MinMaxes')?['cr85a_gratisinkgrensmk']","item/cr85a_gratisinkgrenszk":"@items('Apply_to_each_-_MinMaxes')?['cr85a_gratisinkgrenszk']","item/cr85a_gratisvermgrens":"@items('Apply_to_each_-_MinMaxes')?['cr85a_gratisvermgrens']","item/cr85a_lftkindgrkbs":"@items('Apply_to_each_-_MinMaxes')?['cr85a_lftkindgrkbs']","item/cr85a_lftkindgrkbsmbo":"@items('Apply_to_each_-_MinMaxes')?['cr85a_lftkindgrkbsmbo']","item/cr85a_maxgbdt":"@items('Apply_to_each_-_MinMaxes')?['cr85a_maxgbdt']","item/cr85a_maxgebrduur":"@items('Apply_to_each_-_MinMaxes')?['cr85a_maxgebrduur']","item/cr85a_mingbdtknd":"@items('Apply_to_each_-_MinMaxes')?['cr85a_mingbdtknd']","item/cr85a_mingbdtvw":"@items('Apply_to_each_-_MinMaxes')?['cr85a_mingbdtvw']","item/cr85a_minwoz":"@items('Apply_to_each_-_MinMaxes')?['cr85a_minwoz']","item/cr85a_perchyprtmax":"@items('Apply_to_each_-_MinMaxes')?['cr85a_perchyprtmax']","item/cr85a_perchyprtmin":"@items('Apply_to_each_-_MinMaxes')?['cr85a_perchyprtmin']","item/cr85a_perckamin1":"@items('Apply_to_each_-_MinMaxes')?['cr85a_perckamin1']","item/cr85a_perckamin2":"@items('Apply_to_each_-_MinMaxes')?['cr85a_perckamin2']","item/cr85a_perckamin3":"@items('Apply_to_each_-_MinMaxes')?['cr85a_perckamin3']","item/cr85a_perckaplus1":"@items('Apply_to_each_-_MinMaxes')?['cr85a_perckaplus1']","item/cr85a_perckaplus2":"@items('Apply_to_each_-_MinMaxes')?['cr85a_perckaplus2']","item/cr85a_perckaplus3":"@items('Apply_to_each_-_MinMaxes')?['cr85a_perckaplus3']","item/cr85a_percpamin1":"@items('Apply_to_each_-_MinMaxes')?['cr85a_percpamin1']","item/cr85a_percpamin2":"@items('Apply_to_each_-_MinMaxes')?['cr85a_percpamin2']","item/cr85a_percpamin3":"@items('Apply_to_each_-_MinMaxes')?['cr85a_percpamin3']","item/cr85a_percpaplus1":"@items('Apply_to_each_-_MinMaxes')?['cr85a_percpaplus1']","item/cr85a_percpaplus2":"@items('Apply_to_each_-_MinMaxes')?['cr85a_percpaplus2']","item/cr85a_percpaplus3":"@items('Apply_to_each_-_MinMaxes')?['cr85a_percpaplus3']","item/cr85a_YellowSheetVersionId@odata.bind":"cr85a_yellowsheetversions(@{outputs('Add_a_new_row_-_Yellow_Sheet_Version')?['body/cr85a_yellowsheetversionid']})"},"authentication":{"type":"Raw","value":"@json(decodeBase64(triggerOutputs().headers['X-MS-APIM-Tokens']))['$ConnectionKey']"}}}},"runAfter":{"List_rows_-_MinMaxes":["Succeeded"]},"metadata":{"operationMetadataId":"4644329d-7416-481d-bc82-0fad2fae351d"},"type":"Foreach"},"List_rows_-_Inkomens_Belasting":{"runAfter":{"Apply_to_each_-_MinMaxes":["Succeeded"]},"metadata":{"operationMetadataId":"d0c8d01a-f2a4-472d-aeae-afab8570c185"},"type":"OpenApiConnection","inputs":{"host":{"connectionName":"shared_commondataserviceforapps","operationId":"ListRecords","apiId":"/providers/Microsoft.PowerApps/apis/shared_commondataserviceforapps"},"parameters":{"entityName":"cr85a_inkomensbelastings","$filter":"(_cr85a_yellowsheetversionid_value eq @{outputs('Get_a_row_by_ID_-_Yellow_Sheet_Version')?['body/cr85a_yellowsheetversionid']})"},"authentication":{"type":"Raw","value":"@json(decodeBase64(triggerOutputs().headers['X-MS-APIM-Tokens']))['$ConnectionKey']"}}},"Apply_to_each_-_Inkomens_Belasting":{"foreach":"@outputs('List_rows_-_Inkomens_Belasting')?['body/value']","actions":{"Add_a_new_row_-_Inkomens_Belasting":{"runAfter":{},"metadata":{"operationMetadataId":"cf22d47a-41c4-4133-b46f-107bf65dfdee"},"type":"OpenApiConnection","inputs":{"host":{"connectionName":"shared_commondataserviceforapps","operationId":"CreateRecord","apiId":"/providers/Microsoft.PowerApps/apis/shared_commondataserviceforapps"},"parameters":{"entityName":"cr85a_inkomensbelastings","item/cr85a_aow":"@items('Apply_to_each_-_Inkomens_Belasting')?['cr85a_aow']","item/cr85a_inkomen":"@items('Apply_to_each_-_Inkomens_Belasting')?['cr85a_inkomen']","item/cr85a_percentage":"@items('Apply_to_each_-_Inkomens_Belasting')?['cr85a_percentage']","item/cr85a_YellowSheetVersionId@odata.bind":"cr85a_yellowsheetversions(@{outputs('Add_a_new_row_-_Yellow_Sheet_Version')?['body/cr85a_yellowsheetversionid']})"},"authentication":{"type":"Raw","value":"@json(decodeBase64(triggerOutputs().headers['X-MS-APIM-Tokens']))['$ConnectionKey']"}}}},"runAfter":{"List_rows_-_Inkomens_Belasting":["Succeeded"]},"metadata":{"operationMetadataId":"40053a86-b6d0-478b-b78f-7303365ab56e"},"type":"Foreach"},"List_rows_-_Heffingskortingen":{"runAfter":{"Apply_to_each_-_Inkomens_Belasting":["Succeeded"]},"metadata":{"operationMetadataId":"faa06dbe-c0e6-465b-af56-b1c5519fbba9"},"type":"OpenApiConnection","inputs":{"host":{"connectionName":"shared_commondataserviceforapps","operationId":"ListRecords","apiId":"/providers/Microsoft.PowerApps/apis/shared_commondataserviceforapps"},"parameters":{"entityName":"cr85a_heffingskortingens","$filter":"(_cr85a_yellowsheetversionid_value eq @{outputs('Get_a_row_by_ID_-_Yellow_Sheet_Version')?['body/cr85a_yellowsheetversionid']})"},"authentication":{"type":"Raw","value":"@json(decodeBase64(triggerOutputs().headers['X-MS-APIM-Tokens']))['$ConnectionKey']"}}},"Apply_to_each_-_Heffingskortingen":{"foreach":"@outputs('List_rows_-_Heffingskortingen')?['body/value']","actions":{"Add_a_new_row_-_Heffingskortingen":{"runAfter":{},"metadata":{"operationMetadataId":"477aa26b-9c2b-436f-a384-6e60293baa97"},"type":"OpenApiConnection","inputs":{"host":{"connectionName":"shared_commondataserviceforapps","operationId":"CreateRecord","apiId":"/providers/Microsoft.PowerApps/apis/shared_commondataserviceforapps"},"parameters":{"entityName":"cr85a_heffingskortingens","item/cr85a_algemeneheffk":"@items('Apply_to_each_-_Heffingskortingen')?['cr85a_algemeneheffk']","item/cr85a_alleenstouderenkorting":"@items('Apply_to_each_-_Heffingskortingen')?['cr85a_alleenstouderenkorting']","item/cr85a_aow":"@items('Apply_to_each_-_Heffingskortingen')?['cr85a_aow']","item/cr85a_arbeidsk1max":"@items('Apply_to_each_-_Heffingskortingen')?['cr85a_arbeidsk1max']","item/cr85a_arbeidsk1perc":"@items('Apply_to_each_-_Heffingskortingen')?['cr85a_arbeidsk1perc']","item/cr85a_arbeidsk1schijf":"@items('Apply_to_each_-_Heffingskortingen')?['cr85a_arbeidsk1schijf']","item/cr85a_arbeidsk2max":"@items('Apply_to_each_-_Heffingskortingen')?['cr85a_arbeidsk2max']","item/cr85a_arbeidsk2perc":"@items('Apply_to_each_-_Heffingskortingen')?['cr85a_arbeidsk2perc']","item/cr85a_arbeidsk2schijf":"@items('Apply_to_each_-_Heffingskortingen')?['cr85a_arbeidsk2schijf']","item/cr85a_arbeidsk3perc":"@items('Apply_to_each_-_Heffingskortingen')?['cr85a_arbeidsk3perc']","item/cr85a_arbeidsk3schijf":"@items('Apply_to_each_-_Heffingskortingen')?['cr85a_arbeidsk3schijf']","item/cr85a_arbeidsk4perc":"@items('Apply_to_each_-_Heffingskortingen')?['cr85a_arbeidsk4perc']","item/cr85a_arbeidsk4schijf":"@items('Apply_to_each_-_Heffingskortingen')?['cr85a_arbeidsk4schijf']","item/cr85a_inkomensgrensouderenkorting":"@items('Apply_to_each_-_Heffingskortingen')?['cr85a_inkomensgrensouderenkorting']","item/cr85a_inkverlagingalgemeneheffk":"@items('Apply_to_each_-_Heffingskortingen')?['cr85a_inkverlagingalgemeneheffk']","item/cr85a_kindgebbudgetallstouderkop":"@items('Apply_to_each_-_Heffingskortingen')?['cr85a_kindgebbudgetallstouderkop']","item/cr85a_kindgebbudgetgrens":"@items('Apply_to_each_-_Heffingskortingen')?['cr85a_kindgebbudgetgrens']","item/cr85a_kindgebbudgetinkprtnr":"@items('Apply_to_each_-_Heffingskortingen')?['cr85a_kindgebbudgetinkprtnr']","item/cr85a_kindgebbudgetkind12tot16":"@items('Apply_to_each_-_Heffingskortingen')?['cr85a_kindgebbudgetkind12tot16']","item/cr85a_kindgebbudgetkind16tot18":"@items('Apply_to_each_-_Heffingskortingen')?['cr85a_kindgebbudgetkind16tot18']","item/cr85a_kindgebbudgetlftgrens1":"@items('Apply_to_each_-_Heffingskortingen')?['cr85a_kindgebbudgetlftgrens1']","item/cr85a_kindgebbudgetlftgrens2":"@items('Apply_to_each_-_Heffingskortingen')?['cr85a_kindgebbudgetlftgrens2']","item/cr85a_kindgebbudgetperc":"@items('Apply_to_each_-_Heffingskortingen')?['cr85a_kindgebbudgetperc']","item/cr85a_kindgebbudgettoeslextrakind":"@items('Apply_to_each_-_Heffingskortingen')?['cr85a_kindgebbudgettoeslextrakind']","item/cr85a_kindgebbudgetvermtoets":"@items('Apply_to_each_-_Heffingskortingen')?['cr85a_kindgebbudgetvermtoets']","item/cr85a_kindgebbudgetvermvrij":"@items('Apply_to_each_-_Heffingskortingen')?['cr85a_kindgebbudgetvermvrij']","item/cr85a_leeftijdsgrensinkafhcombk":"@items('Apply_to_each_-_Heffingskortingen')?['cr85a_leeftijdsgrensinkafhcombk']","item/cr85a_leeftijdsgrensmeerderj":"@items('Apply_to_each_-_Heffingskortingen')?['cr85a_leeftijdsgrensmeerderj']","item/cr85a_maxcombk":"@items('Apply_to_each_-_Heffingskortingen')?['cr85a_maxcombk']","item/cr85a_minaantdgcombkcoouder":"@items('Apply_to_each_-_Heffingskortingen')?['cr85a_minaantdgcombkcoouder']","item/cr85a_minalgemeneheffk":"@items('Apply_to_each_-_Heffingskortingen')?['cr85a_algemeneheffk']","item/cr85a_mincombk":"@items('Apply_to_each_-_Heffingskortingen')?['cr85a_mincombk']","item/cr85a_mininkcombk":"@items('Apply_to_each_-_Heffingskortingen')?['cr85a_mininkcombk']","item/cr85a_ouderenkorting":"@items('Apply_to_each_-_Heffingskortingen')?['cr85a_ouderenkorting']","item/cr85a_ouderenkortingafbouwperc":"@items('Apply_to_each_-_Heffingskortingen')?['cr85a_ouderenkortingafbouwperc']","item/cr85a_percextrainkcombk":"@items('Apply_to_each_-_Heffingskortingen')?['cr85a_percextrainkcombk']","item/cr85a_percoverdralgheffk":"@items('Apply_to_each_-_Heffingskortingen')?['cr85a_percoverdralgheffk']","item/cr85a_percverlagingalgemeneheffk":"@items('Apply_to_each_-_Heffingskortingen')?['cr85a_percverlagingalgemeneheffk']","item/cr85a_YellowSheetVersionId@odata.bind":"cr85a_yellowsheetversions(@{outputs('Add_a_new_row_-_Yellow_Sheet_Version')?['body/cr85a_yellowsheetversionid']})"},"authentication":{"type":"Raw","value":"@json(decodeBase64(triggerOutputs().headers['X-MS-APIM-Tokens']))['$ConnectionKey']"}}}},"runAfter":{"List_rows_-_Heffingskortingen":["Succeeded"]},"metadata":{"operationMetadataId":"c9cf58c6-0b04-460c-9d1f-2746f0973fa6"},"type":"Foreach"},"List_rows_-_Eigen_woning_en_hypotheek":{"runAfter":{"Apply_to_each_-_Heffingskortingen":["Succeeded"]},"metadata":{"operationMetadataId":"6ade5a00-a187-4177-9eaf-6921179995c2"},"type":"OpenApiConnection","inputs":{"host":{"connectionName":"shared_commondataserviceforapps","operationId":"ListRecords","apiId":"/providers/Microsoft.PowerApps/apis/shared_commondataserviceforapps"},"parameters":{"entityName":"cr85a_eigenwoningenhypotheeks","$filter":"(_cr85a_yellowsheetversionid_value eq @{outputs('Get_a_row_by_ID_-_Yellow_Sheet_Version')?['body/cr85a_yellowsheetversionid']})"},"authentication":{"type":"Raw","value":"@json(decodeBase64(triggerOutputs().headers['X-MS-APIM-Tokens']))['$ConnectionKey']"}}},"Apply_to_each_-_Eigen_woning_en_hypotheek":{"foreach":"@outputs('List_rows_-_Eigen_woning_en_hypotheek')?['body/value']","actions":{"Add_a_new_row_-_Eigen_woning_en_hypotheek":{"runAfter":{},"metadata":{"operationMetadataId":"480d5d5f-9d28-4583-88c2-fb5fbc1c75b9"},"type":"OpenApiConnection","inputs":{"host":{"connectionName":"shared_commondataserviceforapps","operationId":"CreateRecord","apiId":"/providers/Microsoft.PowerApps/apis/shared_commondataserviceforapps"},"parameters":{"entityName":"cr85a_eigenwoningenhypotheeks","item/cr85a_afbouwhillen":"@items('Apply_to_each_-_Eigen_woning_en_hypotheek')?['cr85a_afbouwhillen']","item/cr85a_afsluitkosten":"@items('Apply_to_each_-_Eigen_woning_en_hypotheek')?['cr85a_afsluitkosten']","item/cr85a_afsluitprovmax":"@items('Apply_to_each_-_Eigen_woning_en_hypotheek')?['cr85a_afsluitprovmax']","item/cr85a_afsluitprovpercmax":"@items('Apply_to_each_-_Eigen_woning_en_hypotheek')?['cr85a_afsluitprovpercmax']","item/cr85a_eigenwoningforfaitmaxwaarde":"@items('Apply_to_each_-_Eigen_woning_en_hypotheek')?['cr85a_eigenwoningforfaitmaxwaarde']","item/cr85a_eigenwoningforfaitpercbovenmax":"@items('Apply_to_each_-_Eigen_woning_en_hypotheek')?['cr85a_eigenwoningforfaitpercbovenmax']","item/cr85a_eigenwoningforfaitpercondermax":"@items('Apply_to_each_-_Eigen_woning_en_hypotheek')?['cr85a_eigenwoningforfaitpercondermax']","item/cr85a_finkosten":"@items('Apply_to_each_-_Eigen_woning_en_hypotheek')?['cr85a_finkosten']","item/cr85a_kosteneigendacte":"@items('Apply_to_each_-_Eigen_woning_en_hypotheek')?['cr85a_kosteneigendacte']","item/cr85a_overdrbelvrijstlftdgrens":"@items('Apply_to_each_-_Eigen_woning_en_hypotheek')?['cr85a_overdrbelvrijstlftdgrens']","item/cr85a_overdrvrijstmaxbedrag":"@items('Apply_to_each_-_Eigen_woning_en_hypotheek')?['cr85a_overdrvrijstmaxbedrag']","item/cr85a_perckortingaftrekew":"@items('Apply_to_each_-_Eigen_woning_en_hypotheek')?['cr85a_perckortingaftrekew']","item/cr85a_percmaxaflvrij":"@items('Apply_to_each_-_Eigen_woning_en_hypotheek')?['cr85a_percmaxaflvrij']","item/cr85a_percmaxhypwaardeew":"@items('Apply_to_each_-_Eigen_woning_en_hypotheek')?['cr85a_percmaxhypwaardeew']","item/cr85a_percoverdr":"@items('Apply_to_each_-_Eigen_woning_en_hypotheek')?['cr85a_percoverdr']","item/cr85a_YellowSheetVersionId@odata.bind":"cr85a_yellowsheetversions(@{outputs('Add_a_new_row_-_Yellow_Sheet_Version')?['body/cr85a_yellowsheetversionid']})"},"authentication":{"type":"Raw","value":"@json(decodeBase64(triggerOutputs().headers['X-MS-APIM-Tokens']))['$ConnectionKey']"}}}},"runAfter":{"List_rows_-_Eigen_woning_en_hypotheek":["Succeeded"]},"metadata":{"operationMetadataId":"8b1a3e59-4c35-43c2-8c46-318492f3c9eb"},"type":"Foreach"},"List_rows_-_Gegevens_ZVW":{"runAfter":{"Apply_to_each_-_Eigen_woning_en_hypotheek":["Succeeded"]},"metadata":{"operationMetadataId":"7dad3296-61af-46d7-9109-71a6e4559d88"},"type":"OpenApiConnection","inputs":{"host":{"connectionName":"shared_commondataserviceforapps","operationId":"ListRecords","apiId":"/providers/Microsoft.PowerApps/apis/shared_commondataserviceforapps"},"parameters":{"entityName":"cr85a_gegevenszvws","$filter":"(_cr85a_yellowsheetversionid_value eq @{outputs('Get_a_row_by_ID_-_Yellow_Sheet_Version')?['body/cr85a_yellowsheetversionid']})"},"authentication":{"type":"Raw","value":"@json(decodeBase64(triggerOutputs().headers['X-MS-APIM-Tokens']))['$ConnectionKey']"}}},"Apply_to_each_-_Gegevens_ZVW":{"foreach":"@outputs('List_rows_-_Gegevens_ZVW')?['body/value']","actions":{"Add_a_new_row_-_Gegevens_ZVW":{"runAfter":{},"metadata":{"operationMetadataId":"b12e01d7-6f2c-4483-a9b6-0db75b4b9d23"},"type":"OpenApiConnection","inputs":{"host":{"connectionName":"shared_commondataserviceforapps","operationId":"CreateRecord","apiId":"/providers/Microsoft.PowerApps/apis/shared_commondataserviceforapps"},"parameters":{"entityName":"cr85a_gegevenszvws","item/cr85a_maximaalinkomenzvw":"@items('Apply_to_each_-_Gegevens_ZVW')?['cr85a_maximaalinkomenzvw']","item/cr85a_percpremiezvwhoog":"@items('Apply_to_each_-_Gegevens_ZVW')?['cr85a_percpremiezvwhoog']","item/cr85a_percpremiezvwlaag":"@items('Apply_to_each_-_Gegevens_ZVW')?['cr85a_percpremiezvwlaag']","item/cr85a_YellowSheetVersionId@odata.bind":"cr85a_yellowsheetversions(@{outputs('Add_a_new_row_-_Yellow_Sheet_Version')?['body/cr85a_yellowsheetversionid']})"},"authentication":"@parameters('$authentication')"}}},"runAfter":{"List_rows_-_Gegevens_ZVW":["Succeeded"]},"metadata":{"operationMetadataId":"1f979a8c-83f7-42a7-8c08-dbe5f2b15589"},"type":"Foreach"},"List_rows_-_Fiscale_gegevens":{"runAfter":{"Apply_to_each_-_Gegevens_ZVW":["Succeeded"]},"metadata":{"operationMetadataId":"46c60cfe-c257-4408-b7f6-29cdb86a0a2d"},"type":"OpenApiConnection","inputs":{"host":{"connectionName":"shared_commondataserviceforapps","operationId":"ListRecords","apiId":"/providers/Microsoft.PowerApps/apis/shared_commondataserviceforapps"},"parameters":{"entityName":"cr85a_fiscalegegevenses","$filter":"(_cr85a_yellowsheetversionid_value eq @{outputs('Get_a_row_by_ID_-_Yellow_Sheet_Version')?['body/cr85a_yellowsheetversionid']})"},"authentication":{"type":"Raw","value":"@json(decodeBase64(triggerOutputs().headers['X-MS-APIM-Tokens']))['$ConnectionKey']"}}},"Apply_to_each_-_Fiscale_gegevens":{"foreach":"@outputs('List_rows_-_Fiscale_gegevens')?['body/value']","actions":{"Add_a_new_row_-_Fiscale_gegevens":{"runAfter":{},"metadata":{"operationMetadataId":"7857928c-273c-4d0d-98e8-8f093b55f810"},"type":"OpenApiConnection","inputs":{"host":{"connectionName":"shared_commondataserviceforapps","operationId":"CreateRecord","apiId":"/providers/Microsoft.PowerApps/apis/shared_commondataserviceforapps"},"parameters":{"entityName":"cr85a_fiscalegegevenses","item/cr85a_aowalleenstaand":"@items('Apply_to_each_-_Fiscale_gegevens')?['cr85a_aowalleenstaand']","item/cr85a_aowallnettomhk":"@items('Apply_to_each_-_Fiscale_gegevens')?['cr85a_aowallnettomhk']","item/cr85a_aowallnettozhk":"@items('Apply_to_each_-_Fiscale_gegevens')?['cr85a_aowallnettozhk']","item/cr85a_aowgeh":"@items('Apply_to_each_-_Fiscale_gegevens')?['cr85a_aowgeh']","item/cr85a_aowgehnettomhk":"@items('Apply_to_each_-_Fiscale_gegevens')?['cr85a_aowgehnettomhk']","item/cr85a_aowgehnettozhk":"@items('Apply_to_each_-_Fiscale_gegevens')?['cr85a_aowgehnettozhk']","item/cr85a_eindleeftijdkind":"@items('Apply_to_each_-_Fiscale_gegevens')?['cr85a_eindleeftijdkind']","item/cr85a_heffvrijvermogen":"@items('Apply_to_each_-_Fiscale_gegevens')?['cr85a_heffvrijvermogen']","item/cr85a_schuldendrempel":"@items('Apply_to_each_-_Fiscale_gegevens')?['cr85a_schuldendrempel']","item/cr85a_YellowSheetVersionId@odata.bind":"cr85a_yellowsheetversions(@{outputs('Add_a_new_row_-_Yellow_Sheet_Version')?['body/cr85a_yellowsheetversionid']})"},"authentication":{"type":"Raw","value":"@json(decodeBase64(triggerOutputs().headers['X-MS-APIM-Tokens']))['$ConnectionKey']"}}}},"runAfter":{"List_rows_-_Fiscale_gegevens":["Succeeded"]},"metadata":{"operationMetadataId":"09521b59-af02-4abe-ba63-9a4acdc6ab01"},"type":"Foreach"},"List_rows_-_Fictief_Rendement_Belasting":{"runAfter":{"Apply_to_each_-_Fiscale_gegevens":["Succeeded"]},"metadata":{"operationMetadataId":"76674029-4eac-4bc9-a232-f76581bcf0d6"},"type":"OpenApiConnection","inputs":{"host":{"connectionName":"shared_commondataserviceforapps","operationId":"ListRecords","apiId":"/providers/Microsoft.PowerApps/apis/shared_commondataserviceforapps"},"parameters":{"entityName":"cr85a_fictiefrendementbelastings","$filter":"(_cr85a_yellowsheetversionid_value eq @{outputs('Get_a_row_by_ID_-_Yellow_Sheet_Version')?['body/cr85a_yellowsheetversionid']})"},"authentication":{"type":"Raw","value":"@json(decodeBase64(triggerOutputs().headers['X-MS-APIM-Tokens']))['$ConnectionKey']"}}},"Apply_to_each_-_Fictief_Rendement_Belasting":{"foreach":"@outputs('List_rows_-_Fictief_Rendement_Belasting')?['body/value']","actions":{"Add_a_new_row_-_Fictief_Rendement_Belasting":{"runAfter":{},"metadata":{"operationMetadataId":"83b44033-f267-4ee0-9571-a386ef83d25d"},"type":"OpenApiConnection","inputs":{"host":{"connectionName":"shared_commondataserviceforapps","operationId":"CreateRecord","apiId":"/providers/Microsoft.PowerApps/apis/shared_commondataserviceforapps"},"parameters":{"entityName":"cr85a_fictiefrendementbelastings","item/cr85a_capital":"@items('Apply_to_each_-_Fictief_Rendement_Belasting')?['cr85a_capital']","item/cr85a_percentage":"@items('Apply_to_each_-_Fictief_Rendement_Belasting')?['cr85a_percentage']","item/cr85a_YellowSheetVersionId@odata.bind":"cr85a_yellowsheetversions(@{outputs('Add_a_new_row_-_Yellow_Sheet_Version')?['body/cr85a_yellowsheetversionid']})"},"authentication":{"type":"Raw","value":"@json(decodeBase64(triggerOutputs().headers['X-MS-APIM-Tokens']))['$ConnectionKey']"}}}},"runAfter":{"List_rows_-_Fictief_Rendement_Belasting":["Succeeded"]},"metadata":{"operationMetadataId":"4b678556-5157-4e79-bb1a-5d705649e19c"},"type":"Foreach"},"List_rows_-_Fictief_Rendement_Overig":{"runAfter":{"Apply_to_each_-_Fictief_Rendement_Belasting":["Succeeded"]},"metadata":{"operationMetadataId":"4e5d9844-4661-4a5b-ab26-7c4f33878fe7"},"type":"OpenApiConnection","inputs":{"host":{"connectionName":"shared_commondataserviceforapps","operationId":"ListRecords","apiId":"/providers/Microsoft.PowerApps/apis/shared_commondataserviceforapps"},"parameters":{"entityName":"cr85a_fictiefrendementoverigs","$filter":"(_cr85a_yellowsheetversionid_value eq @{outputs('Get_a_row_by_ID_-_Yellow_Sheet_Version')?['body/cr85a_yellowsheetversionid']})"},"authentication":{"type":"Raw","value":"@json(decodeBase64(triggerOutputs().headers['X-MS-APIM-Tokens']))['$ConnectionKey']"}}},"Apply_to_each_-_Fictief_Rendement_Overig":{"foreach":"@outputs('List_rows_-_Fictief_Rendement_Overig')?['body/value']","actions":{"Add_a_new_row_-_Fictief_Rendement_Overig":{"runAfter":{},"metadata":{"operationMetadataId":"5c5ad06b-86e0-45e3-bbf0-625a639b27a8"},"type":"OpenApiConnection","inputs":{"host":{"connectionName":"shared_commondataserviceforapps","operationId":"CreateRecord","apiId":"/providers/Microsoft.PowerApps/apis/shared_commondataserviceforapps"},"parameters":{"entityName":"cr85a_fictiefrendementoverigs","item/cr85a_maxsaldogrouderentoeslagbox3":"@items('Apply_to_each_-_Fictief_Rendement_Overig')?['cr85a_maxsaldogrouderentoeslagbox3']","item/cr85a_percibbox3":"@items('Apply_to_each_-_Fictief_Rendement_Overig')?['cr85a_percibbox3']","item/cr85a_percrenteoverigebox3schulden":"@items('Apply_to_each_-_Fictief_Rendement_Overig')?['cr85a_percrenteoverigebox3schulden']","item/cr85a_percrenteovhyp":"@items('Apply_to_each_-_Fictief_Rendement_Overig')?['cr85a_percrenteovhyp']","item/cr85a_percwerkelijkrendementspaargeld":"@items('Apply_to_each_-_Fictief_Rendement_Overig')?['cr85a_percwerkelijkrendementspaargeld']","item/cr85a_rendementloosspaargeld":"@items('Apply_to_each_-_Fictief_Rendement_Overig')?['cr85a_rendementloosspaargeld']","item/cr85a_YellowSheetVersionId@odata.bind":"cr85a_yellowsheetversions(@{outputs('Add_a_new_row_-_Yellow_Sheet_Version')?['body/cr85a_yellowsheetversionid']})"},"authentication":{"type":"Raw","value":"@json(decodeBase64(triggerOutputs().headers['X-MS-APIM-Tokens']))['$ConnectionKey']"}}}},"runAfter":{"List_rows_-_Fictief_Rendement_Overig":["Succeeded"]},"metadata":{"operationMetadataId":"230b790e-c3e2-4f3d-b821-390b2717bf0a"},"type":"Foreach"},"List_rows_-_Kinderbijslag":{"runAfter":{"Apply_to_each_-_Fictief_Rendement_Overig":["Succeeded"]},"metadata":{"operationMetadataId":"cd36b35b-98a2-43ea-b4e0-4b533a9fd044"},"type":"OpenApiConnection","inputs":{"host":{"connectionName":"shared_commondataserviceforapps","operationId":"ListRecords","apiId":"/providers/Microsoft.PowerApps/apis/shared_commondataserviceforapps"},"parameters":{"entityName":"cr85a_kinderbijslags","$filter":"(_cr85a_yellowsheetversionid_value eq @{outputs('Get_a_row_by_ID_-_Yellow_Sheet_Version')?['body/cr85a_yellowsheetversionid']})"},"authentication":{"type":"Raw","value":"@json(decodeBase64(triggerOutputs().headers['X-MS-APIM-Tokens']))['$ConnectionKey']"}}},"Apply_to_each_-_Kinderbijslag":{"foreach":"@outputs('List_rows_-_Kinderbijslag')?['body/value']","actions":{"Add_a_new_row_-_Kinderbijslag":{"runAfter":{},"metadata":{"operationMetadataId":"eeedbcff-de9b-4c06-9bc6-522bffd5ea50"},"type":"OpenApiConnection","inputs":{"host":{"connectionName":"shared_commondataserviceforapps","operationId":"CreateRecord","apiId":"/providers/Microsoft.PowerApps/apis/shared_commondataserviceforapps"},"parameters":{"entityName":"cr85a_kinderbijslags","item/cr85a_kinderen":"@items('Apply_to_each_-_Kinderbijslag')?['cr85a_kinderen']","item/cr85a_maxleeftijd":"@items('Apply_to_each_-_Kinderbijslag')?['cr85a_maxleeftijd']","item/cr85a_waarde":"@items('Apply_to_each_-_Kinderbijslag')?['cr85a_waarde']","item/cr85a_YellowSheetVersionId@odata.bind":"cr85a_yellowsheetversions(@{outputs('Add_a_new_row_-_Yellow_Sheet_Version')?['body/cr85a_yellowsheetversionid']})"},"authentication":{"type":"Raw","value":"@json(decodeBase64(triggerOutputs().headers['X-MS-APIM-Tokens']))['$ConnectionKey']"}}}},"runAfter":{"List_rows_-_Kinderbijslag":["Succeeded"]},"metadata":{"operationMetadataId":"83f52d0d-420e-472d-9823-4bb39db66ad0"},"type":"Foreach"},"List_rows_-_WSF":{"runAfter":{"Apply_to_each_-_Kinderbijslag":["Succeeded"]},"metadata":{"operationMetadataId":"8638e61c-74ef-45e4-bf5e-b73860a9d3f7"},"type":"OpenApiConnection","inputs":{"host":{"connectionName":"shared_commondataserviceforapps","operationId":"ListRecords","apiId":"/providers/Microsoft.PowerApps/apis/shared_commondataserviceforapps"},"parameters":{"entityName":"cr85a_wsfs","$filter":"(_cr85a_yellowsheetversionid_value eq @{outputs('Get_a_row_by_ID_-_Yellow_Sheet_Version')?['body/cr85a_yellowsheetversionid']})"},"authentication":{"type":"Raw","value":"@json(decodeBase64(triggerOutputs().headers['X-MS-APIM-Tokens']))['$ConnectionKey']"}}},"Apply_to_each_-_WSF":{"foreach":"@outputs('List_rows_-_WSF')?['body/value']","actions":{"Add_a_new_row_-_WSF":{"runAfter":{},"metadata":{"operationMetadataId":"e1296e21-bd54-42f9-859b-548d38a6d843"},"type":"OpenApiConnection","inputs":{"host":{"connectionName":"shared_commondataserviceforapps","operationId":"CreateRecord","apiId":"/providers/Microsoft.PowerApps/apis/shared_commondataserviceforapps"},"parameters":{"entityName":"cr85a_wsfs","item/cr85a_hbowototaallast":"@items('Apply_to_each_-_WSF')?['cr85a_hbowototaallast']","item/cr85a_mbobasisb":"@items('Apply_to_each_-_WSF')?['cr85a_mbobasisb']","item/cr85a_mbobehoefte":"@items('Apply_to_each_-_WSF')?['cr85a_mbobehoefte']","item/cr85a_YellowSheetVersionId@odata.bind":"cr85a_yellowsheetversions(@{outputs('Add_a_new_row_-_Yellow_Sheet_Version')?['body/cr85a_yellowsheetversionid']})"},"authentication":{"type":"Raw","value":"@json(decodeBase64(triggerOutputs().headers['X-MS-APIM-Tokens']))['$ConnectionKey']"}}}},"runAfter":{"List_rows_-_WSF":["Succeeded"]},"metadata":{"operationMetadataId":"a3980e2a-fcc0-4aa2-909a-49bcf87aa5f5"},"type":"Foreach"},"List_rows_-_KGB":{"runAfter":{"Apply_to_each_-_WSF":["Succeeded"]},"metadata":{"operationMetadataId":"f2db9fcb-e227-46e0-813d-533f46f0281a"},"type":"OpenApiConnection","inputs":{"host":{"connectionName":"shared_commondataserviceforapps","operationId":"ListRecords","apiId":"/providers/Microsoft.PowerApps/apis/shared_commondataserviceforapps"},"parameters":{"entityName":"cr85a_kgbs","$filter":"(_cr85a_yellowsheetversionid_value eq @{outputs('Get_a_row_by_ID_-_Yellow_Sheet_Version')?['body/cr85a_yellowsheetversionid']})"},"authentication":{"type":"Raw","value":"@json(decodeBase64(triggerOutputs().headers['X-MS-APIM-Tokens']))['$ConnectionKey']"}}},"Apply_to_each_-_KGB":{"foreach":"@outputs('List_rows_-_KGB')?['body/value']","actions":{"Add_a_new_row_-_KGB":{"runAfter":{},"metadata":{"operationMetadataId":"1dedd8e4-265a-411d-b175-f0aa94258505"},"type":"OpenApiConnection","inputs":{"host":{"connectionName":"shared_commondataserviceforapps","operationId":"CreateRecord","apiId":"/providers/Microsoft.PowerApps/apis/shared_commondataserviceforapps"},"parameters":{"entityName":"cr85a_kgbs","item/cr85a_behoeftemax":"@items('Apply_to_each_-_KGB')?['cr85a_behoeftemax']","item/cr85a_numberofchildren":"@items('Apply_to_each_-_KGB')?['cr85a_numberofchildren']","item/cr85a_YellowSheetVersionId@odata.bind":"cr85a_yellowsheetversions(@{outputs('Add_a_new_row_-_Yellow_Sheet_Version')?['body/cr85a_yellowsheetversionid']})"},"authentication":{"type":"Raw","value":"@json(decodeBase64(triggerOutputs().headers['X-MS-APIM-Tokens']))['$ConnectionKey']"}}}},"runAfter":{"List_rows_-_KGB":["Succeeded"]},"metadata":{"operationMetadataId":"b49dc33a-b71b-4dcc-a3a2-aa212679478b"},"type":"Foreach"},"List_rows_-_Ouderentoeslag_box_3":{"runAfter":{"Apply_to_each_-_KGB":["Succeeded"]},"metadata":{"operationMetadataId":"9f02d171-440b-4742-8f6c-237990d3d013"},"type":"OpenApiConnection","inputs":{"host":{"connectionName":"shared_commondataserviceforapps","operationId":"ListRecords","apiId":"/providers/Microsoft.PowerApps/apis/shared_commondataserviceforapps"},"parameters":{"entityName":"cr85a_ouderentoeslagbox3s","$filter":"(_cr85a_yellowsheetversionid_value eq @{outputs('Get_a_row_by_ID_-_Yellow_Sheet_Version')?['body/cr85a_yellowsheetversionid']})"},"authentication":{"type":"Raw","value":"@json(decodeBase64(triggerOutputs().headers['X-MS-APIM-Tokens']))['$ConnectionKey']"}}},"Apply_to_each_-_Ouderentoeslag_box_3":{"foreach":"@outputs('List_rows_-_Ouderentoeslag_box_3')?['body/value']","actions":{"Add_a_new_row_-_Ouderentoeslag_box_3":{"runAfter":{},"metadata":{"operationMetadataId":"e7b34513-0200-4696-b19b-3dfe846124ac"},"type":"OpenApiConnection","inputs":{"host":{"connectionName":"shared_commondataserviceforapps","operationId":"CreateRecord","apiId":"/providers/Microsoft.PowerApps/apis/shared_commondataserviceforapps"},"parameters":{"entityName":"cr85a_ouderentoeslagbox3s","item/cr85a_tarief":"@items('Apply_to_each_-_Ouderentoeslag_box_3')?['cr85a_tarief']","item/cr85a_waarde":"@items('Apply_to_each_-_Ouderentoeslag_box_3')?['cr85a_waarde']","item/cr85a_YellowSheetVersionId@odata.bind":"cr85a_yellowsheetversions(@{outputs('Add_a_new_row_-_Yellow_Sheet_Version')?['body/cr85a_yellowsheetversionid']})"},"authentication":{"type":"Raw","value":"@json(decodeBase64(triggerOutputs().headers['X-MS-APIM-Tokens']))['$ConnectionKey']"}}}},"runAfter":{"List_rows_-_Ouderentoeslag_box_3":["Succeeded"]},"metadata":{"operationMetadataId":"554b89ce-5443-473b-828f-f018ff702f94"},"type":"Foreach"},"List_rows_-_AOW_Leeftijd":{"runAfter":{"Apply_to_each_-_Ouderentoeslag_box_3":["Succeeded"]},"metadata":{"operationMetadataId":"1cb96a0a-4e0c-4e36-b718-f193621490e9"},"type":"OpenApiConnection","inputs":{"host":{"connectionName":"shared_commondataserviceforapps","operationId":"ListRecords","apiId":"/providers/Microsoft.PowerApps/apis/shared_commondataserviceforapps"},"parameters":{"entityName":"cr85a_aowleeftijds","$filter":"(_cr85a_yellowsheetversionid_value eq @{outputs('Get_a_row_by_ID_-_Yellow_Sheet_Version')?['body/cr85a_yellowsheetversionid']})"},"authentication":{"type":"Raw","value":"@json(decodeBase64(triggerOutputs().headers['X-MS-APIM-Tokens']))['$ConnectionKey']"}}},"Apply_to_each_-_AOW_Leeftijd":{"foreach":"@outputs('List_rows_-_AOW_Leeftijd')?['body/value']","actions":{"Add_a_new_row_-_AOW_Leeftijd":{"runAfter":{},"metadata":{"operationMetadataId":"6478c17a-6448-4814-82ef-b9f7ed38f959"},"type":"OpenApiConnection","inputs":{"host":{"connectionName":"shared_commondataserviceforapps","operationId":"CreateRecord","apiId":"/providers/Microsoft.PowerApps/apis/shared_commondataserviceforapps"},"parameters":{"entityName":"cr85a_aowleeftijds","item/cr85a_aowleeftijd":"@items('Apply_to_each_-_AOW_Leeftijd')?['cr85a_aowleeftijd']","item/cr85a_datum":"@items('Apply_to_each_-_AOW_Leeftijd')?['cr85a_datum']","item/cr85a_geboren":"@items('Apply_to_each_-_AOW_Leeftijd')?['cr85a_geboren']","item/cr85a_YellowSheetVersionId@odata.bind":"cr85a_yellowsheetversions(@{outputs('Add_a_new_row_-_Yellow_Sheet_Version')?['body/cr85a_yellowsheetversionid']})"},"authentication":{"type":"Raw","value":"@json(decodeBase64(triggerOutputs().headers['X-MS-APIM-Tokens']))['$ConnectionKey']"}}}},"runAfter":{"List_rows_-_AOW_Leeftijd":["Succeeded"]},"metadata":{"operationMetadataId":"b3566c21-2faa-491a-b363-5da5d66b6c82"},"type":"Foreach"},"List_rows_-_Draagkracht":{"runAfter":{"Add_a_new_row_-_Yellow_Sheet_Version":["Succeeded"]},"metadata":{"operationMetadataId":"92917502-0a49-4de1-9a29-c67e2d32e9c2"},"type":"OpenApiConnection","inputs":{"host":{"connectionName":"shared_commondataserviceforapps","operationId":"ListRecords","apiId":"/providers/Microsoft.PowerApps/apis/shared_commondataserviceforapps"},"parameters":{"entityName":"cr85a_draagkrachts","$filter":"(_cr85a_yellowsheetversionid_value eq @{outputs('Get_a_row_by_ID_-_Yellow_Sheet_Version')?['body/cr85a_yellowsheetversionid']})"},"authentication":{"type":"Raw","value":"@json(decodeBase64(triggerOutputs().headers['X-MS-APIM-Tokens']))['$ConnectionKey']"}}},"Apply_to_each_-_Draagkracht":{"foreach":"@outputs('List_rows_-_Draagkracht')?['body/value']","actions":{"Add_a_new_row_-_Draagkracht":{"runAfter":{},"metadata":{"operationMetadataId":"aea0d98f-1103-48cf-80bb-c34405214853"},"type":"OpenApiConnection","inputs":{"host":{"connectionName":"shared_commondataserviceforapps","operationId":"CreateRecord","apiId":"/providers/Microsoft.PowerApps/apis/shared_commondataserviceforapps"},"parameters":{"entityName":"cr85a_draagkrachts","item/cr85a_draagkracht":"@items('Apply_to_each_-_Draagkracht')?['cr85a_draagkracht']","item/cr85a_draagkrachtpercentage":"@items('Apply_to_each_-_Draagkracht')?['cr85a_draagkrachtpercentage']","item/cr85a_nettoinkomenpermaandnascheiding":"@items('Apply_to_each_-_Draagkracht')?['cr85a_nettoinkomenpermaandnascheiding']","item/cr85a_YellowSheetVersionId@odata.bind":"cr85a_yellowsheetversions(@{outputs('Add_a_new_row_-_Yellow_Sheet_Version')?['body/cr85a_yellowsheetversionid']})"},"authentication":"@parameters('$authentication')"}}},"runAfter":{"List_rows_-_Draagkracht":["Succeeded"]},"metadata":{"operationMetadataId":"e14efcc1-6d4b-4e16-b0f0-3400da015390"},"type":"Foreach"},"List_rows_-_DraagkrachtAndBijstand":{"runAfter":{"Add_a_new_row_-_Yellow_Sheet_Version":["Succeeded"]},"metadata":{"operationMetadataId":"1bf8c2a3-48df-49ff-b6b2-ad76cf5e2bd6"},"type":"OpenApiConnection","inputs":{"host":{"connectionName":"shared_commondataserviceforapps","operationId":"ListRecords","apiId":"/providers/Microsoft.PowerApps/apis/shared_commondataserviceforapps"},"parameters":{"entityName":"cr85a_draagkrachtandbijstands","$filter":"(_cr85a_yellowsheetversionid_value eq @{outputs('Get_a_row_by_ID_-_Yellow_Sheet_Version')?['body/cr85a_yellowsheetversionid']})"},"authentication":{"type":"Raw","value":"@json(decodeBase64(triggerOutputs().headers['X-MS-APIM-Tokens']))['$ConnectionKey']"}}},"Apply_to_each_-_DraagkrachtAndBijstand":{"foreach":"@outputs('List_rows_-_DraagkrachtAndBijstand')?['body/value']","actions":{"Add_a_new_row_-_DraagkrachtAndBijstand":{"runAfter":{},"metadata":{"operationMetadataId":"aede61c9-3518-4c71-9eac-91311dca3072"},"type":"OpenApiConnection","inputs":{"host":{"connectionName":"shared_commondataserviceforapps","operationId":"CreateRecord","apiId":"/providers/Microsoft.PowerApps/apis/shared_commondataserviceforapps"},"parameters":{"entityName":"cr85a_draagkrachtandbijstands","item/cr85a_bijstandsnormalleenstaandnaaow":"@items('Apply_to_each_-_DraagkrachtAndBijstand')?['cr85a_bijstandsnormalleenstaandnaaow']","item/cr85a_bijstandsnormalleenstaandtotaow":"@items('Apply_to_each_-_DraagkrachtAndBijstand')?['cr85a_bijstandsnormalleenstaandtotaow']","item/cr85a_bijstandsnormkatabeltotaow":"@items('Apply_to_each_-_DraagkrachtAndBijstand')?['cr85a_bijstandsnormkatabeltotaow']","item/cr85a_bijstandsnormkatabelvanafaow":"@items('Apply_to_each_-_DraagkrachtAndBijstand')?['cr85a_bijstandsnormkatabelvanafaow']","item/cr85a_draagkrachtmin1kind":"@items('Apply_to_each_-_DraagkrachtAndBijstand')?['cr85a_draagkrachtmin1kind']","item/cr85a_draagkrachtminmeerkind":"@items('Apply_to_each_-_DraagkrachtAndBijstand')?['cr85a_draagkrachtminmeerkind']","item/cr85a_forfaitoverigeeigenaarslasten":"@items('Apply_to_each_-_DraagkrachtAndBijstand')?['cr85a_forfaitoverigeeigenaarslasten']","item/cr85a_gemiddeldebasishuur":"@items('Apply_to_each_-_DraagkrachtAndBijstand')?['cr85a_gemiddeldebasishuur']","item/cr85a_grensinkformdraagkr":"@items('Apply_to_each_-_DraagkrachtAndBijstand')?['cr85a_grensinkformdraagkr']","item/cr85a_maxtabelink":"@items('Apply_to_each_-_DraagkrachtAndBijstand')?['cr85a_maxtabelink']","item/cr85a_percdraagkrachtkinderalimentatie":"@items('Apply_to_each_-_DraagkrachtAndBijstand')?['cr85a_percdraagkrachtkinderalimentatie']","item/cr85a_percdraagkrachtpartneralimentatie":"@items('Apply_to_each_-_DraagkrachtAndBijstand')?['cr85a_percdraagkrachtpartneralimentatie']","item/cr85a_perconrwl":"@items('Apply_to_each_-_DraagkrachtAndBijstand')?['cr85a_perconrwl']","item/cr85a_premieww":"@items('Apply_to_each_-_DraagkrachtAndBijstand')?['cr85a_premieww']","item/cr85a_premiezvwinbijstandsnorm":"@items('Apply_to_each_-_DraagkrachtAndBijstand')?['cr85a_premiezvwinbijstandsnorm']","item/cr85a_tremawoonlastperc":"@items('Apply_to_each_-_DraagkrachtAndBijstand')?['cr85a_tremawoonlastperc']","item/cr85a_YellowSheetVersionId@odata.bind":"cr85a_yellowsheetversions(@{outputs('Add_a_new_row_-_Yellow_Sheet_Version')?['body/cr85a_yellowsheetversionid']})"},"authentication":"@parameters('$authentication')"}}},"runAfter":{"List_rows_-_DraagkrachtAndBijstand":["Succeeded"]},"metadata":{"operationMetadataId":"82639136-d842-4d9e-9d72-dc960186e698"},"type":"Foreach"},"List_rows_-__Zorgkorting":{"runAfter":{"Add_a_new_row_-_Yellow_Sheet_Version":["Succeeded"]},"metadata":{"operationMetadataId":"6b1ae184-e111-4854-9991-d9f3b9eb9225"},"type":"OpenApiConnection","inputs":{"host":{"connectionName":"shared_commondataserviceforapps","operationId":"ListRecords","apiId":"/providers/Microsoft.PowerApps/apis/shared_commondataserviceforapps"},"parameters":{"entityName":"cr85a_zorgkortings","$filter":"(_cr85a_yellowsheetversionid_value eq @{outputs('Get_a_row_by_ID_-_Yellow_Sheet_Version')?['body/cr85a_yellowsheetversionid']})"},"authentication":{"type":"Raw","value":"@json(decodeBase64(triggerOutputs().headers['X-MS-APIM-Tokens']))['$ConnectionKey']"}}},"Apply_to_each_-_Zorgkorting":{"foreach":"@outputs('List_rows_-__Zorgkorting')?['body/value']","actions":{"Add_a_new_row_-_Zorgkorting":{"runAfter":{},"metadata":{"operationMetadataId":"7a69bd0b-3e08-4146-b230-f69041530913"},"type":"OpenApiConnection","inputs":{"host":{"connectionName":"shared_commondataserviceforapps","operationId":"CreateRecord","apiId":"/providers/Microsoft.PowerApps/apis/shared_commondataserviceforapps"},"parameters":{"entityName":"cr85a_zorgkortings","item/cr85a_maxdagenperjaar":"@items('Apply_to_each_-_Zorgkorting')?['cr85a_maxdagenperjaar']","item/cr85a_mindagenperjaar":"@items('Apply_to_each_-_Zorgkorting')?['cr85a_mindagenperjaar']","item/cr85a_waarde":"@items('Apply_to_each_-_Zorgkorting')?['cr85a_waarde']","item/cr85a_YellowSheetVersionId@odata.bind":"cr85a_yellowsheetversions(@{outputs('Add_a_new_row_-_Yellow_Sheet_Version')?['body/cr85a_yellowsheetversionid']})"},"authentication":{"type":"Raw","value":"@json(decodeBase64(triggerOutputs().headers['X-MS-APIM-Tokens']))['$ConnectionKey']"}}}},"runAfter":{"List_rows_-__Zorgkorting":["Succeeded"]},"metadata":{"operationMetadataId":"30d08c6e-33e3-4f0f-8f09-7a8fb3911a33"},"type":"Foreach"},"List_rows_-_KostenKinderen":{"runAfter":{"Add_a_new_row_-_Yellow_Sheet_Version":["Succeeded"]},"metadata":{"operationMetadataId":"88542032-e48b-4815-b150-7b6fd0d8a6c6"},"type":"OpenApiConnection","inputs":{"host":{"connectionName":"shared_commondataserviceforapps","operationId":"ListRecords","apiId":"/providers/Microsoft.PowerApps/apis/shared_commondataserviceforapps"},"parameters":{"entityName":"cr85a_kostenkinderens","$filter":"(_cr85a_yellowsheetversionid_value eq @{outputs('Get_a_row_by_ID_-_Yellow_Sheet_Version')?['body/cr85a_yellowsheetversionid']})"},"authentication":{"type":"Raw","value":"@json(decodeBase64(triggerOutputs().headers['X-MS-APIM-Tokens']))['$ConnectionKey']"}}},"Apply_to_each_-_KostenKinderen":{"foreach":"@outputs('List_rows_-_KostenKinderen')?['body/value']","actions":{"Add_a_new_row_-_KostenKinderen":{"runAfter":{},"metadata":{"operationMetadataId":"d3d3a76f-b44d-4589-93fc-c0d439fce08d"},"type":"OpenApiConnection","inputs":{"host":{"connectionName":"shared_commondataserviceforapps","operationId":"CreateRecord","apiId":"/providers/Microsoft.PowerApps/apis/shared_commondataserviceforapps"},"parameters":{"entityName":"cr85a_kostenkinderens","item/cr85a_inkomen":"@items('Apply_to_each_-_KostenKinderen')?['cr85a_inkomen']","item/cr85a_kbspunten":"@items('Apply_to_each_-_KostenKinderen')?['cr85a_kbspunten']","item/cr85a_kinderen":"@items('Apply_to_each_-_KostenKinderen')?['cr85a_kinderen']","item/cr85a_kosten":"@items('Apply_to_each_-_KostenKinderen')?['cr85a_kosten']","item/cr85a_YellowSheetVersionId@odata.bind":"cr85a_yellowsheetversions(@{outputs('Add_a_new_row_-_Yellow_Sheet_Version')?['body/cr85a_yellowsheetversionid']})"},"authentication":{"type":"Raw","value":"@json(decodeBase64(triggerOutputs().headers['X-MS-APIM-Tokens']))['$ConnectionKey']"}}}},"runAfter":{"List_rows_-_KostenKinderen":["Succeeded"]},"metadata":{"operationMetadataId":"a3c96794-02f3-469d-82a4-f09fe56bb40f"},"type":"Foreach"},"Add_a_new_row_-_Yellow_Sheet_Version":{"runAfter":{"Get_a_row_by_ID_-_Yellow_Sheet_Version":["Succeeded"]},"metadata":{"operationMetadataId":"b7667915-c8fa-43b5-84b2-8f6e86b5296f"},"type":"OpenApiConnection","inputs":{"host":{"connectionName":"shared_commondataserviceforapps","operationId":"CreateRecord","apiId":"/providers/Microsoft.PowerApps/apis/shared_commondataserviceforapps"},"parameters":{"entityName":"cr85a_yellowsheetversions","item/cr85a_startdate":"@outputs('Get_a_row_by_ID_-_Yellow_Sheet_Version')?['body/cr85a_startdate']","item/statecode":0,"item/statuscode":469280000,"item/cr85a_yellowsheetversionname":"@{outputs('Get_a_row_by_ID_-_Yellow_Sheet_Version')?['body/cr85a_yellowsheetversionname']} - Copy"},"authentication":"@parameters('$authentication')"}}},"outputs":{}}},"schemaVersion":"1.0.0.0"}