{"properties":{"connectionReferences":{"shared_commondataserviceforapps":{"runtimeSource":"embedded","connection":{"connectionReferenceLogicalName":"cr85a_sharedcommondataserviceforapps_eef4d"},"api":{"name":"shared_commondataserviceforapps"}}},"definition":{"$schema":"https://schema.management.azure.com/providers/Microsoft.Logic/schemas/2016-06-01/workflowdefinition.json#","contentVersion":"1.0.0.0","parameters":{"$connections":{"defaultValue":{},"type":"Object"},"$authentication":{"defaultValue":{},"type":"SecureObject"}},"triggers":{"manual":{"metadata":{"operationMetadataId":"42f7793a-60e5-40f0-b58f-b7f5449fa130"},"type":"Request","kind":"Http","inputs":{"schema":{"type":"object","properties":{"cr85a_calculationid":{"type":"string"},"userid":{"type":"string"}}},"method":"POST","relativePath":"clonecalculationstart"}}},"actions":{"Run_a_Child_Flow":{"runAfter":{"Set_variable_-_TotalUserCalculations":["Succeeded"]},"metadata":{"operationMetadataId":"bdf7004f-d8b7-4573-a266-e542ca260e94"},"type":"Workflow","inputs":{"host":{"workflowReferenceName":"957c4f4f-9226-ec11-b6e5-6045bd8b092f"},"body":{"text":"@triggerBody()?['cr85a_calculationid']"}}},"List_rows_-_Calculations":{"runAfter":{"Initialize_variable_-_NewTotalUserCalculations":["Succeeded"]},"metadata":{"operationMetadataId":"0d867ace-a00e-48c1-b5ad-3456e471f87f"},"type":"OpenApiConnection","inputs":{"host":{"connectionName":"shared_commondataserviceforapps","operationId":"ListRecords","apiId":"/providers/Microsoft.PowerApps/apis/shared_commondataserviceforapps"},"parameters":{"entityName":"cr85a_calculations","$select":"cr85a_calculationid","$filter":"(_cr85a_contact_value eq @{triggerBody()?['userid']} and cr85a_clonetoguid ne null)","$top":1},"authentication":"@parameters('$authentication')"}},"Initialize_variable_-_TotalUserCalculations":{"runAfter":{"Condition_-_Copy_In_Progress":["Succeeded"]},"metadata":{"operationMetadataId":"1e8101e0-6395-438f-a6d9-3133fd2fc82d"},"type":"InitializeVariable","inputs":{"variables":[{"name":"TotalUserCalculations","type":"integer","value":0}]}},"Set_variable_-_TotalUserCalculations":{"runAfter":{"List_rows_-_Calculations":["Succeeded"]},"metadata":{"operationMetadataId":"54a6d725-0439-4bf9-8050-4104d62885d2"},"type":"SetVariable","inputs":{"name":"TotalUserCalculations","value":"@length(outputs('List_rows_-_Calculations')?['body/value'])"}},"Do_until":{"actions":{"Delay":{"runAfter":{},"metadata":{"operationMetadataId":"eda5d6c3-2807-4db0-a1b8-b3d363c5ca95"},"type":"Wait","inputs":{"interval":{"count":5,"unit":"Second"}}},"Set_variable_-_NewTotalUserCalculations":{"runAfter":{"List_rows_-_New_Calculations":["Succeeded"]},"metadata":{"operationMetadataId":"1c9f3b7a-6658-4420-b2a9-4c20af604af9"},"type":"SetVariable","inputs":{"name":"NewTotalUserCalculations","value":"@length(outputs('List_rows_-_New_Calculations')?['body/value'])"}},"List_rows_-_New_Calculations":{"runAfter":{"Delay":["Succeeded"]},"metadata":{"operationMetadataId":"118ec2b7-10c1-4c26-a251-2869f3e22f21"},"type":"OpenApiConnection","inputs":{"host":{"connectionName":"shared_commondataserviceforapps","operationId":"ListRecords","apiId":"/providers/Microsoft.PowerApps/apis/shared_commondataserviceforapps"},"parameters":{"entityName":"cr85a_calculations","$select":"cr85a_calculationid","$filter":"(_cr85a_contact_value eq @{triggerBody()?['userid']} and cr85a_clonetoguid ne null)","$top":1},"authentication":"@parameters('$authentication')"}}},"runAfter":{"Run_a_Child_Flow":["Succeeded"]},"expression":"@greater(variables('NewTotalUserCalculations'), variables('TotalUserCalculations'))","limit":{"count":5,"timeout":"PT1H"},"metadata":{"operationMetadataId":"e1c6d0c1-adf0-49d0-990d-3fb75715fc34"},"type":"Until"},"Initialize_variable_-_NewTotalUserCalculations":{"runAfter":{"Initialize_variable_-_TotalUserCalculations":["Succeeded"]},"metadata":{"operationMetadataId":"cc79d5ed-e452-42d3-b588-d140234a8e47"},"type":"InitializeVariable","inputs":{"variables":[{"name":"NewTotalUserCalculations","type":"integer","value":0}]}},"Response":{"runAfter":{"Do_until":["Succeeded"]},"metadata":{"operationMetadataId":"65ad251c-612a-4593-8b28-57ca8692e2bf"},"type":"Response","kind":"Http","inputs":{"statusCode":200}},"Condition_-_Copy_In_Progress":{"actions":{},"runAfter":{"Calculations_Being_Clonned":["Succeeded"]},"else":{"actions":{"Response_2":{"runAfter":{},"metadata":{"operationMetadataId":"2171efcc-c9b0-4900-8cb4-ca9adc3d32ce"},"type":"Response","kind":"Http","inputs":{"statusCode":500,"body":"There is already a copy taking place. It's not possible to start a new one."}},"Terminate":{"runAfter":{"Response_2":["Succeeded"]},"metadata":{"operationMetadataId":"c58a2159-a1c2-4aa2-a883-0181e2851143"},"type":"Terminate","inputs":{"runStatus":"Succeeded"}}}},"expression":{"equals":["@length(outputs('Calculations_Being_Clonned')?['body/value'])",0]},"metadata":{"operationMetadataId":"8363d1b2-1dd4-44e6-86ae-9e1d15da1e79"},"type":"If"},"Calculations_Being_Clonned":{"runAfter":{"Condition_Authentication_+_Authorization":["Succeeded"]},"metadata":{"operationMetadataId":"8679ac20-2d69-49b3-bd23-dbd8469fc995"},"type":"OpenApiConnection","inputs":{"host":{"connectionName":"shared_commondataserviceforapps","operationId":"ListRecords","apiId":"/providers/Microsoft.PowerApps/apis/shared_commondataserviceforapps"},"parameters":{"entityName":"cr85a_calculations","$select":"cr85a_calculationid","$filter":"(_cr85a_contact_value eq @{triggerBody()?['userid']} and cr85a_clonetoguid ne null)","$top":1},"authentication":"@parameters('$authentication')"}},"Authentication_+_Authorization":{"runAfter":{},"metadata":{"operationMetadataId":"6156e4da-100d-49f8-9c85-ff72ddde6368"},"type":"OpenApiConnection","inputs":{"host":{"connectionName":"shared_commondataserviceforapps","operationId":"PerformUnboundAction","apiId":"/providers/Microsoft.PowerApps/apis/shared_commondataserviceforapps"},"parameters":{"actionName":"cr85a_AuthenticationAuthorizationProcess","item/PortalAuthToken":"@triggerOutputs()['headers']['portalauthtoken']","item/CalculationId":"@triggerBody()?['cr85a_calculationid']","item/StepId":"a1b89ad6-9473-eb11-a812-000d3a22c008"},"authentication":"@parameters('$authentication')"}},"Condition_Authentication_+_Authorization":{"actions":{},"runAfter":{"Authentication_+_Authorization":["Succeeded"]},"else":{"actions":{"Response_Authentication_+_Authorization":{"runAfter":{},"metadata":{"operationMetadataId":"a28db4f1-5fe9-4710-810a-7ffbd6894cfd"},"type":"Response","kind":"Http","inputs":{"statusCode":"@outputs('Authentication_+_Authorization')?['body/HttpCode']","body":"@outputs('Authentication_+_Authorization')?['body/ErrorMessage']"}},"Terminate_2":{"runAfter":{"Response_Authentication_+_Authorization":["Succeeded"]},"metadata":{"operationMetadataId":"1e03b376-ad7f-4fa9-8d49-4003dc2fab7a"},"type":"Terminate","inputs":{"runStatus":"Succeeded"}}}},"expression":{"equals":["@outputs('Authentication_+_Authorization')?['body/AuthResult']","@true"]},"metadata":{"operationMetadataId":"e595db21-018d-4d35-93dc-c14924caaa6e"},"type":"If"}},"outputs":{}}},"schemaVersion":"1.0.0.0"}