{"properties":{"connectionReferences":{"shared_commondataserviceforapps":{"runtimeSource":"embedded","connection":{"connectionReferenceLogicalName":"cr85a_sharedcommondataserviceforapps_eef4d"},"api":{"name":"shared_commondataserviceforapps"}}},"definition":{"$schema":"https://schema.management.azure.com/providers/Microsoft.Logic/schemas/2016-06-01/workflowdefinition.json#","contentVersion":"1.0.0.0","parameters":{"$connections":{"defaultValue":{},"type":"Object"},"$authentication":{"defaultValue":{},"type":"SecureObject"}},"triggers":{"manual":{"metadata":{"operationMetadataId":"521def5d-dffe-4ebb-a5c9-ecbc01d7ea27"},"type":"Request","kind":"Http","inputs":{"schema":{"type":"array","items":{"type":"string"}},"method":"POST","relativePath":"clonecalculationcompleted"}}},"actions":{"Apply_to_each_Calculation":{"foreach":"@triggerBody()","actions":{"Get_a_row_by_ID":{"runAfter":{},"metadata":{"operationMetadataId":"e93e06a2-e7f6-469d-88fa-2477a19dba86"},"type":"OpenApiConnection","inputs":{"host":{"connectionName":"shared_commondataserviceforapps","operationId":"GetItem","apiId":"/providers/Microsoft.PowerApps/apis/shared_commondataserviceforapps"},"parameters":{"entityName":"cr85a_calculations","recordId":"@items('Apply_to_each_Calculation')","$select":"cr85a_cloneinprogressstep"},"authentication":"@parameters('$authentication')"}},"Condition":{"actions":{"Set_variable":{"runAfter":{},"metadata":{"operationMetadataId":"72d367dc-e7b8-4d7f-835e-9c966f0ecca9"},"type":"SetVariable","inputs":{"name":"CalculationCloneCompleted","value":"@true"}}},"runAfter":{"Get_a_row_by_ID":["Succeeded"]},"expression":{"or":[{"equals":["@outputs('Get_a_row_by_ID')?['body/cr85a_cloneinprogressstep']","@null"]},{"equals":["@outputs('Get_a_row_by_ID')?['body/cr85a_cloneinprogressstep']","ERROR"]}]},"metadata":{"operationMetadataId":"5203ec3f-2020-4164-93c3-a1b618087fd5"},"type":"If"}},"runAfter":{"Initialize_variable":["Succeeded"]},"metadata":{"operationMetadataId":"8cfdb0e4-c378-4eb9-9381-6301361f2ece"},"type":"Foreach"},"Initialize_variable":{"runAfter":{},"metadata":{"operationMetadataId":"f6a1faab-79f0-45d0-9676-9ebd989d6157"},"type":"InitializeVariable","inputs":{"variables":[{"name":"CalculationCloneCompleted","type":"boolean","value":"@false"}]}},"Response":{"runAfter":{"Apply_to_each_Calculation":["Succeeded"]},"metadata":{"operationMetadataId":"c454193d-8a55-4402-bbb5-b4d07938be96"},"type":"Response","kind":"Http","inputs":{"statusCode":200,"body":"@variables('CalculationCloneCompleted')"}}},"outputs":{}}},"schemaVersion":"1.0.0.0"}