{"properties":{"connectionReferences":{"shared_commondataserviceforapps":{"impersonation":{},"runtimeSource":"embedded","connection":{"connectionReferenceLogicalName":"cr85a_sharedcommondataserviceforapps_eef4d"},"api":{"name":"shared_commondataserviceforapps"}}},"definition":{"$schema":"https://schema.management.azure.com/providers/Microsoft.Logic/schemas/2016-06-01/workflowdefinition.json#","contentVersion":"1.0.0.0","parameters":{"$connections":{"defaultValue":{},"type":"Object"},"$authentication":{"defaultValue":{},"type":"SecureObject"}},"triggers":{"manual":{"metadata":{"operationMetadataId":"caeea6d1-92db-45b3-aca5-4ca94ffcc376"},"type":"Request","kind":"Button","inputs":{"schema":{"type":"object","properties":{"text":{"title":"CalculationId","type":"string","x-ms-dynamically-added":true,"description":"Please enter your input","x-ms-content-hint":"TEXT"}},"required":["text"]}}}},"actions":{"Perform_a_bound_action":{"runAfter":{},"metadata":{"operationMetadataId":"e512bab0-8228-4f15-975f-94251ee62b36"},"type":"OpenApiConnection","inputs":{"host":{"apiId":"/providers/Microsoft.PowerApps/apis/shared_commondataserviceforapps","connectionName":"shared_commondataserviceforapps","operationId":"PerformBoundAction"},"parameters":{"entityName":"cr85a_calculations","actionName":"Microsoft.Dynamics.CRM.cr85a_CloneCalculation","recordId":"@triggerBody()['text']"},"retryPolicy":{"type":"none"},"authentication":"@parameters('$authentication')"}},"Respond_to_a_PowerApp_or_flow":{"runAfter":{},"metadata":{"operationMetadataId":"da881c7b-ff71-46a7-9df3-0f0d8e95709f"},"type":"Response","kind":"PowerApp","inputs":{"statusCode":200,"body":{"result":"@{true}"},"schema":{"type":"object","properties":{"result":{"title":"Result","x-ms-dynamically-added":true,"type":"boolean"}}}}}},"outputs":{}}},"schemaVersion":"1.0.0.0"}