{"properties":{"connectionReferences":{"shared_commondataserviceforapps":{"runtimeSource":"embedded","connection":{"connectionReferenceLogicalName":"cr85a_sharedcommondataserviceforapps_e38d2"},"api":{"name":"shared_commondataserviceforapps"}}},"definition":{"$schema":"https://schema.management.azure.com/providers/Microsoft.Logic/schemas/2016-06-01/workflowdefinition.json#","contentVersion":"1.0.0.0","parameters":{"$connections":{"defaultValue":{},"type":"Object"},"$authentication":{"defaultValue":{},"type":"SecureObject"}},"triggers":{"When_a_row_is_added,_modified_or_deleted":{"metadata":{"operationMetadataId":"550dd20b-41aa-48bd-b7e5-fabf3734b2fa"},"type":"OpenApiConnectionWebhook","inputs":{"host":{"connectionName":"shared_commondataserviceforapps","operationId":"SubscribeWebhookTrigger","apiId":"/providers/Microsoft.PowerApps/apis/shared_commondataserviceforapps"},"parameters":{"subscriptionRequest/message":2,"subscriptionRequest/entityname":"contact","subscriptionRequest/scope":4,"subscriptionRequest/filterexpression":"_cr85a_dossierref_value eq null"},"authentication":"@parameters('$authentication')"}}},"actions":{"Initialize_variable_application_id":{"runAfter":{},"metadata":{"operationMetadataId":"a900b2e4-8ddc-429e-945f-6f41271a5afc"},"type":"InitializeVariable","inputs":{"variables":[{"name":"application_id","type":"string","value":"30fa1b2a-c25a-4462-b4dc-145649d94b64"}]}},"Initialize_variable_directory_id":{"runAfter":{"Initialize_variable_application_id":["Succeeded"]},"metadata":{"operationMetadataId":"44cb5230-4fb5-4ff8-be38-b5526e183469"},"type":"InitializeVariable","inputs":{"variables":[{"name":"directory_id","type":"string","value":"e7a4efbd-b4bb-4744-9868-d77dc58dc18c"}]}},"Initialize_variable_secret":{"runAfter":{"Initialize_variable_directory_id":["Succeeded"]},"metadata":{"operationMetadataId":"3ad945a8-807e-4c81-b7e8-8f35a56824ba"},"type":"InitializeVariable","inputs":{"variables":[{"name":"secret","type":"string","value":"-jmloE~24~-823uVbLznxchu0iXcV4Pe9C"}]}},"Initialize_Price":{"runAfter":{"Initialize_variable_secret":["Succeeded"]},"metadata":{"operationMetadataId":"e202be82-db53-4c54-8d54-4b8df26a94ef"},"type":"InitializeVariable","inputs":{"variables":[{"name":"Price","type":"float","value":140}]}},"HTTP_Azure_delete_user":{"runAfter":{"Initialize_Price":["Succeeded"]},"metadata":{"operationMetadataId":"3abeab68-b88e-43fd-8583-b6eb38a48a1c"},"type":"Http","inputs":{"method":"DELETE","uri":"https://graph.microsoft.com/v1.0/users/@{concat(triggerOutputs()?['body/contactid'],'@fintrustb2c.onmicrosoft.com')}","headers":{"Content-type":"application/json"},"authentication":{"type":"ActiveDirectoryOAuth","tenant":"@variables('directory_id')","audience":"https://graph.microsoft.com","clientId":"@variables('application_id')","secret":"@variables('secret')"}}}}}},"schemaVersion":"1.0.0.0"}