{"properties":{"connectionReferences":{"shared_commondataserviceforapps":{"runtimeSource":"embedded","connection":{"connectionReferenceLogicalName":"cr85a_sharedcommondataserviceforapps_d0d45"},"api":{"name":"shared_commondataserviceforapps"}},"shared_commondataserviceforapps_1":{"runtimeSource":"embedded","connection":{"connectionReferenceLogicalName":"cr85a_sharedcommondataserviceforapps_d0d45"},"api":{"name":"shared_commondataserviceforapps"}},"shared_commondataserviceforapps_2":{"runtimeSource":"embedded","connection":{"connectionReferenceLogicalName":"cr85a_sharedcommondataserviceforapps_c91da"},"api":{"name":"shared_commondataserviceforapps"}}},"definition":{"$schema":"https://schema.management.azure.com/providers/Microsoft.Logic/schemas/2016-06-01/workflowdefinition.json#","contentVersion":"1.0.0.0","parameters":{"$connections":{"defaultValue":{},"type":"Object"},"$authentication":{"defaultValue":{},"type":"SecureObject"}},"triggers":{"manual":{"metadata":{"operationMetadataId":"38a967c6-8176-4c68-af9e-c66eb2e64774"},"type":"Request","kind":"Http","inputs":{"schema":{"type":"object","properties":{"cr85a_calculationid":{"type":"string"},"cr85a_relatieid":{"type":"string"},"cr85a_vermogenscomponentid":{"type":"string"},"cr85a_bezitschuld":{"type":"string"},"cr85a_componentomschrijving":{"type":"string"},"cr85a_waardecomponent":{"type":"number"},"cr85a_componentopnaamvan":{"type":"integer"},"cr85a_deelcomponentgebruiker":{"type":"number"},"cr85a_deelcomponentpartner":{"type":"number"},"cr85a_gemeenschappelijkprive":{"type":"integer"},"cr85a_priveeigenaar":{"type":"integer"},"cr85a_yellowsheetversionid":{"type":"string"}}},"method":"POST","relativePath":"createOrUpdateAssetsLiabilities"}}},"actions":{"Condition":{"actions":{"Response_200_create":{"runAfter":{"Check_if_exist_prive_to_be_handled_by_plugins_2":["Succeeded"]},"metadata":{"operationMetadataId":"c1358e56-d5c2-4915-9de9-a077070dfef1"},"type":"Response","kind":"Http","inputs":{"statusCode":200}},"Response_400_create":{"runAfter":{"Response_200_create":["Failed","Skipped","TimedOut"]},"metadata":{"operationMetadataId":"232358b1-32d6-4a94-b97b-dfbaad124cd2"},"type":"Response","kind":"Http","inputs":{"statusCode":400}},"Check_if_exist_prive_to_be_handled_by_plugins_2":{"actions":{"Create_asset":{"runAfter":{},"metadata":{"operationMetadataId":"d5b5f581-65d3-4b3a-812d-daf309b58c62"},"type":"OpenApiConnection","inputs":{"host":{"connectionName":"shared_commondataserviceforapps","operationId":"CreateRecord","apiId":"/providers/Microsoft.PowerApps/apis/shared_commondataserviceforapps"},"parameters":{"entityName":"cr85a_vermogenscomponents","item/cr85a_vermogensvoornascheiding":469280000,"item/cr85a_bezitschuldcodeidentifier":"@triggerBody()?['cr85a_bezitschuld']","item/cr85a_componentomschrijving":"@triggerBody()?['cr85a_componentomschrijving']","item/cr85a_bezitverpandjanee":"@variables('IsPledged')","item/cr85a_eigenaarnascheidinginboedel":469280002,"item/cr85a_componentopnaamvan":"@if(equals(triggerBody()?['cr85a_componentopnaamvan'], 0), null, triggerBody()?['cr85a_componentopnaamvan'])","item/cr85a_deelcomponentpartner":"@triggerBody()?['cr85a_deelcomponentpartner']","item/cr85a_deelcomponentgebruiker":"@triggerBody()?['cr85a_deelcomponentgebruiker']","item/cr85a_soortvermogen":469280000,"item/cr85a_typecomponent":469280002,"item/cr85a_bezitschuldwoning":"@null","item/cr85a_bezitschuldoverig":"@null","item/cr85a_bezitverpand":"@null","item/cr85a_waardecomponent":"@triggerBody()?['cr85a_waardecomponent']"},"authentication":"@parameters('$authentication')"}},"Relate_rows":{"runAfter":{"Create_asset":["Succeeded"]},"metadata":{"operationMetadataId":"d71943ef-1272-499b-b5f4-b23ed9f7aed8"},"type":"OpenApiConnection","inputs":{"host":{"connectionName":"shared_commondataserviceforapps","operationId":"AssociateEntities","apiId":"/providers/Microsoft.PowerApps/apis/shared_commondataserviceforapps"},"parameters":{"entityName":"cr85a_relaties","recordId":"@triggerBody()?['cr85a_relatieid']","associationEntityRelationship":"cr85a_relatie_relatievermogenscomponent_c","item/@odata.id":"@outputs('Create_asset')?['body/@odata.id']"},"authentication":"@parameters('$authentication')"}}},"runAfter":{},"else":{"actions":{"Add_a_new_row":{"runAfter":{},"metadata":{"operationMetadataId":"b4fa4d01-7b6c-4e66-819a-657f832f87d8"},"type":"OpenApiConnection","inputs":{"host":{"connectionName":"shared_commondataserviceforapps_1","operationId":"CreateRecord","apiId":"/providers/Microsoft.PowerApps/apis/shared_commondataserviceforapps"},"parameters":{"entityName":"cr85a_vermogenscomponents","item/cr85a_vermogensvoornascheiding":469280000,"item/cr85a_bezitschuldcodeidentifier":"@triggerBody()?['cr85a_bezitschuld']","item/cr85a_componentomschrijving":"@triggerBody()?['cr85a_componentomschrijving']","item/cr85a_bezitverpandjanee":"@variables('IsPledged')","item/cr85a_gemeenschappelijkprive":"@triggerBody()?['cr85a_gemeenschappelijkprive']","item/cr85a_componentopnaamvan":"@if(equals(triggerBody()?['cr85a_componentopnaamvan'], 0), null, triggerBody()?['cr85a_componentopnaamvan'])","item/cr85a_deelcomponentpartner":"@triggerBody()?['cr85a_deelcomponentpartner']","item/cr85a_deelcomponentgebruiker":"@triggerBody()?['cr85a_deelcomponentgebruiker']","item/cr85a_soortvermogen":469280000,"item/cr85a_typecomponent":469280002,"item/cr85a_bezitschuldwoning":"@null","item/cr85a_bezitschuldoverig":"@null","item/cr85a_bezitverpand":"@null","item/cr85a_waardecomponent":"@triggerBody()?['cr85a_waardecomponent']","item/cr85a_priveeigenaar":"@if(equals(triggerBody()?['cr85a_priveeigenaar'],0),null,triggerBody()?['cr85a_priveeigenaar'])"},"authentication":"@parameters('$authentication')"}},"Relate_rows_2":{"runAfter":{"Add_a_new_row":["Succeeded"]},"metadata":{"operationMetadataId":"3111da56-e87e-494c-ac2e-8d0bf8d516f1"},"type":"OpenApiConnection","inputs":{"host":{"connectionName":"shared_commondataserviceforapps_1","operationId":"AssociateEntities","apiId":"/providers/Microsoft.PowerApps/apis/shared_commondataserviceforapps"},"parameters":{"entityName":"cr85a_relaties","recordId":"@triggerBody()?['cr85a_relatieid']","associationEntityRelationship":"cr85a_relatie_relatievermogenscomponent_c","item/@odata.id":"@outputs('Add_a_new_row')?['body/@odata.id']"},"authentication":"@parameters('$authentication')"}}}},"expression":{"equals":["@triggerBody()?['cr85a_gemeenschappelijkprive']",0]},"metadata":{"operationMetadataId":"c696cb9d-0006-4172-8d39-e9fddeaa70bb"},"type":"If"}},"runAfter":{"Check_if_Asset_is_Pledged":["Succeeded"]},"else":{"actions":{"Response_200_update":{"runAfter":{"Check_if_exist_prive_to_be_handled_by_plugins":["Succeeded"]},"metadata":{"operationMetadataId":"406f745c-2d2a-405d-9fda-44bfdbbdab42"},"type":"Response","kind":"Http","inputs":{"statusCode":200}},"Response_400_update":{"runAfter":{"Response_200_update":["Failed","Skipped","TimedOut"]},"metadata":{"operationMetadataId":"8b21b968-08ea-4797-8c7c-4451b0e97ec3"},"type":"Response","kind":"Http","inputs":{"statusCode":400}},"Check_if_exist_prive_to_be_handled_by_plugins":{"actions":{"Update_asset":{"runAfter":{},"metadata":{"operationMetadataId":"8f54eda8-69f1-4cee-9ef4-6f9559f3512f"},"type":"OpenApiConnection","inputs":{"host":{"connectionName":"shared_commondataserviceforapps","operationId":"UpdateRecord","apiId":"/providers/Microsoft.PowerApps/apis/shared_commondataserviceforapps"},"parameters":{"entityName":"cr85a_vermogenscomponents","recordId":"@triggerBody()?['cr85a_vermogenscomponentid']","item/cr85a_bezitschuldcodeidentifier":"@triggerBody()?['cr85a_bezitschuld']","item/cr85a_componentomschrijving":"@triggerBody()?['cr85a_componentomschrijving']","item/cr85a_bezitverpandjanee":"@variables('IsPledged')","item/cr85a_componentopnaamvan":"@if(equals(triggerBody()?['cr85a_componentopnaamvan'], 0), null, triggerBody()?['cr85a_componentopnaamvan'])","item/cr85a_deelcomponentpartner":"@triggerBody()?['cr85a_deelcomponentpartner']","item/cr85a_deelcomponentgebruiker":"@triggerBody()?['cr85a_deelcomponentgebruiker']","item/cr85a_typecomponent":469280002,"item/cr85a_waardecomponent":"@triggerBody()?['cr85a_waardecomponent']"},"authentication":"@parameters('$authentication')"}}},"runAfter":{},"else":{"actions":{"Update_a_row":{"runAfter":{},"metadata":{"operationMetadataId":"0f5f17b8-30de-4ce2-93cd-7c877b86f903"},"type":"OpenApiConnection","inputs":{"host":{"connectionName":"shared_commondataserviceforapps_1","operationId":"UpdateRecord","apiId":"/providers/Microsoft.PowerApps/apis/shared_commondataserviceforapps"},"parameters":{"entityName":"cr85a_vermogenscomponents","recordId":"@triggerBody()?['cr85a_vermogenscomponentid']","item/cr85a_bezitschuldcodeidentifier":"@triggerBody()?['cr85a_bezitschuld']","item/cr85a_componentomschrijving":"@triggerBody()?['cr85a_componentomschrijving']","item/cr85a_bezitverpandjanee":"@variables('IsPledged')","item/cr85a_gemeenschappelijkprive":"@triggerBody()?['cr85a_gemeenschappelijkprive']","item/cr85a_componentopnaamvan":"@if(equals(triggerBody()?['cr85a_componentopnaamvan'], 0), null, triggerBody()?['cr85a_componentopnaamvan'])","item/cr85a_deelcomponentpartner":"@triggerBody()?['cr85a_deelcomponentpartner']","item/cr85a_deelcomponentgebruiker":"@triggerBody()?['cr85a_deelcomponentgebruiker']","item/cr85a_typecomponent":469280002,"item/cr85a_waardecomponent":"@triggerBody()?['cr85a_waardecomponent']","item/cr85a_priveeigenaar":"@if(equals(triggerBody()?['cr85a_priveeigenaar'],0),null,triggerBody()?['cr85a_priveeigenaar'])"},"authentication":"@parameters('$authentication')"}}}},"expression":{"equals":["@triggerBody()?['cr85a_gemeenschappelijkprive']",0]},"metadata":{"operationMetadataId":"cdee6889-2d74-45f0-9c5b-c180134cb0a6"},"type":"If"}}},"expression":{"equals":["@triggerBody()?['cr85a_vermogenscomponentid']",""]},"metadata":{"operationMetadataId":"18e36289-257d-4170-8df0-aa53d8cae58b"},"type":"If"},"Check_if_Asset_is_Pledged":{"actions":{"Set_IsPleged_=_true":{"runAfter":{},"metadata":{"operationMetadataId":"a78e616c-b2a6-4f5e-b0c1-8053771142b5"},"type":"SetVariable","inputs":{"name":"IsPledged","value":true}}},"runAfter":{"List_rows_-_BezitSchuldCodes_(First)":["Succeeded"]},"expression":{"equals":["@first(outputs('List_rows_-_BezitSchuldCodes_(First)')?['body/value'])?['cr85a_ispledged']","@true"]},"metadata":{"operationMetadataId":"8033998b-f0ca-45fd-baf5-233528a538e9"},"type":"If"},"Initialize_variable":{"runAfter":{"Condition_Authentication_+_Authorization":["Succeeded"]},"metadata":{"operationMetadataId":"69cb7997-4471-4fb4-b3bb-54b71120a2aa"},"type":"InitializeVariable","inputs":{"variables":[{"name":"IsPledged","type":"boolean","value":false}]}},"List_rows_-_BezitSchuldCodes_(First)":{"runAfter":{"Initialize_variable":["Succeeded"]},"metadata":{"operationMetadataId":"2e670e7a-1082-46d4-a8a4-22a8ede08ecc"},"type":"OpenApiConnection","inputs":{"host":{"connectionName":"shared_commondataserviceforapps_2","operationId":"ListRecords","apiId":"/providers/Microsoft.PowerApps/apis/shared_commondataserviceforapps"},"parameters":{"entityName":"cr85a_bezitschuldcodes","$select":"cr85a_bezitschuldcodeid,cr85a_ispledged","$filter":"(_cr85a_yellowsheetversionid_value eq '@{triggerBody()?['cr85a_yellowsheetversionid']}' and cr85a_identifier eq '@{triggerBody()?['cr85a_bezitschuld']}')","$top":1},"authentication":"@parameters('$authentication')"}},"Authentication_+_Authorization":{"runAfter":{},"metadata":{"operationMetadataId":"6156e4da-100d-49f8-9c85-ff72ddde6368"},"type":"OpenApiConnection","inputs":{"host":{"connectionName":"shared_commondataserviceforapps","operationId":"PerformUnboundAction","apiId":"/providers/Microsoft.PowerApps/apis/shared_commondataserviceforapps"},"parameters":{"actionName":"cr85a_AuthenticationAuthorizationProcess","item/PortalAuthToken":"@triggerOutputs()['headers']['portalauthtoken']","item/CalculationId":"@triggerBody()?['cr85a_calculationid']","item/StepId":"6c124ad8-9373-eb11-a812-000d3a22c008","item/RelationId":"@triggerBody()?['cr85a_relatieid']"},"authentication":"@parameters('$authentication')"}},"Condition_Authentication_+_Authorization":{"actions":{},"runAfter":{"Authentication_+_Authorization":["Succeeded"]},"else":{"actions":{"Response_Authentication_+_Authorization":{"runAfter":{},"metadata":{"operationMetadataId":"a28db4f1-5fe9-4710-810a-7ffbd6894cfd"},"type":"Response","kind":"Http","inputs":{"statusCode":"@outputs('Authentication_+_Authorization')?['body/HttpCode']","body":"@outputs('Authentication_+_Authorization')?['body/ErrorMessage']"}},"Terminate":{"runAfter":{"Response_Authentication_+_Authorization":["Succeeded"]},"metadata":{"operationMetadataId":"1e03b376-ad7f-4fa9-8d49-4003dc2fab7a"},"type":"Terminate","inputs":{"runStatus":"Succeeded"}}}},"expression":{"equals":["@outputs('Authentication_+_Authorization')?['body/AuthResult']","@true"]},"metadata":{"operationMetadataId":"e595db21-018d-4d35-93dc-c14924caaa6e"},"type":"If"}}}},"schemaVersion":"1.0.0.0"}