{"properties":{"connectionReferences":{"shared_commondataserviceforapps":{"runtimeSource":"embedded","connection":{"connectionReferenceLogicalName":"cr85a_sharedcommondataserviceforapps_c91da"},"api":{"name":"shared_commondataserviceforapps"}}},"definition":{"$schema":"https://schema.management.azure.com/providers/Microsoft.Logic/schemas/2016-06-01/workflowdefinition.json#","contentVersion":"1.0.0.0","parameters":{"$connections":{"defaultValue":{},"type":"Object"},"$authentication":{"defaultValue":{},"type":"SecureObject"}},"triggers":{"manual":{"metadata":{"operationMetadataId":"bb2f3c5e-4474-4b94-a1af-d65206be2148"},"type":"Request","kind":"Http","inputs":{"schema":{"type":"object","properties":{"cr85a_calculationid":{"type":"string"},"cr85a_caseid":{"type":"string"},"cr85a_berekeningsdatum":{"type":"string"}}},"method":"POST","relativePath":"saveCase"}}},"actions":{"Condition":{"actions":{},"runAfter":{"Condition_Authentication_+_Authorization":["Succeeded"]},"else":{"actions":{"Update_a_row":{"runAfter":{},"metadata":{"operationMetadataId":"954fe63d-043b-4e64-b256-b510d0dd64bc"},"type":"OpenApiConnection","inputs":{"host":{"connectionName":"shared_commondataserviceforapps","operationId":"UpdateRecord","apiId":"/providers/Microsoft.PowerApps/apis/shared_commondataserviceforapps"},"parameters":{"entityName":"cr85a_cases","recordId":"@triggerBody()?['cr85a_caseid']","item/cr85a_berekeningsdatum":"@triggerBody()?['cr85a_berekeningsdatum']"},"authentication":"@parameters('$authentication')"}}}},"expression":{"equals":["@triggerBody()?['cr85a_caseid']",""]},"metadata":{"operationMetadataId":"2a6f9c88-af2c-4cf3-b2de-2f4d0dfd8b1b"},"type":"If"},"OK":{"runAfter":{"Condition":["Succeeded"]},"metadata":{"operationMetadataId":"59f1258c-d37f-408f-93a9-3aa775fa1658"},"type":"Response","kind":"Http","inputs":{"statusCode":200}},"Fail":{"runAfter":{"OK":["Failed","Skipped","TimedOut"]},"metadata":{"operationMetadataId":"cb51f6c5-8f2f-4af5-bb78-2d8521c1ea51"},"type":"Response","kind":"Http","inputs":{"statusCode":400}},"Authentication_+_Authorization":{"runAfter":{},"metadata":{"operationMetadataId":"6156e4da-100d-49f8-9c85-ff72ddde6368"},"type":"OpenApiConnection","inputs":{"host":{"connectionName":"shared_commondataserviceforapps","operationId":"PerformUnboundAction","apiId":"/providers/Microsoft.PowerApps/apis/shared_commondataserviceforapps"},"parameters":{"actionName":"cr85a_AuthenticationAuthorizationProcess","item/PortalAuthToken":"@triggerOutputs()['headers']['portalauthtoken']","item/CalculationId":"@triggerBody()?['cr85a_calculationid']","item/StepId":"cf7dfa1e-2f72-eb11-a812-000d3a481aa1","item/CaseId":"@triggerBody()?['cr85a_caseid']"},"authentication":"@parameters('$authentication')"}},"Condition_Authentication_+_Authorization":{"actions":{},"runAfter":{"Authentication_+_Authorization":["Succeeded"]},"else":{"actions":{"Response_Authentication_+_Authorization":{"runAfter":{},"metadata":{"operationMetadataId":"a28db4f1-5fe9-4710-810a-7ffbd6894cfd"},"type":"Response","kind":"Http","inputs":{"statusCode":"@outputs('Authentication_+_Authorization')?['body/HttpCode']","body":"@outputs('Authentication_+_Authorization')?['body/ErrorMessage']"}},"Terminate":{"runAfter":{"Response_Authentication_+_Authorization":["Succeeded"]},"metadata":{"operationMetadataId":"1e03b376-ad7f-4fa9-8d49-4003dc2fab7a"},"type":"Terminate","inputs":{"runStatus":"Succeeded"}}}},"expression":{"equals":["@outputs('Authentication_+_Authorization')?['body/AuthResult']","@true"]},"metadata":{"operationMetadataId":"e595db21-018d-4d35-93dc-c14924caaa6e"},"type":"If"}}}},"schemaVersion":"1.0.0.0"}