{"properties":{"connectionReferences":{"shared_commondataserviceforapps":{"runtimeSource":"embedded","connection":{"connectionReferenceLogicalName":"cr85a_sharedcommondataserviceforapps_472b0"},"api":{"name":"shared_commondataserviceforapps"}}},"definition":{"$schema":"https://schema.management.azure.com/providers/Microsoft.Logic/schemas/2016-06-01/workflowdefinition.json#","contentVersion":"1.0.0.0","parameters":{"$connections":{"defaultValue":{},"type":"Object"},"$authentication":{"defaultValue":{},"type":"SecureObject"}},"triggers":{"manual":{"metadata":{"operationMetadataId":"5af20f74-167e-4a20-99a6-fd17e6d1c23f"},"type":"Request","kind":"Http","inputs":{"schema":{"type":"object","properties":{"cr85a_inkomengebruiker":{"type":"string"},"cr85a_inkomenpartner":{"type":"string"},"cr85a_box3voornascheiding":{"type":"integer"},"cr85a_vermbox3behtot":{"type":"number"},"cr85a_vermbox3behgebruiker":{"type":"number"},"cr85a_vermbox3behpartner":{"type":"number"},"cr85a_rentejrvermbox3":{"type":"number"},"cr85a_rentejrvermbox3partner":{"type":"number"},"cr85a_ovginkjrvermbox3":{"type":"number"},"cr85a_ovginkjrvermbox3partner":{"type":"number"},"cr85a_totinkjrvermbox3":{"type":"number"},"cr85a_totinkjrvermbox3partner":{"type":"number"},"cr85a_lastjrvermbox3":{"type":"number"},"cr85a_lastjrvermbox3partner":{"type":"number"},"cr85a_inkbox3beh":{"type":"number"},"cr85a_inkbox3behpartner":{"type":"number"},"cr85a_calculationidref":{"type":"string"},"cr85a_inkomentype":{"type":"integer"},"cr85a_inkomenbox3ref":{"type":"string"},"cr85a_inkomenbox3partnerref":{"type":"string"},"cr85a_inkomenberekendnascheiding":{"type":"integer"},"cr85a_inkomenvermogenbox3id":{"type":"string"},"modifiedbycontact":{"type":"string"}}},"method":"POST","relativePath":"saveIncomeWealthBox3"}}},"actions":{"Initialize_CountAssets":{"runAfter":{"Condition_Authentication_+_Authorization":["Succeeded"]},"metadata":{"operationMetadataId":"fcb5fc5e-117e-4132-82dc-9effefcba064"},"type":"InitializeVariable","inputs":{"variables":[{"name":"CountAssets","type":"integer","value":0}]}},"Create_or_Update_IncomeWealthBox3":{"actions":{"Add_IncomeWealthBox3_BD":{"runAfter":{},"metadata":{"operationMetadataId":"bdfc4389-56ca-4db9-ae6a-c3c5c13ca52d"},"type":"OpenApiConnection","inputs":{"host":{"connectionName":"shared_commondataserviceforapps","operationId":"CreateRecord","apiId":"/providers/Microsoft.PowerApps/apis/shared_commondataserviceforapps"},"parameters":{"entityName":"cr85a_inkomenvermogenbox3s","item/cr85a_inkbox3beh":"@if(equals(triggerBody()?['cr85a_inkbox3beh'],0),null,triggerBody()?['cr85a_inkbox3beh'])","item/cr85a_inkbox3behpartner":"@if(equals(triggerBody()?['cr85a_inkbox3behpartner'],0),null,triggerBody()?['cr85a_inkbox3behpartner'])","item/cr85a_vermbox3behpartner":"@if(equals(triggerBody()?['cr85a_vermbox3behpartner'],0),null,triggerBody()?['cr85a_vermbox3behpartner'])","item/cr85a_vermbox3behgebruiker":"@if(equals(triggerBody()?['cr85a_vermbox3behgebruiker'],0),null,triggerBody()?['cr85a_vermbox3behgebruiker'])","item/cr85a_box3voornascheiding":469280000,"item/cr85a_lastjrvermbox3":"@if(equals(triggerBody()?['cr85a_lastjrvermbox3'],0),null,triggerBody()?['cr85a_lastjrvermbox3'])","item/cr85a_lastjrvermbox3partner":"@if(equals(triggerBody()?['cr85a_lastjrvermbox3partner'],0),null,triggerBody()?['cr85a_lastjrvermbox3partner'])","item/cr85a_description":"IncomeWealthBox3_BD_@{utcNow()}","item/cr85a_rentejrvermbox3":"@if(equals(triggerBody()?['cr85a_rentejrvermbox3'],0),null,triggerBody()?['cr85a_rentejrvermbox3'])","item/cr85a_rentejrvermbox3partner":"@if(equals(triggerBody()?['cr85a_rentejrvermbox3partner'],0),null,triggerBody()?['cr85a_rentejrvermbox3partner'])","item/cr85a_ModifiedByContact@odata.bind":"contacts(@{triggerBody()?['modifiedbycontact']})","item/cr85a_ovginkjrvermbox3":"@if(equals(triggerBody()?['cr85a_ovginkjrvermbox3'],0),null,triggerBody()?['cr85a_ovginkjrvermbox3'])","item/cr85a_ovginkjrvermbox3partner":"@if(equals(triggerBody()?['cr85a_ovginkjrvermbox3partner'],0),null,triggerBody()?['cr85a_ovginkjrvermbox3partner'])","item/cr85a_vermbox3behtot":"@if(equals(triggerBody()?['cr85a_vermbox3behtot'],0),null,triggerBody()?['cr85a_vermbox3behtot'])","item/cr85a_totinkjrvermbox3":"@if(equals(triggerBody()?['cr85a_totinkjrvermbox3'],0),null,triggerBody()?['cr85a_totinkjrvermbox3'])","item/cr85a_totinkjrvermbox3partner":"@if(equals(triggerBody()?['cr85a_totinkjrvermbox3partner'],0),null,triggerBody()?['cr85a_totinkjrvermbox3partner'])"},"authentication":"@parameters('$authentication')"}},"CreateOrUpdate_Income":{"runAfter":{"Set_CountAssets":["Succeeded"]},"metadata":{"operationMetadataId":"3d772115-780f-4dfa-bff7-651ece7f6915"},"type":"Workflow","inputs":{"host":{"workflowReferenceName":"596b1ddf-269e-eb11-b1ac-000d3a21153a"},"body":{"cr85a_inkomenberekendnascheiding":"@triggerBody()?['cr85a_inkomenberekendnascheiding']","cr85a_inkomenbox3jn":true,"cr85a_bedraginkomenbrjrvr":"@triggerBody()?['cr85a_inkbox3beh']","cr85a_inkomencomponentref":"@outputs('Add_IncomeWealthBox3_BD')?['body/cr85a_inkomenvermogenbox3id']","cr85a_inkomentype":"@triggerBody()?['cr85a_inkomentype']","cr85a_inkomenvolgorde":"@variables('CountAssets')","cr85a_inkomengebruiker":"@triggerBody()?['cr85a_inkomengebruiker']","cr85a_observations":"Asset @{variables('CountAssets')}","ispartner":false,"cr85a_calculationidref":"@triggerBody()?['cr85a_calculationidref']","modifiedbycontact":"@triggerBody()?['modifiedbycontact']"}}},"Parse_JSON":{"runAfter":{"CreateOrUpdate_Income_Partner":["Succeeded"]},"metadata":{"operationMetadataId":"43a5a254-0150-4b87-afcd-8dee4adc9815"},"type":"ParseJson","inputs":{"content":"@outputs('CreateOrUpdate_Income')?['Body']","schema":{"type":"object","properties":{"incomeid":{"type":"string"}}}}},"Relate_IncomeWealthBox3_BD_-_Income":{"runAfter":{"Parse_JSON_Partner":["Succeeded"]},"metadata":{"operationMetadataId":"161a3950-9cb5-458b-b3c9-df09ae5a5b7f"},"type":"OpenApiConnection","inputs":{"host":{"connectionName":"shared_commondataserviceforapps","operationId":"AssociateEntities","apiId":"/providers/Microsoft.PowerApps/apis/shared_commondataserviceforapps"},"parameters":{"entityName":"cr85a_inkomens","recordId":"@body('Parse_JSON')?['incomeid']","associationEntityRelationship":"cr85a_inkomenvermogenbox3_cr85a_inkomenbo","item/@odata.id":"@outputs('Add_IncomeWealthBox3_BD')?['body/@odata.id']"},"authentication":"@parameters('$authentication')"}},"Set_CountAssets":{"actions":{"List_Income_Partner_Before":{"runAfter":{},"metadata":{"operationMetadataId":"16e50df7-ec98-4801-8a8c-03ee90b5eeef"},"type":"OpenApiConnection","inputs":{"host":{"connectionName":"shared_commondataserviceforapps","operationId":"ListRecords","apiId":"/providers/Microsoft.PowerApps/apis/shared_commondataserviceforapps"},"parameters":{"entityName":"cr85a_inkomens","$select":"cr85a_inkomentype,_cr85a_inkomenpartner_value,_cr85a_calculationidref_value","$filter":"(cr85a_inkomentype eq 469280003) and (_cr85a_inkomenpartner_value eq  @{triggerBody()?['cr85a_inkomenpartner']}) and (_cr85a_calculationidref_value eq @{triggerBody()?['cr85a_calculationidref']})"},"authentication":"@parameters('$authentication')"}},"Set_variable_2":{"runAfter":{"List_Income_Partner_Before":["Succeeded"]},"metadata":{"operationMetadataId":"34598b92-39eb-42d9-9807-f0774ce2bfa2"},"type":"SetVariable","inputs":{"name":"CountAssets","value":"@add(length(outputs('List_Income_Partner_Before')?['body/value']), 1)"}}},"runAfter":{"Add_IncomeWealthBox3_BD":["Succeeded"]},"else":{"actions":{"List_Income_User_Before":{"runAfter":{},"metadata":{"operationMetadataId":"e70c6617-d8eb-462d-9995-ffe37eb43cdc"},"type":"OpenApiConnection","inputs":{"host":{"connectionName":"shared_commondataserviceforapps","operationId":"ListRecords","apiId":"/providers/Microsoft.PowerApps/apis/shared_commondataserviceforapps"},"parameters":{"entityName":"cr85a_inkomens","$select":"cr85a_inkomentype,_cr85a_inkomengebruiker_value,_cr85a_calculationidref_value","$filter":"(cr85a_inkomentype eq 469280003) and (_cr85a_inkomengebruiker_value eq @{triggerBody()?['cr85a_inkomengebruiker']}) and (_cr85a_calculationidref_value eq @{triggerBody()?['cr85a_calculationidref']})"},"authentication":"@parameters('$authentication')"}},"Set_variable":{"runAfter":{"List_Income_User_Before":["Succeeded"]},"metadata":{"operationMetadataId":"f0de5776-335b-4da2-b167-8ecc76f9b330"},"type":"SetVariable","inputs":{"name":"CountAssets","value":"@add(length(outputs('List_Income_User_Before')?['body/value']), 1)"}}}},"expression":{"equals":["@triggerBody()?['ispartner']",true]},"metadata":{"operationMetadataId":"dda95c63-4f9b-44b5-b958-2d5e80c2a90e"},"type":"If"},"CreateOrUpdate_Income_Partner":{"runAfter":{"CreateOrUpdate_Income":["Succeeded"]},"metadata":{"operationMetadataId":"5c92fb67-1eca-48e2-8881-c7f3f1cbdf50"},"type":"Workflow","inputs":{"host":{"workflowReferenceName":"596b1ddf-269e-eb11-b1ac-000d3a21153a"},"body":{"cr85a_inkomenberekendnascheiding":"@triggerBody()?['cr85a_inkomenberekendnascheiding']","cr85a_inkomenbox3jn":true,"cr85a_bedraginkomenbrjrvr":"@triggerBody()?['cr85a_inkbox3behpartner']","cr85a_inkomencomponentref":"@outputs('Add_IncomeWealthBox3_BD')?['body/cr85a_inkomenvermogenbox3id']","cr85a_inkomentype":"@triggerBody()?['cr85a_inkomentype']","cr85a_inkomenvolgorde":"@variables('CountAssets')","cr85a_inkomenpartner":"@triggerBody()?['cr85a_inkomenpartner']","cr85a_observations":"Asset @{variables('CountAssets')}","ispartner":true,"cr85a_calculationidref":"@triggerBody()?['cr85a_calculationidref']","modifiedbycontact":"@triggerBody()?['modifiedbycontact']"}}},"Relate_IncomeWealthBox3_with_Income_for_Partner_BD":{"runAfter":{"Relate_IncomeWealthBox3_BD_-_Income":["Succeeded"]},"metadata":{"operationMetadataId":"13f39ef9-93ef-4e8f-83ca-368eb6f0cfd7"},"type":"OpenApiConnection","inputs":{"host":{"connectionName":"shared_commondataserviceforapps","operationId":"AssociateEntities","apiId":"/providers/Microsoft.PowerApps/apis/shared_commondataserviceforapps"},"parameters":{"entityName":"cr85a_inkomens","recordId":"@body('Parse_JSON_Partner')?['incomeid']","associationEntityRelationship":"cr85a_inkomenbox3_cr85a_inkomenpartner","item/@odata.id":"@outputs('Add_IncomeWealthBox3_BD')?['body/@odata.id']"},"authentication":"@parameters('$authentication')"}},"Parse_JSON_Partner":{"runAfter":{"Parse_JSON":["Succeeded"]},"metadata":{"operationMetadataId":"b27e0de3-745b-4483-96bc-06c34650106e"},"type":"ParseJson","inputs":{"content":"@outputs('CreateOrUpdate_Income_Partner')?['Body']","schema":{"type":"object","properties":{"incomeid":{"type":"string"}}}}}},"runAfter":{"Initialize_CountAssets":["Succeeded"]},"else":{"actions":{"Condition":{"actions":{"Form_is_BD":{"actions":{"CreateOrUpdate_Income_BD":{"runAfter":{},"metadata":{"operationMetadataId":"3bd4d45d-b4f8-41fb-9636-81cf184f24c9"},"type":"Workflow","inputs":{"host":{"workflowReferenceName":"596b1ddf-269e-eb11-b1ac-000d3a21153a"},"body":{"cr85a_inkomenid":"@triggerBody()?['cr85a_inkomenbox3ref']","cr85a_inkomenberekendnascheiding":"@triggerBody()?['cr85a_inkomenberekendnascheiding']","cr85a_inkomenbox3jn":true,"cr85a_bedraginkomenbrjrvr":"@triggerBody()?['cr85a_inkbox3beh']","cr85a_inkomencomponentref":"@outputs('Update_a_row')?['body/cr85a_inkomenvermogenbox3id']","cr85a_inkomentype":"@triggerBody()?['cr85a_inkomentype']","cr85a_inkomenvolgorde":"@outputs('Get_order_Number')?['body/cr85a_inkomenvolgorde']","cr85a_inkomengebruiker":"@triggerBody()?['cr85a_inkomengebruiker']","cr85a_observations":"Asset @{outputs('Get_order_Number')?['body/cr85a_inkomenvolgorde']}","ispartner":false,"cr85a_calculationidref":"@triggerBody()?['cr85a_calculationidref']","modifiedbycontact":"@triggerBody()?['modifiedbycontact']"}}},"CreateOrUpdate_Income_BD_-_partner":{"runAfter":{"CreateOrUpdate_Income_BD":["Succeeded"]},"metadata":{"operationMetadataId":"1877f7d1-e49b-4e8b-b95b-ad3134abf731"},"type":"Workflow","inputs":{"host":{"workflowReferenceName":"596b1ddf-269e-eb11-b1ac-000d3a21153a"},"body":{"cr85a_inkomenid":"@triggerBody()?['cr85a_inkomenbox3partnerref']","cr85a_inkomenberekendnascheiding":"@triggerBody()?['cr85a_inkomenberekendnascheiding']","cr85a_inkomenbox3jn":true,"cr85a_bedraginkomenbrjrvr":"@triggerBody()?['cr85a_inkbox3behpartner']","cr85a_inkomencomponentref":"@outputs('Update_a_row')?['body/cr85a_inkomenvermogenbox3id']","cr85a_inkomentype":"@triggerBody()?['cr85a_inkomentype']","cr85a_inkomenvolgorde":"@outputs('Get_order_Number')?['body/cr85a_inkomenvolgorde']","cr85a_inkomenpartner":"@triggerBody()?['cr85a_inkomenpartner']","cr85a_observations":"Asset @{outputs('Get_order_Number')?['body/cr85a_inkomenvolgorde']}","ispartner":true,"cr85a_calculationidref":"@triggerBody()?['cr85a_calculationidref']","modifiedbycontact":"@triggerBody()?['modifiedbycontact']"}}}},"runAfter":{},"expression":{"equals":["@triggerBody()?['cr85a_box3voornascheiding']",469280000]},"metadata":{"operationMetadataId":"c10ecd45-c4a3-457a-b488-c72e77cf2f8b"},"type":"If"}},"runAfter":{"Update_a_row":["Succeeded"]},"expression":{"not":{"equals":["@triggerBody()?['cr85a_inkomenbox3ref']",""]}},"metadata":{"operationMetadataId":"9cf50a42-46fb-4354-a0d4-96728bd93093"},"type":"If"},"Get_order_Number":{"runAfter":{},"metadata":{"operationMetadataId":"fb738b59-b034-4f57-873b-f2ace3574602"},"type":"OpenApiConnection","inputs":{"host":{"connectionName":"shared_commondataserviceforapps","operationId":"GetItem","apiId":"/providers/Microsoft.PowerApps/apis/shared_commondataserviceforapps"},"parameters":{"entityName":"cr85a_inkomens","recordId":"@triggerBody()?['cr85a_inkomenbox3ref']","$select":"cr85a_inkomenvolgorde"},"authentication":"@parameters('$authentication')"}},"Update_a_row":{"runAfter":{"Get_order_Number":["Succeeded"]},"metadata":{"operationMetadataId":"c5cd1ef3-946f-4d45-9609-e1dc31e4aab0"},"type":"OpenApiConnection","inputs":{"host":{"connectionName":"shared_commondataserviceforapps","operationId":"UpdateRecord","apiId":"/providers/Microsoft.PowerApps/apis/shared_commondataserviceforapps"},"parameters":{"entityName":"cr85a_inkomenvermogenbox3s","recordId":"@triggerBody()?['cr85a_inkomenvermogenbox3id']","item/cr85a_inkbox3beh":"@if(equals(triggerBody()?['cr85a_inkbox3beh'],0),null,triggerBody()?['cr85a_inkbox3beh'])","item/cr85a_inkbox3behpartner":"@if(equals(triggerBody()?['cr85a_inkbox3behpartner'],0),null,triggerBody()?['cr85a_inkbox3behpartner'])","item/cr85a_vermbox3behpartner":"@if(equals(triggerBody()?['cr85a_vermbox3behpartner'],0),null,triggerBody()?['cr85a_vermbox3behpartner'])","item/cr85a_vermbox3behgebruiker":"@if(equals(triggerBody()?['cr85a_vermbox3behgebruiker'],0),null,triggerBody()?['cr85a_vermbox3behgebruiker'])","item/cr85a_box3voornascheiding":469280000,"item/cr85a_lastjrvermbox3":"@if(equals(triggerBody()?['cr85a_lastjrvermbox3'],0),null,triggerBody()?['cr85a_lastjrvermbox3'])","item/cr85a_lastjrvermbox3partner":"@if(equals(triggerBody()?['cr85a_lastjrvermbox3partner'],0),null,triggerBody()?['cr85a_lastjrvermbox3partner'])","item/cr85a_rentejrvermbox3":"@if(equals(triggerBody()?['cr85a_rentejrvermbox3'],0),null,triggerBody()?['cr85a_rentejrvermbox3'])","item/cr85a_rentejrvermbox3partner":"@if(equals(triggerBody()?['cr85a_rentejrvermbox3partner'],0),null,triggerBody()?['cr85a_rentejrvermbox3partner'])","item/cr85a_ModifiedByContact@odata.bind":"contacts(@{triggerBody()?['modifiedbycontact']})","item/cr85a_ovginkjrvermbox3":"@if(equals(triggerBody()?['cr85a_ovginkjrvermbox3'],0),null,triggerBody()?['cr85a_ovginkjrvermbox3'])","item/cr85a_ovginkjrvermbox3partner":"@if(equals(triggerBody()?['cr85a_ovginkjrvermbox3partner'],0),null,triggerBody()?['cr85a_ovginkjrvermbox3partner'])","item/cr85a_vermbox3behtot":"@if(equals(triggerBody()?['cr85a_vermbox3behtot'],0),null,triggerBody()?['cr85a_vermbox3behtot'])","item/cr85a_totinkjrvermbox3":"@if(equals(triggerBody()?['cr85a_totinkjrvermbox3'],0),null,triggerBody()?['cr85a_totinkjrvermbox3'])","item/cr85a_totinkjrvermbox3partner":"@if(equals(triggerBody()?['cr85a_totinkjrvermbox3partner'],0),null,triggerBody()?['cr85a_totinkjrvermbox3partner'])"},"authentication":"@parameters('$authentication')"}}}},"expression":{"equals":["@triggerBody()?['cr85a_inkomenvermogenbox3id']",""]},"metadata":{"operationMetadataId":"c315097b-a408-4aff-9a73-f567a3fed1e7"},"type":"If"},"Response":{"runAfter":{"Create_or_Update_IncomeWealthBox3":["Succeeded"]},"metadata":{"operationMetadataId":"c74b7ce6-b42c-43a5-898e-b9a77f55623d"},"type":"Response","kind":"Http","inputs":{"statusCode":200}},"Authentication_+_Authorization":{"runAfter":{},"metadata":{"operationMetadataId":"6156e4da-100d-49f8-9c85-ff72ddde6368"},"type":"OpenApiConnection","inputs":{"host":{"connectionName":"shared_commondataserviceforapps","operationId":"PerformUnboundAction","apiId":"/providers/Microsoft.PowerApps/apis/shared_commondataserviceforapps"},"parameters":{"actionName":"cr85a_AuthenticationAuthorizationProcess","item/PortalAuthToken":"@triggerOutputs()['headers']['portalauthtoken']","item/CalculationId":"@triggerBody()?['cr85a_calculationidref']","item/StepId":"dae2258c-9373-eb11-a812-000d3a22c008","item/IncomeId":"@triggerBody()?['cr85a_inkomenbox3ref']"},"authentication":"@parameters('$authentication')"}},"Condition_Authentication_+_Authorization":{"actions":{},"runAfter":{"Authentication_+_Authorization":["Succeeded"]},"else":{"actions":{"Response_Authentication_+_Authorization":{"runAfter":{},"metadata":{"operationMetadataId":"a28db4f1-5fe9-4710-810a-7ffbd6894cfd"},"type":"Response","kind":"Http","inputs":{"statusCode":"@outputs('Authentication_+_Authorization')?['body/HttpCode']","body":"@outputs('Authentication_+_Authorization')?['body/ErrorMessage']"}},"Terminate":{"runAfter":{"Response_Authentication_+_Authorization":["Succeeded"]},"metadata":{"operationMetadataId":"1e03b376-ad7f-4fa9-8d49-4003dc2fab7a"},"type":"Terminate","inputs":{"runStatus":"Succeeded"}}}},"expression":{"equals":["@outputs('Authentication_+_Authorization')?['body/AuthResult']","@true"]},"metadata":{"operationMetadataId":"e595db21-018d-4d35-93dc-c14924caaa6e"},"type":"If"}},"outputs":{}}},"schemaVersion":"1.0.0.0"}