{"properties":{"connectionReferences":{"shared_commondataserviceforapps_1":{"runtimeSource":"embedded","connection":{"connectionReferenceLogicalName":"new_sharedcommondataserviceforapps_43e52"},"api":{"name":"shared_commondataserviceforapps"}},"shared_commondataserviceforapps":{"runtimeSource":"embedded","connection":{"connectionReferenceLogicalName":"new_sharedcommondataserviceforapps_43e52"},"api":{"name":"shared_commondataserviceforapps"}}},"definition":{"$schema":"https://schema.management.azure.com/providers/Microsoft.Logic/schemas/2016-06-01/workflowdefinition.json#","contentVersion":"1.0.0.0","parameters":{"$connections":{"defaultValue":{},"type":"Object"},"$authentication":{"defaultValue":{},"type":"SecureObject"}},"triggers":{"manual":{"metadata":{"operationMetadataId":"5abced06-5f50-4490-94d4-778e2ac82609"},"type":"Request","kind":"Http","inputs":{"schema":{"type":"object","properties":{"cr85a_calculationid":{"type":"string"},"cr85a_kindid":{"type":"string"},"cr85a_gebdtkind":{"type":"string"},"cr85a_nmkind":{"type":"string"},"cr85a_relatieid":{"type":"string"},"cr85a_naschkind":{"type":"integer"},"cr85a_nachtgebruikerkind":{"type":"integer"},"cr85a_nachtpartnerkind":{"type":"integer"},"cr85a_kbs5050jn":{"type":"boolean"},"cr85a_studiekindjanee":{"type":"boolean"},"cr85a_vormonderwijskind":{"type":"integer"},"cr85a_studieleningjanee":{"type":"boolean"},"cr85a_lftkind":{"type":"integer"},"cr85a_inkkind":{"type":"integer"},"updateFlag":{"type":"string"},"cr85a_relatiekindjn":{"type":"boolean"},"modifiedbycontact":{"type":"string"}}},"method":"POST","relativePath":"saveChild"}}},"actions":{"Condition":{"actions":{"Add_a_new_Child":{"runAfter":{},"metadata":{"operationMetadataId":"8b7135fe-ee03-4c46-9699-5bee447b15a8"},"type":"OpenApiConnection","inputs":{"host":{"connectionName":"shared_commondataserviceforapps_1","operationId":"CreateRecord","apiId":"/providers/Microsoft.PowerApps/apis/shared_commondataserviceforapps"},"parameters":{"entityName":"cr85a_kinds","item/cr85a_gebdtkind":"@triggerBody()?['cr85a_gebdtkind']","item/cr85a_studieleningjanee":"@null","item/cr85a_kbs5050jn":"@null","item/cr85a_studiekindjanee":"@null","item/cr85a_ModifiedbyContact@odata.bind":"contacts(@{triggerBody()?['modifiedbycontact']})","item/cr85a_nmkind":"@triggerBody()?['cr85a_nmkind']","item/cr85a_relatiekind@odata.bind":"cr85a_relaties(@{triggerBody()?['cr85a_relatieid']})"},"authentication":"@parameters('$authentication')"}},"Update_Relation":{"runAfter":{"Add_a_new_Child":["Succeeded"]},"metadata":{"operationMetadataId":"1dad28ff-c4d2-41be-a367-4938c87c3766"},"type":"OpenApiConnection","inputs":{"host":{"connectionName":"shared_commondataserviceforapps_1","operationId":"UpdateRecord","apiId":"/providers/Microsoft.PowerApps/apis/shared_commondataserviceforapps"},"parameters":{"entityName":"cr85a_relaties","recordId":"@triggerBody()?['cr85a_relatieid']","item/cr85a_relatiekindjn":"@triggerBody()?['cr85a_relatiekindjn']","item/cr85a_ModifiedbyContact@odata.bind":"contacts(@{triggerBody()?['modifiedbycontact']})"},"authentication":"@parameters('$authentication')"}},"Response":{"runAfter":{"Parse_JSON":["Succeeded"]},"metadata":{"operationMetadataId":"0aaf585f-66ec-4b4e-9826-f89be5fc03f8"},"type":"Response","kind":"Http","inputs":{"statusCode":400,"body":{"code":"ERR@{body('Parse_JSON')?['error']?['@Microsoft.PowerApps.CDS.ErrorDetails.SubErrorCode']}","message":"@{body('Parse_JSON')?['error']?['message']}"},"schema":{"type":"object","properties":{"code":{"type":"string"},"message":{"type":"string"}}}}},"Parse_JSON":{"runAfter":{"Add_a_new_Child":["Failed"]},"metadata":{"operationMetadataId":"7bbf30f1-b87a-40a4-8bdb-3ef9ab774391"},"type":"ParseJson","inputs":{"content":"@body('Add_a_new_Child')","schema":{"type":"object","properties":{"error":{"type":"object","properties":{"code":{"type":"string"},"message":{"type":"string"},"@@Microsoft.PowerApps.CDS.ErrorDetails.OperationStatus":{"type":"string"},"@@Microsoft.PowerApps.CDS.ErrorDetails.SubErrorCode":{"type":"string"},"@@Microsoft.PowerApps.CDS.ErrorDetails.Plugin.ExceptionFromPluginExecute":{"type":"string"},"@@Microsoft.PowerApps.CDS.ErrorDetails.Plugin.ExceptionRetriable":{"type":"string"},"@@Microsoft.PowerApps.CDS.ErrorDetails.Plugin.ExceptionSource":{"type":"string"},"@@Microsoft.PowerApps.CDS.ErrorDetails.Plugin.OriginalException":{"type":"string"},"@@Microsoft.PowerApps.CDS.ErrorDetails.Plugin.PluginTrace":{"type":"string"},"@@Microsoft.PowerApps.CDS.HelpLink":{"type":"string"},"@@Microsoft.PowerApps.CDS.TraceText":{"type":"string"},"@@Microsoft.PowerApps.CDS.InnerError.Message":{"type":"string"}}}}}}},"Terminate_2":{"runAfter":{"Response":["Succeeded"]},"metadata":{"operationMetadataId":"fd146a3a-dc5c-4415-8785-84de4ef8922b"},"type":"Terminate","inputs":{"runStatus":"Failed","runError":{"message":"@body('Parse_JSON')?['error']?['message']"}}}},"runAfter":{"Condition_Authentication_+_Authorization":["Succeeded"]},"else":{"actions":{"Switch":{"runAfter":{},"cases":{"Case":{"case":"childIncome","actions":{"Update_Child":{"runAfter":{},"type":"OpenApiConnection","inputs":{"host":{"connectionName":"shared_commondataserviceforapps","operationId":"UpdateRecord","apiId":"/providers/Microsoft.PowerApps/apis/shared_commondataserviceforapps"},"parameters":{"entityName":"cr85a_kinds","recordId":"@triggerBody()?['cr85a_kindid']","item/cr85a_studieleningjanee":"@triggerBody()?['cr85a_studieleningjanee']","item/cr85a_kbs5050jn":"@triggerBody()?['cr85a_kbs5050jn']","item/cr85a_studiekindjanee":"@triggerBody()?['cr85a_studiekindjanee']","item/cr85a_ModifiedbyContact@odata.bind":"contacts(@{triggerBody()?['modifiedbycontact']})","item/cr85a_inkkind":"@triggerBody()?['cr85a_inkkind']","item/cr85a_vormonderwijskind":"@triggerBody()?['cr85a_vormonderwijskind']"},"authentication":"@parameters('$authentication')"}}}},"Case_2":{"case":"childCare","actions":{"Update_a_row":{"runAfter":{},"type":"OpenApiConnection","inputs":{"host":{"connectionName":"shared_commondataserviceforapps","operationId":"UpdateRecord","apiId":"/providers/Microsoft.PowerApps/apis/shared_commondataserviceforapps"},"parameters":{"entityName":"cr85a_kinds","recordId":"@triggerBody()?['cr85a_kindid']","item/cr85a_naschkind":"@triggerBody()?['cr85a_naschkind']","item/cr85a_ModifiedbyContact@odata.bind":"contacts(@{triggerBody()?['modifiedbycontact']})","item/cr85a_nachtpartnerkind":"@triggerBody()?['cr85a_nachtpartnerkind']","item/cr85a_nachtgebruikerkind":"@triggerBody()?['cr85a_nachtgebruikerkind']"},"authentication":"@parameters('$authentication')"}}}}},"default":{"actions":{"Update_Child_(child_data_screen)":{"runAfter":{},"type":"OpenApiConnection","inputs":{"host":{"connectionName":"shared_commondataserviceforapps_1","operationId":"UpdateRecord","apiId":"/providers/Microsoft.PowerApps/apis/shared_commondataserviceforapps"},"parameters":{"entityName":"cr85a_kinds","recordId":"@triggerBody()?['cr85a_kindid']","item/cr85a_gebdtkind":"@triggerBody()?['cr85a_gebdtkind']","item/cr85a_studieleningjanee":"@null","item/cr85a_kbs5050jn":"@null","item/cr85a_studiekindjanee":"@null","item/cr85a_ModifiedbyContact@odata.bind":"contacts(@{triggerBody()?['modifiedbycontact']})","item/cr85a_nmkind":"@triggerBody()?['cr85a_nmkind']","item/cr85a_relatiekind@odata.bind":"cr85a_relaties(@{triggerBody()?['cr85a_relatieid']})"},"authentication":"@parameters('$authentication')"}},"Update_Relation_2":{"runAfter":{"Update_Child_(child_data_screen)":["Succeeded"]},"type":"OpenApiConnection","inputs":{"host":{"connectionName":"shared_commondataserviceforapps_1","operationId":"UpdateRecord","apiId":"/providers/Microsoft.PowerApps/apis/shared_commondataserviceforapps"},"parameters":{"entityName":"cr85a_relaties","recordId":"@triggerBody()?['cr85a_relatieid']","item/cr85a_relatiekindjn":"@triggerBody()?['cr85a_relatiekindjn']","item/cr85a_ModifiedbyContact@odata.bind":"contacts(@{triggerBody()?['modifiedbycontact']})"},"authentication":"@parameters('$authentication')"}}}},"expression":"@triggerBody()?['updateFlag']","metadata":{"operationMetadataId":"f146c735-06b6-4d48-ace3-eb1aec1eb781"},"type":"Switch"}}},"expression":{"equals":["@triggerBody()?['cr85a_kindid']",""]},"metadata":{"operationMetadataId":"b77342dd-e81a-4ca4-88ad-1514dc042624"},"type":"If"},"OK":{"runAfter":{"Condition":["Succeeded"]},"metadata":{"operationMetadataId":"a817ce0a-4cb7-4d37-b291-034015934a5c"},"type":"Response","kind":"Http","inputs":{"statusCode":200}},"Fail":{"runAfter":{"OK":["Failed","Skipped","TimedOut"]},"metadata":{"operationMetadataId":"d235e616-48f8-48c9-be5a-aa544190c788"},"type":"Response","kind":"Http","inputs":{"statusCode":400}},"Authentication_+_Authorization":{"runAfter":{},"metadata":{"operationMetadataId":"6156e4da-100d-49f8-9c85-ff72ddde6368"},"type":"OpenApiConnection","inputs":{"host":{"connectionName":"shared_commondataserviceforapps","operationId":"PerformUnboundAction","apiId":"/providers/Microsoft.PowerApps/apis/shared_commondataserviceforapps"},"parameters":{"actionName":"cr85a_AuthenticationAuthorizationProcess","item/PortalAuthToken":"@triggerOutputs()['headers']['portalauthtoken']","item/CalculationId":"@triggerBody()?['cr85a_calculationid']","item/StepId":"6716fd0f-2f72-eb11-a812-000d3a481aa1,50b045a2-9473-eb11-a812-000d3a22c008","item/RelationId":"@triggerBody()?['cr85a_relatieid']","item/ChildId":"@triggerBody()?['cr85a_kindid']"},"authentication":"@parameters('$authentication')"}},"Condition_Authentication_+_Authorization":{"actions":{},"runAfter":{"Authentication_+_Authorization":["Succeeded"]},"else":{"actions":{"Response_Authentication_+_Authorization":{"runAfter":{},"metadata":{"operationMetadataId":"a28db4f1-5fe9-4710-810a-7ffbd6894cfd"},"type":"Response","kind":"Http","inputs":{"statusCode":"@outputs('Authentication_+_Authorization')?['body/HttpCode']","body":"@outputs('Authentication_+_Authorization')?['body/ErrorMessage']"}},"Terminate":{"runAfter":{"Response_Authentication_+_Authorization":["Succeeded"]},"metadata":{"operationMetadataId":"1e03b376-ad7f-4fa9-8d49-4003dc2fab7a"},"type":"Terminate","inputs":{"runStatus":"Succeeded"}}}},"expression":{"equals":["@outputs('Authentication_+_Authorization')?['body/AuthResult']","@true"]},"metadata":{"operationMetadataId":"e595db21-018d-4d35-93dc-c14924caaa6e"},"type":"If"}},"outputs":{}}},"schemaVersion":"1.0.0.0"}