{"properties":{"connectionReferences":{"shared_commondataserviceforapps":{"runtimeSource":"embedded","connection":{"connectionReferenceLogicalName":"cr85a_sharedcommondataserviceforapps_c91da"},"api":{"name":"shared_commondataserviceforapps"}},"shared_commondataserviceforapps_1":{"runtimeSource":"embedded","connection":{"connectionReferenceLogicalName":"cr85a_sharedcommondataserviceforapps_c91da"},"api":{"name":"shared_commondataserviceforapps"}},"shared_commondataserviceforapps_2":{"runtimeSource":"embedded","connection":{"connectionReferenceLogicalName":"cr85a_sharedcommondataserviceforapps_c91da"},"api":{"name":"shared_commondataserviceforapps"}}},"definition":{"$schema":"https://schema.management.azure.com/providers/Microsoft.Logic/schemas/2016-06-01/workflowdefinition.json#","contentVersion":"1.0.0.0","parameters":{"$connections":{"defaultValue":{},"type":"Object"},"$authentication":{"defaultValue":{},"type":"SecureObject"}},"triggers":{"manual":{"metadata":{"operationMetadataId":"7977c4a9-3418-4b50-a97f-73665f7f87aa"},"type":"Request","kind":"Http","inputs":{"schema":{"type":"object","properties":{"cr85a_calculationid":{"type":"string"},"cr85a_relatieid":{"type":"string"},"cr85a_vermogenscomponentid":{"type":"string"},"cr85a_woonsituatienieuwid":{"type":"string"},"cr85a_huidig":{"type":"integer"},"cr85a_nieuwgebruiker":{"type":"integer"},"cr85a_nieuwpartner":{"type":"integer"},"cr85a_waardecomponent":{"type":"number"},"cr85a_componentomschrijving":{"type":"string"},"cr85a_nascheiding":{"type":"integer"},"cr85a_woningid":{"type":"string"},"cr85a_hypotheekid":{"type":"string"}}},"method":"POST","relativePath":"url_flow_saveResidentialSituatAD"}}},"actions":{"Condition":{"actions":{"Add_a_new_Residential_AD":{"runAfter":{},"metadata":{"operationMetadataId":"5502c438-5e99-47bc-b626-3e11c276f061"},"type":"OpenApiConnection","inputs":{"host":{"connectionName":"shared_commondataserviceforapps","operationId":"CreateRecord","apiId":"/providers/Microsoft.PowerApps/apis/shared_commondataserviceforapps"},"parameters":{"entityName":"cr85a_woonsituatienieuws","item/cr85a_overdrbelvrijstgebruiktpartner":"@null","item/cr85a_overdrbelvrijstgebruiktgebruiker":"@null","item/cr85a_observations":"ResidentialAD_@{utcNow()}","item/cr85a_nascheiding":"@triggerBody()?['cr85a_nascheiding']","item/cr85a_nieuwpartner":"@if(equals(triggerBody()?['cr85a_nieuwpartner'],0),null,triggerBody()?['cr85a_nieuwpartner'])","item/cr85a_nieuwgebruiker":"@if(equals(triggerBody()?['cr85a_nieuwgebruiker'],0),null,triggerBody()?['cr85a_nieuwgebruiker'])","item/cr85a_overdrbelvrijstjn":"@null","item/cr85a_overdrbelvrijstjnpartner":"@null"},"authentication":"@parameters('$authentication')"}},"They_own_House_BD":{"actions":{"Update_Asset":{"runAfter":{},"metadata":{"operationMetadataId":"883e8fab-6309-47a9-bb12-4915c282939e"},"type":"OpenApiConnection","inputs":{"host":{"connectionName":"shared_commondataserviceforapps_1","operationId":"UpdateRecord","apiId":"/providers/Microsoft.PowerApps/apis/shared_commondataserviceforapps"},"parameters":{"entityName":"cr85a_vermogenscomponents","recordId":"@triggerBody()?['cr85a_vermogenscomponentid']","item/cr85a_componentomschrijving":"@triggerBody()?['cr85a_componentomschrijving']","item/cr85a_waardecomponent":"@triggerBody()?['cr85a_waardecomponent']"},"authentication":"@parameters('$authentication')"}}},"runAfter":{"Relate_rows":["Succeeded"]},"else":{"actions":{"Asset__to_Delete":{"actions":{"Delete_asset":{"runAfter":{},"metadata":{"operationMetadataId":"bc3b7122-2c25-4fb3-becf-19a62864d342"},"type":"OpenApiConnection","inputs":{"host":{"connectionName":"shared_commondataserviceforapps_2","operationId":"DeleteRecord","apiId":"/providers/Microsoft.PowerApps/apis/shared_commondataserviceforapps"},"parameters":{"entityName":"cr85a_vermogenscomponents","recordId":"@triggerBody()?['cr85a_vermogenscomponentid']"},"authentication":"@parameters('$authentication')"}}},"runAfter":{},"expression":{"not":{"equals":["@triggerBody()?['cr85a_vermogenscomponentid']",""]}},"metadata":{"operationMetadataId":"ee76c7f5-2b01-43ba-84fe-d3612a5de950"},"type":"If"}}},"expression":{"equals":["@triggerBody()?['cr85a_huidig']",469280000]},"metadata":{"operationMetadataId":"eb97aa9c-b872-48e7-bd3f-16e6d6f8057b"},"type":"If"},"Get_Relation":{"runAfter":{"Add_a_new_Residential_AD":["Succeeded"]},"metadata":{"operationMetadataId":"2d54cb6d-7d21-4f4c-bab9-611c7a594e45"},"type":"OpenApiConnection","inputs":{"host":{"connectionName":"shared_commondataserviceforapps","operationId":"GetItem","apiId":"/providers/Microsoft.PowerApps/apis/shared_commondataserviceforapps"},"parameters":{"entityName":"cr85a_relaties","recordId":"@triggerBody()?['cr85a_relatieid']"},"authentication":"@parameters('$authentication')"}},"Relate_rows":{"runAfter":{"Get_Relation":["Succeeded"]},"metadata":{"operationMetadataId":"bd340811-b51d-4a98-97f7-df5524f32e11"},"type":"OpenApiConnection","inputs":{"host":{"connectionName":"shared_commondataserviceforapps","operationId":"AssociateEntities","apiId":"/providers/Microsoft.PowerApps/apis/shared_commondataserviceforapps"},"parameters":{"entityName":"cr85a_woonsituatienieuws","recordId":"@outputs('Add_a_new_Residential_AD')?['body/cr85a_woonsituatienieuwid']","associationEntityRelationship":"cr85a_relatie_relatiewoonsituatienieuw_cr","item/@odata.id":"@outputs('Get_Relation')?['body/@odata.id']"},"authentication":"@parameters('$authentication')"}}},"runAfter":{"Condition_Authentication_+_Authorization":["Succeeded"]},"else":{"actions":{"Update_residential_AD":{"runAfter":{},"metadata":{"operationMetadataId":"ab5f6650-b4bb-4fa2-98ef-19e309b3d3f3"},"type":"OpenApiConnection","inputs":{"host":{"connectionName":"shared_commondataserviceforapps","operationId":"UpdateRecord","apiId":"/providers/Microsoft.PowerApps/apis/shared_commondataserviceforapps"},"parameters":{"entityName":"cr85a_woonsituatienieuws","recordId":"@triggerBody()?['cr85a_woonsituatienieuwid']","item/cr85a_overdrbelvrijstgebruiktpartner":"@null","item/cr85a_overdrbelvrijstgebruiktgebruiker":"@null","item/cr85a_observations":"ResidentialAD_@{utcNow()}","item/cr85a_nascheiding":"@triggerBody()?['cr85a_nascheiding']","item/cr85a_nieuwpartner":"@if(equals(triggerBody()?['cr85a_nieuwpartner'],0),null,triggerBody()?['cr85a_nieuwpartner'])","item/cr85a_nieuwgebruiker":"@if(equals(triggerBody()?['cr85a_nieuwgebruiker'],0),null,triggerBody()?['cr85a_nieuwgebruiker'])","item/cr85a_overdrbelvrijstjn":"@null","item/cr85a_overdrbelvrijstjnpartner":"@null"},"authentication":"@parameters('$authentication')"}},"They_own_a_house_BD2":{"actions":{"Update_Asset_2":{"runAfter":{},"metadata":{"operationMetadataId":"019b0dbc-ca04-4a65-866b-fa97a90f07f0"},"type":"OpenApiConnection","inputs":{"host":{"connectionName":"shared_commondataserviceforapps_1","operationId":"UpdateRecord","apiId":"/providers/Microsoft.PowerApps/apis/shared_commondataserviceforapps"},"parameters":{"entityName":"cr85a_vermogenscomponents","recordId":"@triggerBody()?['cr85a_vermogenscomponentid']","item/cr85a_componentomschrijving":"@triggerBody()?['cr85a_componentomschrijving']","item/cr85a_waardecomponent":"@triggerBody()?['cr85a_waardecomponent']"},"authentication":"@parameters('$authentication')"}}},"runAfter":{"Update_residential_AD":["Succeeded"]},"else":{"actions":{"Asset__to_Delete_2":{"actions":{"Delete_asset_2":{"runAfter":{},"metadata":{"operationMetadataId":"9e849fb6-46d6-4916-9a35-d302cdb6ab2b"},"type":"OpenApiConnection","inputs":{"host":{"connectionName":"shared_commondataserviceforapps_2","operationId":"DeleteRecord","apiId":"/providers/Microsoft.PowerApps/apis/shared_commondataserviceforapps"},"parameters":{"entityName":"cr85a_vermogenscomponents","recordId":"@triggerBody()?['cr85a_vermogenscomponentid']"},"authentication":"@parameters('$authentication')"}}},"runAfter":{},"expression":{"not":{"equals":["@triggerBody()?['cr85a_vermogenscomponentid']",""]}},"metadata":{"operationMetadataId":"083d4be9-faed-4604-9599-09502c7b719b"},"type":"If"}}},"expression":{"equals":["@triggerBody()?['cr85a_huidig']",469280000]},"metadata":{"operationMetadataId":"7b6ae810-7513-432a-a484-873c7feeb2ac"},"type":"If"}}},"expression":{"equals":["@triggerBody()?['cr85a_woonsituatienieuwid']",""]},"metadata":{"operationMetadataId":"d45cafd1-77a1-4dec-89a9-8194217afed0"},"type":"If"},"Response_2":{"runAfter":{"Condition":["Succeeded"]},"metadata":{"operationMetadataId":"9eb8c903-3f0e-4faa-af6b-fc32c6c0e5e6"},"type":"Response","kind":"Http","inputs":{"statusCode":200}},"Response_3":{"runAfter":{"Response_2":["Failed","Skipped","TimedOut"]},"metadata":{"operationMetadataId":"ee32edc6-4e20-4bdf-b1af-f135ebd2a1ac"},"type":"Response","kind":"Http","inputs":{"statusCode":400}},"Authentication_+_Authorization":{"runAfter":{},"metadata":{"operationMetadataId":"6156e4da-100d-49f8-9c85-ff72ddde6368"},"type":"OpenApiConnection","inputs":{"host":{"connectionName":"shared_commondataserviceforapps","operationId":"PerformUnboundAction","apiId":"/providers/Microsoft.PowerApps/apis/shared_commondataserviceforapps"},"parameters":{"actionName":"cr85a_AuthenticationAuthorizationProcess","item/PortalAuthToken":"@triggerOutputs()['headers']['portalauthtoken']","item/CalculationId":"@triggerBody()?['cr85a_calculationid']","item/StepId":"84051b37-9473-eb11-a812-000d3a22c008","item/RelationId":"@triggerBody()?['cr85a_relatieid']"},"authentication":"@parameters('$authentication')"}},"Condition_Authentication_+_Authorization":{"actions":{},"runAfter":{"Authentication_+_Authorization":["Succeeded"]},"else":{"actions":{"Response_Authentication_+_Authorization":{"runAfter":{},"metadata":{"operationMetadataId":"a28db4f1-5fe9-4710-810a-7ffbd6894cfd"},"type":"Response","kind":"Http","inputs":{"statusCode":"@outputs('Authentication_+_Authorization')?['body/HttpCode']","body":"@outputs('Authentication_+_Authorization')?['body/ErrorMessage']"}},"Terminate":{"runAfter":{"Response_Authentication_+_Authorization":["Succeeded"]},"metadata":{"operationMetadataId":"1e03b376-ad7f-4fa9-8d49-4003dc2fab7a"},"type":"Terminate","inputs":{"runStatus":"Succeeded"}}}},"expression":{"equals":["@outputs('Authentication_+_Authorization')?['body/AuthResult']","@true"]},"metadata":{"operationMetadataId":"e595db21-018d-4d35-93dc-c14924caaa6e"},"type":"If"}}}},"schemaVersion":"1.0.0.0"}