{"properties":{"connectionReferences":{"shared_commondataserviceforapps":{"runtimeSource":"embedded","connection":{"connectionReferenceLogicalName":"new_sharedcommondataserviceforapps_43e52"},"api":{"name":"shared_commondataserviceforapps"}},"shared_commondataserviceforapps_1":{"runtimeSource":"embedded","connection":{"connectionReferenceLogicalName":"new_sharedcommondataserviceforapps_43e52"},"api":{"name":"shared_commondataserviceforapps"}}},"definition":{"$schema":"https://schema.management.azure.com/providers/Microsoft.Logic/schemas/2016-06-01/workflowdefinition.json#","contentVersion":"1.0.0.0","parameters":{"$connections":{"defaultValue":{},"type":"Object"},"$authentication":{"defaultValue":{},"type":"SecureObject"}},"triggers":{"manual":{"metadata":{"operationMetadataId":"a2a2b0ea-4155-4ab1-a412-9b36e7da1ad9"},"type":"Request","kind":"Http","inputs":{"schema":{"type":"object","properties":{"cr85a_calculationid":{"type":"string"},"cr85a_relatieid":{"type":"string"},"cr85a_relatie":{"type":"integer"},"cr85a_dthuwelijk":{"type":"string"},"cr85a_comment":{"type":"string"},"cr85a_caseid":{"type":"string"},"modifiedbycontact":{"type":"string"}}},"method":"POST","relativePath":"saveRelation"}}},"actions":{"Condition":{"actions":{"Add_a_new_row":{"runAfter":{},"metadata":{"operationMetadataId":"b65b8725-fc56-43e8-b464-efddd23700be"},"type":"OpenApiConnection","inputs":{"host":{"connectionName":"shared_commondataserviceforapps","operationId":"CreateRecord","apiId":"/providers/Microsoft.PowerApps/apis/shared_commondataserviceforapps"},"parameters":{"entityName":"cr85a_relaties","item/cr85a_comment":"@triggerBody()?['cr85a_comment']","item/cr85a_dthuwelijk":"@if(equals(triggerBody()?['cr85a_dthuwelijk'],''),null,triggerBody()?['cr85a_dthuwelijk'])","item/cr85a_ModifiedbyContact@odata.bind":"contacts(@{triggerBody()?['modifiedbycontact']})","item/cr85a_checkprivebezit":"@null","item/cr85a_checkprivebezitstartrelatie":"@null","item/cr85a_checkpriveschuld":"@null","item/cr85a_checkpriveschuldstartrelatie":"@null","item/cr85a_checkpriveinvestering":"@null","item/cr85a_relatie":"@triggerBody()?['cr85a_relatie']"},"authentication":"@parameters('$authentication')"}},"Relate_rows":{"runAfter":{"Get_a_row_by_ID":["Succeeded"]},"metadata":{"operationMetadataId":"791cee8f-23d9-4c79-b3c4-1857b386b05a"},"type":"OpenApiConnection","inputs":{"host":{"connectionName":"shared_commondataserviceforapps","operationId":"AssociateEntities","apiId":"/providers/Microsoft.PowerApps/apis/shared_commondataserviceforapps"},"parameters":{"entityName":"cr85a_relaties","recordId":"@outputs('Add_a_new_row')?['body/cr85a_relatieid']","associationEntityRelationship":"cr85a_case_cr85a_CaseRelatie_cr85a_relati","item/@odata.id":"@outputs('Get_a_row_by_ID')?['body/@odata.id']"},"authentication":"@parameters('$authentication')"}},"Get_a_row_by_ID":{"runAfter":{"Add_a_new_row":["Succeeded"]},"metadata":{"operationMetadataId":"3220f588-eb2b-4c9f-ab4c-e4d88758fa55"},"type":"OpenApiConnection","inputs":{"host":{"connectionName":"shared_commondataserviceforapps","operationId":"GetItem","apiId":"/providers/Microsoft.PowerApps/apis/shared_commondataserviceforapps"},"parameters":{"entityName":"cr85a_cases","recordId":"@triggerBody()?['cr85a_caseid']"},"authentication":"@parameters('$authentication')"}},"Create_a_row_for_Distribution":{"runAfter":{"Relate_rows":["Succeeded"]},"metadata":{"operationMetadataId":"ee9e1c8e-251d-4cbc-8623-58a836cd369b"},"type":"OpenApiConnection","inputs":{"host":{"connectionName":"shared_commondataserviceforapps_1","operationId":"CreateRecord","apiId":"/providers/Microsoft.PowerApps/apis/shared_commondataserviceforapps"},"parameters":{"entityName":"cr85a_overonderbedelings","item/cr85a_observations":"relatieid_@{outputs('Add_a_new_row')?['body/cr85a_relatieid']}"},"authentication":"@parameters('$authentication')"}},"Relate_Distributions_with_Relation":{"runAfter":{"Create_a_row_for_Distribution":["Succeeded"]},"metadata":{"operationMetadataId":"3f5eb695-7617-499d-9650-9a2558a8a162"},"type":"OpenApiConnection","inputs":{"host":{"connectionName":"shared_commondataserviceforapps_1","operationId":"AssociateEntities","apiId":"/providers/Microsoft.PowerApps/apis/shared_commondataserviceforapps"},"parameters":{"entityName":"cr85a_overonderbedelings","recordId":"@outputs('Create_a_row_for_Distribution')?['body/cr85a_overonderbedelingid']","associationEntityRelationship":"cr85a_relatie_overonderbedeling_cr85a_Ove","item/@odata.id":"@outputs('Add_a_new_row')?['body/@odata.id']"},"authentication":"@parameters('$authentication')"}},"Dossier_-_Block_Relation_2":{"runAfter":{"Relate_Distributions_with_Relation":["Succeeded"]},"metadata":{"operationMetadataId":"7869be6e-f3e5-4461-8cb7-c80d6ffe0c19"},"type":"Workflow","inputs":{"host":{"workflowReferenceName":"c3e21bd8-072d-ec11-b6e5-6045bd899491"},"body":{"text":"@outputs('Add_a_new_row')?['body/cr85a_relatieid']","text_1":"Relation"}}}},"runAfter":{"Condition_Authentication_+_Authorization":["Succeeded"]},"else":{"actions":{"Update_a_row":{"runAfter":{},"metadata":{"operationMetadataId":"7f3ad94f-59d7-4015-9a58-700f4bcd0f3f"},"type":"OpenApiConnection","inputs":{"host":{"connectionName":"shared_commondataserviceforapps","operationId":"UpdateRecord","apiId":"/providers/Microsoft.PowerApps/apis/shared_commondataserviceforapps"},"parameters":{"entityName":"cr85a_relaties","recordId":"@triggerBody()?['cr85a_relatieid']","item/cr85a_comment":"@triggerBody()?['cr85a_comment']","item/cr85a_dthuwelijk":"@if(equals(triggerBody()?['cr85a_dthuwelijk'],''),null,triggerBody()?['cr85a_dthuwelijk'])","item/cr85a_ModifiedbyContact@odata.bind":"contacts(@{triggerBody()?['modifiedbycontact']})","item/cr85a_checkprivebezit":"@null","item/cr85a_checkprivebezitstartrelatie":"@null","item/cr85a_checkpriveschuld":"@null","item/cr85a_checkpriveschuldstartrelatie":"@null","item/cr85a_checkpriveinvestering":"@null","item/cr85a_relatie":"@triggerBody()?['cr85a_relatie']"},"authentication":"@parameters('$authentication')"}},"Dossier_-_Block_Relation":{"runAfter":{"Update_a_row":["Succeeded"]},"metadata":{"operationMetadataId":"2af1a802-d973-46c2-a152-5139f82cb9cc"},"type":"Workflow","inputs":{"host":{"workflowReferenceName":"c3e21bd8-072d-ec11-b6e5-6045bd899491"},"body":{"text":"@triggerBody()?['cr85a_relatieid']","text_1":"Relation"}}}}},"expression":{"equals":["@triggerBody()?['cr85a_relatieid']",""]},"metadata":{"operationMetadataId":"6c65d88c-c650-400a-8735-5fb11ccfb87a"},"type":"If"},"Ok":{"runAfter":{"Condition":["Succeeded"]},"metadata":{"operationMetadataId":"2c7bec89-673e-4a19-9d9c-2e37f9a5444c"},"type":"Response","kind":"Http","inputs":{"statusCode":200}},"Fail":{"runAfter":{"Ok":["Failed","Skipped","TimedOut"]},"metadata":{"operationMetadataId":"ac0e1b3f-43a8-4082-9b7e-6a557e142bb3"},"type":"Response","kind":"Http","inputs":{"statusCode":400}},"Authentication_+_Authorization":{"runAfter":{},"metadata":{"operationMetadataId":"6156e4da-100d-49f8-9c85-ff72ddde6368"},"type":"OpenApiConnection","inputs":{"host":{"connectionName":"shared_commondataserviceforapps","operationId":"PerformUnboundAction","apiId":"/providers/Microsoft.PowerApps/apis/shared_commondataserviceforapps"},"parameters":{"actionName":"cr85a_AuthenticationAuthorizationProcess","item/PortalAuthToken":"@triggerOutputs()['headers']['portalauthtoken']","item/CalculationId":"@triggerBody()?['cr85a_calculationid']","item/StepId":"988b13e0-2e72-eb11-a812-000d3a481aa1","item/RelationId":"@triggerBody()?['cr85a_relatieid']"},"authentication":"@parameters('$authentication')"}},"Condition_Authentication_+_Authorization":{"actions":{},"runAfter":{"Authentication_+_Authorization":["Succeeded"]},"else":{"actions":{"Response_Authentication_+_Authorization":{"runAfter":{},"metadata":{"operationMetadataId":"a28db4f1-5fe9-4710-810a-7ffbd6894cfd"},"type":"Response","kind":"Http","inputs":{"statusCode":"@outputs('Authentication_+_Authorization')?['body/HttpCode']","body":"@outputs('Authentication_+_Authorization')?['body/ErrorMessage']"}},"Terminate":{"runAfter":{"Response_Authentication_+_Authorization":["Succeeded"]},"metadata":{"operationMetadataId":"1e03b376-ad7f-4fa9-8d49-4003dc2fab7a"},"type":"Terminate","inputs":{"runStatus":"Succeeded"}}}},"expression":{"equals":["@outputs('Authentication_+_Authorization')?['body/AuthResult']","@true"]},"metadata":{"operationMetadataId":"e595db21-018d-4d35-93dc-c14924caaa6e"},"type":"If"}}}},"schemaVersion":"1.0.0.0"}