{"properties":{"connectionReferences":{"shared_commondataserviceforapps":{"runtimeSource":"embedded","connection":{"connectionReferenceLogicalName":"cr85a_sharedcommondataserviceforapps_81ac3"},"api":{"name":"shared_commondataserviceforapps"}}},"definition":{"$schema":"https://schema.management.azure.com/providers/Microsoft.Logic/schemas/2016-06-01/workflowdefinition.json#","contentVersion":"1.0.0.0","parameters":{"$connections":{"defaultValue":{},"type":"Object"},"$authentication":{"defaultValue":{},"type":"SecureObject"}},"triggers":{"manual":{"metadata":{"operationMetadataId":"191ffdfd-1817-4d25-8508-7f62e39343a0"},"type":"Request","kind":"Http","inputs":{"schema":{"type":"object","properties":{"cr85a_wantdivorce":{"type":"boolean"},"cr85a_isentrepreneurs":{"type":"boolean"},"cr85a_scankinderen":{"type":"boolean"},"cr85a_scantoevinkhoog":{"type":["boolean","null"]},"cr85a_scantoevinklaag":{"type":["boolean","null"]},"cr85a_scanwoonsituatie":{"type":"integer"},"cr85a_relationtype":{"type":"integer"},"cr85a_totalassest":{"type":"boolean"},"cr85a_scanstatus":{"type":"integer"}}},"method":"POST","relativePath":"CreateScan"}}},"actions":{"Add_a_new_Scan_record":{"runAfter":{},"metadata":{"operationMetadataId":"fbce208d-0e7b-4b8a-b14f-8aad888b1d2c"},"type":"OpenApiConnection","inputs":{"host":{"connectionName":"shared_commondataserviceforapps","operationId":"CreateRecord","apiId":"/providers/Microsoft.PowerApps/apis/shared_commondataserviceforapps"},"parameters":{"entityName":"cr85a_scans","item/cr85a_isentrepreneurs":"@triggerBody()?['cr85a_isentrepreneurs']","item/cr85a_relationtype":"@triggerBody()?['cr85a_relationtype']","item/cr85a_scankinderen":"@triggerBody()?['cr85a_scankinderen']","item/cr85a_scanstatus":"@triggerBody()?['cr85a_scanstatus']","item/cr85a_scantoevinkhoog":"@if(equals(triggerBody()?['cr85a_scantoevinkhoog'],null),null,triggerBody()?['cr85a_scantoevinkhoog'])","item/cr85a_scantoevinklaag":"@if(equals(triggerBody()?['cr85a_scantoevinklaag'],null),null,triggerBody()?['cr85a_scantoevinklaag'])","item/cr85a_scanwoonsituatie":"@triggerBody()?['cr85a_scanwoonsituatie']","item/cr85a_totalassest":"@triggerBody()?['cr85a_totalassest']","item/cr85a_wantdivorce":"@triggerBody()?['cr85a_wantdivorce']"},"authentication":"@parameters('$authentication')"}},"OK":{"runAfter":{"Add_a_new_Scan_record":["Succeeded"]},"metadata":{"operationMetadataId":"7b7a5ad1-c726-4901-9ae8-64721de4c02e"},"type":"Response","kind":"Http","inputs":{"statusCode":200,"body":"@outputs('Add_a_new_Scan_record')?['body/cr85a_scanid']"}},"Fail":{"runAfter":{"OK":["Failed","TimedOut","Skipped"]},"metadata":{"operationMetadataId":"74fcd4cd-6735-409b-ab20-bbce9834f5ad"},"type":"Response","kind":"Http","inputs":{"statusCode":400}}},"outputs":{}}},"schemaVersion":"1.0.0.0"}