{"properties":{"connectionReferences":{"shared_commondataserviceforapps":{"runtimeSource":"embedded","connection":{"connectionReferenceLogicalName":"cr85a_sharedcommondataserviceforapps_c91da"},"api":{"name":"shared_commondataserviceforapps"}},"shared_office365_1":{"runtimeSource":"embedded","connection":{"connectionReferenceLogicalName":"cr85a_sharedoffice365_0d75f"},"api":{"name":"shared_office365"}},"shared_commondataserviceforapps_1":{"runtimeSource":"embedded","connection":{"connectionReferenceLogicalName":"cr85a_sharedcommondataserviceforapps_064ef"},"api":{"name":"shared_commondataserviceforapps"}}},"definition":{"$schema":"https://schema.management.azure.com/providers/Microsoft.Logic/schemas/2016-06-01/workflowdefinition.json#","contentVersion":"1.0.0.0","parameters":{"$connections":{"defaultValue":{},"type":"Object"},"$authentication":{"defaultValue":{},"type":"SecureObject"}},"triggers":{"manual":{"metadata":{"operationMetadataId":"62351345-43be-4ecd-b23d-56adf5963144"},"type":"Request","kind":"Http","inputs":{"schema":{"type":"object","properties":{"nameInitials":{"type":"string"},"insertionName":{"type":"string"},"surname":{"type":"string"},"email":{"type":"string"},"password":{"type":"string"},"countryCode":{"type":"string"},"phoneNumber":{"type":"string"},"customName":{"type":"string"},"scanid":{"type":"string"},"expirationdays":{"type":"string"}}}}}},"actions":{"Email_not_found":{"actions":{"Response_2":{"runAfter":{"Send_an_email_from_a_shared_mailbox_(V2)":["Succeeded"]},"metadata":{"operationMetadataId":"eb5cdd4b-f963-4adf-b276-94aac48fbc41"},"type":"Response","kind":"Http","inputs":{"statusCode":200}},"Response_3":{"runAfter":{"Response_2":["Failed","Skipped","TimedOut"]},"metadata":{"operationMetadataId":"f918af6a-4da1-4015-8bdf-8f90a7648189"},"type":"Response","kind":"Http","inputs":{"statusCode":400}},"Condition":{"actions":{},"runAfter":{"catch":["Skipped"]},"else":{"actions":{"Get_the_row_for_scanid":{"runAfter":{},"metadata":{"operationMetadataId":"eaa2f2cb-2f67-46fd-9f82-ee9ded7c2e86"},"type":"OpenApiConnection","inputs":{"host":{"connectionName":"shared_commondataserviceforapps","operationId":"ListRecords","apiId":"/providers/Microsoft.PowerApps/apis/shared_commondataserviceforapps"},"parameters":{"entityName":"cr85a_scans","$filter":"(cr85a_scanid eq @{triggerBody()?['scanid']})"},"authentication":"@parameters('$authentication')"}},"ScanId_found":{"actions":{"Apply_to_each_scanid":{"foreach":"@outputs('Get_the_row_for_scanid')?['body/value']","actions":{"Create_ContactScaninfo":{"runAfter":{},"metadata":{"operationMetadataId":"22fe9d6c-594f-4a3e-8533-6c3d28bb40fb"},"type":"OpenApiConnection","inputs":{"host":{"connectionName":"shared_commondataserviceforapps","operationId":"CreateRecord","apiId":"/providers/Microsoft.PowerApps/apis/shared_commondataserviceforapps"},"parameters":{"entityName":"cr85a_contactscaninformations","item/cr85a_namecontactscaninformation":"@{outputs('Create_Contact')?['body/lastname']}_@{utcNow()}","item/cr85a_kinderen":"@items('Apply_to_each_scanid')?['cr85a_scankinderen']","item/cr85a_userstatus":"@items('Apply_to_each_scanid')?['cr85a_scanstatus']","item/cr85a_woonsituatie":"@items('Apply_to_each_scanid')?['cr85a_scanwoonsituatie']"},"authentication":"@parameters('$authentication')"}},"Relate_Contact_with_ContactScaninfo":{"runAfter":{"Create_ContactScaninfo":["Succeeded"]},"metadata":{"operationMetadataId":"c47e9aeb-8b6e-48c4-8649-290b922edc15"},"type":"OpenApiConnection","inputs":{"host":{"connectionName":"shared_commondataserviceforapps","operationId":"AssociateEntities","apiId":"/providers/Microsoft.PowerApps/apis/shared_commondataserviceforapps"},"parameters":{"entityName":"cr85a_contactscaninformations","recordId":"@outputs('Create_ContactScaninfo')?['body/cr85a_contactscaninformationid']","associationEntityRelationship":"cr85a_Contact_Contact_ContactScan_cr85a_Contact","item/@odata.id":"@outputs('Create_Contact')?['body/@odata.id']"},"authentication":"@parameters('$authentication')"}},"Set_ScanStatus":{"runAfter":{"Relate_Contact_with_ContactScaninfo":["Succeeded"]},"metadata":{"operationMetadataId":"85223c88-2154-4178-aa63-ad65226872bd"},"type":"SetVariable","inputs":{"name":"ScanStatus","value":"@items('Apply_to_each_scanid')?['cr85a_scanstatus']"}}},"runAfter":{},"metadata":{"operationMetadataId":"c61dd4a0-28d4-4945-b87e-c2df19381946"},"type":"Foreach"},"Create_Dossier_number":{"runAfter":{"IntExpirationdays":["Succeeded"]},"metadata":{"operationMetadataId":"b5c72255-8474-4874-94ed-a0bb7bb4cd4d"},"type":"OpenApiConnection","inputs":{"host":{"connectionName":"shared_commondataserviceforapps","operationId":"CreateRecord","apiId":"/providers/Microsoft.PowerApps/apis/shared_commondataserviceforapps"},"parameters":{"entityName":"cr85a_dossiers","item/cr85a_name":"@{outputs('Create_Contact')?['body/lastname']}_@{utcNow()}","item/cr85a_scanstatus":"@variables('ScanStatus')","item/cr85a_expiratiedatum":"@addDays(utcnow(),outputs('IntExpirationdays'))"},"authentication":"@parameters('$authentication')"}},"Relate_Contact_with_Dossier":{"runAfter":{"Create_Dossier_number":["Succeeded"]},"metadata":{"operationMetadataId":"0b3da4a0-af41-45a2-992d-ecfd384fac3e"},"type":"OpenApiConnection","inputs":{"host":{"connectionName":"shared_commondataserviceforapps","operationId":"AssociateEntities","apiId":"/providers/Microsoft.PowerApps/apis/shared_commondataserviceforapps"},"parameters":{"entityName":"cr85a_dossiers","recordId":"@outputs('Create_Dossier_number')?['body/cr85a_dossierid']","associationEntityRelationship":"cr85a_Contact_dossierref_cr85a_dossier","item/@odata.id":"@outputs('Create_Contact')?['body/@odata.id']"},"authentication":"@parameters('$authentication')"}},"Add_a_new_Authorizations_for_main_user":{"runAfter":{"Relate_Contact_with_Dossier":["Succeeded"]},"metadata":{"operationMetadataId":"ec7507c7-32f4-45e6-a62f-388089dd91b0"},"type":"OpenApiConnection","inputs":{"host":{"connectionName":"shared_commondataserviceforapps","operationId":"CreateRecord","apiId":"/providers/Microsoft.PowerApps/apis/shared_commondataserviceforapps"},"parameters":{"entityName":"cr85a_authorizationses","item/cr85a_nameauthorizations":"auth_contact@{outputs('Create_Contact')?['body/contactid']}","item/cr85a_statusaut":469280000},"authentication":"@parameters('$authentication')"}},"Relate_Dossier_with_Authorization":{"runAfter":{"Add_a_new_Authorizations_for_main_user":["Succeeded"]},"metadata":{"operationMetadataId":"da7a4d02-494c-48d7-8d31-4dbc84f03837"},"type":"OpenApiConnection","inputs":{"host":{"connectionName":"shared_commondataserviceforapps","operationId":"AssociateEntities","apiId":"/providers/Microsoft.PowerApps/apis/shared_commondataserviceforapps"},"parameters":{"entityName":"cr85a_dossiers","recordId":"@outputs('Create_Dossier_number')?['body/cr85a_dossierid']","associationEntityRelationship":"cr85a_Authorizations_cr85a_dossierref_cr8","item/@odata.id":"@outputs('Add_a_new_Authorizations_for_main_user')?['body/@odata.id']"},"authentication":"@parameters('$authentication')"}},"Relate_Contact_with_Authorization":{"runAfter":{"Relate_Dossier_with_Authorization":["Succeeded"]},"metadata":{"operationMetadataId":"8a8acffe-1a54-4c18-9f35-b9a65bd3fa6c"},"type":"OpenApiConnection","inputs":{"host":{"connectionName":"shared_commondataserviceforapps","operationId":"AssociateEntities","apiId":"/providers/Microsoft.PowerApps/apis/shared_commondataserviceforapps"},"parameters":{"entityName":"contacts","recordId":"@outputs('Create_Contact')?['body/contactid']","associationEntityRelationship":"cr85a_Authorizations_cr85a_contactref_Con","item/@odata.id":"@outputs('Add_a_new_Authorizations_for_main_user')?['body/@odata.id']"},"authentication":"@parameters('$authentication')"}},"List_AuthorizationType":{"runAfter":{"Relate_Contact_with_Authorization":["Succeeded"]},"metadata":{"operationMetadataId":"18744e7a-3ae3-4985-9ff2-2d206059b160"},"type":"OpenApiConnection","inputs":{"host":{"connectionName":"shared_commondataserviceforapps","operationId":"ListRecords","apiId":"/providers/Microsoft.PowerApps/apis/shared_commondataserviceforapps"},"parameters":{"entityName":"cr85a_authorizationtypes","$filter":"(cr85a_internalcode eq '000')","$top":1},"authentication":"@parameters('$authentication')"}},"Apply_to_each":{"foreach":"@outputs('List_AuthorizationType')?['body/value']","actions":{"Relate_AuthorizationType_with_Authorization":{"runAfter":{},"metadata":{"operationMetadataId":"6f4e7e12-e536-4e63-828c-d40fba4d2784"},"type":"OpenApiConnection","inputs":{"host":{"connectionName":"shared_commondataserviceforapps","operationId":"AssociateEntities","apiId":"/providers/Microsoft.PowerApps/apis/shared_commondataserviceforapps"},"parameters":{"entityName":"cr85a_authorizationtypes","recordId":"@items('Apply_to_each')?['cr85a_authorizationtypeid']","associationEntityRelationship":"cr85a_Authorizations_cr85a_authorizationt","item/@odata.id":"@outputs('Add_a_new_Authorizations_for_main_user')?['body/@odata.id']"},"authentication":"@parameters('$authentication')"}}},"runAfter":{"List_AuthorizationType":["Succeeded"]},"metadata":{"operationMetadataId":"23681d9b-8362-4c0c-935b-ab910b4c9d6e"},"type":"Foreach"},"Compose":{"runAfter":{"Apply_to_each_scanid":["Succeeded"]},"metadata":{"operationMetadataId":"dc00fa67-4fc9-4620-8e9e-5510da11692b"},"type":"Compose","inputs":"@triggerBody()?['expirationdays']"},"IntExpirationdays":{"runAfter":{"Compose":["Succeeded"]},"metadata":{"operationMetadataId":"d9314caf-447f-4c3e-b865-4f828d0be20a"},"type":"Compose","inputs":"@int(outputs('Compose'))"}},"runAfter":{"Get_the_row_for_scanid":["Succeeded"]},"expression":{"not":{"equals":["@outputs('Get_the_row_for_scanid')?['body/value']",""]}},"metadata":{"operationMetadataId":"4e1f3829-9256-419f-a1e0-93519da463c9"},"type":"If"}}},"expression":{"equals":["@triggerBody()?['scanid']",""]},"metadata":{"operationMetadataId":"a4074558-7ad2-4f58-ba29-89d3c171547a"},"type":"If"},"List_Invites":{"runAfter":{"Condition":["Succeeded"]},"metadata":{"operationMetadataId":"f74f3b71-779c-4423-830e-f0c8344a00ea"},"type":"OpenApiConnection","inputs":{"host":{"connectionName":"shared_commondataserviceforapps","operationId":"ListRecords","apiId":"/providers/Microsoft.PowerApps/apis/shared_commondataserviceforapps"},"parameters":{"entityName":"cr85a_inviteses","$select":"_cr85a_authorizationref_value,cr85a_invitesid","$filter":"(cr85a_email eq '@{triggerBody()?['email']}')","$top":1},"authentication":"@parameters('$authentication')"}},"Check_existent_Invites":{"actions":{},"runAfter":{"List_Invites":["Succeeded"]},"else":{"actions":{"Apply_to_each_2":{"foreach":"@outputs('List_Invites')?['body/value']","actions":{"Update_the_Invite":{"runAfter":{},"metadata":{"operationMetadataId":"0985cafa-82dd-48d3-bd88-ec29d96aa8e1"},"type":"OpenApiConnection","inputs":{"host":{"connectionName":"shared_commondataserviceforapps","operationId":"UpdateRecord","apiId":"/providers/Microsoft.PowerApps/apis/shared_commondataserviceforapps"},"parameters":{"entityName":"cr85a_inviteses","recordId":"@items('Apply_to_each_2')?['cr85a_invitesid']","item/cr85a_status":469280000},"authentication":"@parameters('$authentication')"}},"Update_the_Authorization":{"runAfter":{"Update_the_Invite":["Succeeded"]},"metadata":{"operationMetadataId":"ca3f1775-03ac-413d-8bdf-2630c8e6e3f0"},"type":"OpenApiConnection","inputs":{"host":{"connectionName":"shared_commondataserviceforapps","operationId":"UpdateRecord","apiId":"/providers/Microsoft.PowerApps/apis/shared_commondataserviceforapps"},"parameters":{"entityName":"cr85a_authorizationses","recordId":"@items('Apply_to_each_2')?['_cr85a_authorizationref_value']","item/cr85a_contactref@odata.bind":"contacts(@{outputs('Create_Contact')?['body/contactid']})","item/cr85a_statusaut":469280000},"authentication":"@parameters('$authentication')"}}},"runAfter":{},"metadata":{"operationMetadataId":"7b2dad1b-9e0a-4d6c-8a4d-b728dc8ede22"},"type":"Foreach"}}},"expression":{"equals":["@empty(outputs('List_Invites')?['body/value'])",true]},"metadata":{"operationMetadataId":"81128bfc-4950-4316-a61d-ddc3a9b6044e"},"type":"If"},"Send_an_email_from_a_shared_mailbox_(V2)":{"runAfter":{"Get_SiteSetting_Email":["Succeeded"]},"metadata":{"operationMetadataId":"b34b3dd5-0558-47c6-adca-a54c6b83eee6"},"type":"OpenApiConnection","inputs":{"host":{"connectionName":"shared_office365_1","operationId":"SharedMailboxSendEmailV2","apiId":"/providers/Microsoft.PowerApps/apis/shared_office365"},"parameters":{"emailMessage/MailboxAddress":"@first(outputs('Get_SiteSetting_Email')?['body/value'])?.adx_value","emailMessage/To":"@triggerBody()?['email']","emailMessage/Subject":"Bevestiging aanmaken account bij Berekenjescheiding.nl","emailMessage/Body":"<p>Hallo,<br>\n<br>\nJouw account bij Berekenjescheiding.nl is succesvol aangemaakt.<br>\n<br>\nMet vriendelijke groet,<br>\n<br>\nTeam Berekenjescheiding.nl<br>\n<br>\n<em>Deze mail is automatisch gegenereerd. Je kunt op deze mail niet reageren, je bericht wordt niet gelezen.</em></p>"},"authentication":"@parameters('$authentication')"}},"Get_SiteSetting_Email":{"runAfter":{"Check_existent_Invites":["Succeeded"]},"metadata":{"operationMetadataId":"3137f3b3-2e3e-413d-abe1-0b34f34481ff"},"type":"OpenApiConnection","inputs":{"host":{"connectionName":"shared_commondataserviceforapps_1","operationId":"ListRecords","apiId":"/providers/Microsoft.PowerApps/apis/shared_commondataserviceforapps"},"parameters":{"entityName":"adx_sitesettings","$select":"adx_value","$filter":"(adx_name eq 'DivorceExpertEmailAddress')","$top":1},"authentication":"@parameters('$authentication')"}},"try":{"actions":{"HTTP_Azure_Create_user":{"runAfter":{},"metadata":{"operationMetadataId":"3abeab68-b88e-43fd-8583-b6eb38a48a1c"},"type":"Http","inputs":{"method":"POST","uri":"https://graph.microsoft.com/v1.0/users","headers":{"Content-type":"application/json"},"body":{"displayName":"@triggerBody()?['surname']","passwordPolicies":"DisablePasswordExpiration","UserPrincipalName":"@concat(Guid(),'@fintrustbvb2c.onmicrosoft.com')","mobilePhone":"@concat(triggerBody()?['countryCode'],' ',triggerBody()?['phoneNumber'])","passwordProfile":{"password":"@triggerBody()?['password']","forceChangePasswordNextSignIn":false},"identities":[{"signInType":"emailAddress","issuer":"fintrustbvb2c.onmicrosoft.com","issuerAssignedId":"@triggerBody()?['email']"}]},"authentication":{"type":"ActiveDirectoryOAuth","tenant":"@variables('directory_id')","audience":"https://graph.microsoft.com","clientId":"@variables('application_id')","secret":"@variables('secret')"}}},"Create_Contact":{"runAfter":{"HTTP_Azure_Create_user":["Succeeded"]},"metadata":{"operationMetadataId":"31119ff5-d011-4916-bb4c-1c1697da990e"},"type":"OpenApiConnection","inputs":{"host":{"connectionName":"shared_commondataserviceforapps","operationId":"CreateRecord","apiId":"/providers/Microsoft.PowerApps/apis/shared_commondataserviceforapps"},"parameters":{"entityName":"contacts","item/lastname":"@triggerBody()?['surname']","item/emailaddress1":"@triggerBody()?['email']","item/firstname":"@triggerBody()?['insertionName']","item/mobilephone":"@{triggerBody()?['countryCode']}@{triggerBody()?['phoneNumber']}","item/middlename":"@triggerBody()?['nameInitials']"},"authentication":"@parameters('$authentication')"}}},"runAfter":{},"metadata":{"operationMetadataId":"6c60365b-fe30-4476-b1ec-4c367097860d"},"type":"Scope"},"catch":{"actions":{"Response_4":{"runAfter":{},"metadata":{"operationMetadataId":"0ebf6495-3ebe-47bc-a114-cdbc401ef8b2"},"type":"Response","kind":"Http","inputs":{"statusCode":"@outputs('HTTP_Azure_Create_user')['statusCode']","body":"@body('HTTP_Azure_Create_user')"}}},"runAfter":{"try":["Failed","TimedOut"]},"metadata":{"operationMetadataId":"0e8461ec-8ced-4977-b4ec-4e5fdac8cc0d"},"type":"Scope"}},"runAfter":{"Initialize_ScanStatus":["Succeeded"]},"else":{"actions":{"Response":{"runAfter":{},"metadata":{"operationMetadataId":"96da009e-606d-4460-b043-02bde2ccc590"},"type":"Response","kind":"Http","inputs":{"statusCode":400,"headers":{"Content-Type":"application/json"},"body":{"errors":true,"error":"Email is already in use!"}}}}},"expression":{"equals":["@empty(outputs('List_rows')?['body/value'])",true]},"metadata":{"operationMetadataId":"dea750da-634d-40fe-85ca-10858ffdef1b"},"type":"If"},"List_rows":{"runAfter":{},"metadata":{"operationMetadataId":"c9d432db-1d59-495d-9a30-d6a5fd5ad162"},"type":"OpenApiConnection","inputs":{"host":{"connectionName":"shared_commondataserviceforapps","operationId":"ListRecords","apiId":"/providers/Microsoft.PowerApps/apis/shared_commondataserviceforapps"},"parameters":{"entityName":"contacts","$filter":"(emailaddress1 eq '@{triggerBody()?['email']}')"},"authentication":"@parameters('$authentication')"}},"Initialize_variable_application_id":{"runAfter":{"List_rows":["Succeeded"]},"metadata":{"operationMetadataId":"c77088dd-18e4-48ef-b3bc-94ed93461e46"},"type":"InitializeVariable","inputs":{"variables":[{"name":"application_id","type":"string","value":"997a11a5-e040-4f72-b639-6f71cea5777d"}]}},"Initialize_variable_directory_id":{"runAfter":{"Initialize_variable_application_id":["Succeeded"]},"metadata":{"operationMetadataId":"ccefdb34-b4da-453e-913f-554c1eb28c45"},"type":"InitializeVariable","inputs":{"variables":[{"name":"directory_id","type":"string","value":"e727f8ce-24ad-48ef-bc7e-410ed2a8aacd"}]}},"Initialize_variable_secret":{"runAfter":{"Initialize_variable_directory_id":["Succeeded"]},"metadata":{"operationMetadataId":"3ad945a8-807e-4c81-b7e8-8f35a56824ba"},"type":"InitializeVariable","inputs":{"variables":[{"name":"secret","type":"string","value":"XuX7Q~FumDsPO3tCXvXwslj7gdf6N6R2KE3s3"}]}},"Initialize_Price":{"runAfter":{"Initialize_variable_secret":["Succeeded"]},"metadata":{"operationMetadataId":"e202be82-db53-4c54-8d54-4b8df26a94ef"},"type":"InitializeVariable","inputs":{"variables":[{"name":"Price","type":"float","value":140}]}},"Initialize_ScanStatus":{"runAfter":{"Initialize_Price":["Succeeded"]},"metadata":{"operationMetadataId":"f750f563-0dca-400c-aa7b-14d6db2a90dd"},"type":"InitializeVariable","inputs":{"variables":[{"name":"ScanStatus","type":"integer"}]}}}}},"schemaVersion":"1.0.0.0"}