{"properties":{"connectionReferences":{"shared_commondataserviceforapps":{"runtimeSource":"embedded","connection":{"connectionReferenceLogicalName":"cr85a_sharedcommondataserviceforapps_064ef"},"api":{"name":"shared_commondataserviceforapps"}},"shared_commondataserviceforapps_1":{"runtimeSource":"embedded","connection":{"connectionReferenceLogicalName":"cr85a_sharedcommondataserviceforapps_c91da"},"api":{"name":"shared_commondataserviceforapps"}}},"definition":{"$schema":"https://schema.management.azure.com/providers/Microsoft.Logic/schemas/2016-06-01/workflowdefinition.json#","contentVersion":"1.0.0.0","parameters":{"$connections":{"defaultValue":{},"type":"Object"},"$authentication":{"defaultValue":{},"type":"SecureObject"}},"triggers":{"manual":{"metadata":{"operationMetadataId":"971cd224-f988-4747-9120-27f2d811f217"},"type":"Request","kind":"Http","inputs":{"schema":{"type":"object","properties":{"cr85a_dossierid":{"type":"string"},"userid":{"type":"string"},"contactid":{"type":"string"},"firstcal":{"type":["boolean","null"]}}},"method":"POST","relativePath":"createNewCalculation"}}},"actions":{"Get_a_Contact_by_ID":{"runAfter":{"Condition_Authentication_+_Authorization":["Succeeded"]},"metadata":{"operationMetadataId":"ee94c709-315c-4c09-aec5-f4cf5fc163bc"},"type":"OpenApiConnection","inputs":{"host":{"connectionName":"shared_commondataserviceforapps","operationId":"GetItem","apiId":"/providers/Microsoft.PowerApps/apis/shared_commondataserviceforapps"},"parameters":{"entityName":"contacts","recordId":"@triggerBody()?['contactid']"},"authentication":"@parameters('$authentication')"}},"Create_new_calculation":{"runAfter":{"Response_Fail3":["Skipped"]},"metadata":{"operationMetadataId":"5c925185-a8f4-4d0c-8220-8779e65f960b"},"type":"OpenApiConnection","inputs":{"host":{"connectionName":"shared_commondataserviceforapps","operationId":"CreateRecord","apiId":"/providers/Microsoft.PowerApps/apis/shared_commondataserviceforapps"},"parameters":{"entityName":"cr85a_calculations","item/cr85a_name":"@concat('Berekening ', utcNow())","item/cr85a_Calculation@odata.bind":"/cr85a_cases/@{outputs('Create_new_case')?['body/cr85a_caseid']}","item/cr85a_Contact@odata.bind":"/contacts/@{outputs('Get_a_Contact_by_ID')?['body/contactid']}"},"authentication":"@parameters('$authentication')"}},"Create_new_User_Details":{"runAfter":{"Get_a_Contact_by_ID":["Succeeded"]},"metadata":{"operationMetadataId":"45e867b7-ad0f-4d2d-8cdc-1c8f569dd05d"},"type":"OpenApiConnection","inputs":{"host":{"connectionName":"shared_commondataserviceforapps","operationId":"CreateRecord","apiId":"/providers/Microsoft.PowerApps/apis/shared_commondataserviceforapps"},"parameters":{"entityName":"cr85a_gebruikers","item/cr85a_gebruiker":"@null","item/cr85a_vlgebruiker":"@outputs('Get_a_Contact_by_ID')?['body/middlename']","item/cr85a_nmgebruiker":"@outputs('Get_a_Contact_by_ID')?['body/lastname']","item/cr85a_geslachtgebruiker":"@null","item/cr85a_voorvgebruiker":"@outputs('Get_a_Contact_by_ID')?['body/firstname']","item/cr85a_postcodegebruiker":"@outputs('Get_a_Contact_by_ID')?['body/address1_postalcode']"},"authentication":"@parameters('$authentication')"}},"Create_new_case":{"runAfter":{"Response_Fail_4":["Skipped"]},"metadata":{"operationMetadataId":"4fe25e06-27a6-42a2-b453-edf9daed0af6"},"type":"OpenApiConnection","inputs":{"host":{"connectionName":"shared_commondataserviceforapps","operationId":"CreateRecord","apiId":"/providers/Microsoft.PowerApps/apis/shared_commondataserviceforapps"},"parameters":{"entityName":"cr85a_cases","item/cr85a_berekeningsdatum":"@null","item/cr85a_mailgebruiker":"@outputs('Get_a_Contact_by_ID')?['body/emailaddress1']","item/cr85a_telefoongebruiker":"@outputs('Get_a_Contact_by_ID')?['body/mobilephone']","item/cr85a_comment":"@concat('Case', utcNow())","item/cr85a_CasePartner@odata.bind":"/cr85a_partners/@{outputs('Add_a_new_Partner')?['body/cr85a_partnerid']}","item/cr85a_CaseGebruiker@odata.bind":"/cr85a_gebruikers/@{outputs('Create_new_User_Details')?['body/cr85a_gebruikerid']}"},"authentication":"@parameters('$authentication')"}},"Response_Fail":{"runAfter":{"Response_Success":["Failed","Skipped","TimedOut"]},"metadata":{"operationMetadataId":"1904b186-9abf-45bd-8d3e-31c09eaffaeb"},"type":"Response","kind":"Http","inputs":{"statusCode":400}},"Response_Fail2":{"runAfter":{"Create_new_User_Details":["Failed","Skipped","TimedOut"]},"metadata":{"operationMetadataId":"f78281b9-c67e-4dcb-9492-e15770af75f9"},"type":"Response","kind":"Http","inputs":{"statusCode":400}},"Response_Fail3":{"runAfter":{"Create_new_case":["Failed","Skipped","TimedOut"]},"metadata":{"operationMetadataId":"3d9f28da-b1f9-4e38-81cf-b9b252567409"},"type":"Response","kind":"Http","inputs":{"statusCode":400}},"Response_Fail_4":{"runAfter":{"Add_a_new_Partner":["Failed","Skipped","TimedOut"]},"metadata":{"operationMetadataId":"8d9cd512-9efd-43d0-b774-69eadd771047"},"type":"Response","kind":"Http","inputs":{"statusCode":400}},"Add_a_new_Partner":{"runAfter":{"Response_Fail2":["Skipped"]},"metadata":{"operationMetadataId":"a459c63a-45d5-4c05-8b11-a3279989cb77"},"type":"OpenApiConnection","inputs":{"host":{"connectionName":"shared_commondataserviceforapps","operationId":"CreateRecord","apiId":"/providers/Microsoft.PowerApps/apis/shared_commondataserviceforapps"},"parameters":{"entityName":"cr85a_partners","item/cr85a_partner":"@null","item/cr85a_gebdtpartner":"@null","item/cr85a_geslachtpartner":"@null","item/cr85a_vlpartner":"@null","item/cr85a_nmpartner":"@null"},"authentication":"@parameters('$authentication')"}},"Relate_Calculation_with_Dossier":{"runAfter":{"Create_new_calculation":["Succeeded"]},"metadata":{"operationMetadataId":"49b61cb0-c249-4a51-83a8-8f7e99b86cb3"},"type":"OpenApiConnection","inputs":{"host":{"connectionName":"shared_commondataserviceforapps_1","operationId":"AssociateEntities","apiId":"/providers/Microsoft.PowerApps/apis/shared_commondataserviceforapps"},"parameters":{"entityName":"cr85a_dossiers","recordId":"@outputs('Get_a_Contact_by_ID')?['body/_cr85a_dossierref_value']","associationEntityRelationship":"cr85a_Calculation_cr85a_dossierref_cr85a_","item/@odata.id":"@outputs('Create_new_calculation')?['body/@odata.id']"},"authentication":"@parameters('$authentication')"}},"Response_Success":{"runAfter":{"Is_first_calculation":["Succeeded"]},"metadata":{"operationMetadataId":"a421b11a-243a-4d12-b579-34a68d6625a9"},"type":"Response","kind":"Http","inputs":{"statusCode":200,"body":"@outputs('Create_new_calculation')?['body/cr85a_calculationid']"}},"Is_first_calculation":{"actions":{"List_contactscan":{"runAfter":{},"metadata":{"operationMetadataId":"4283ff49-3f68-42ec-9774-f3fa67e89738"},"type":"OpenApiConnection","inputs":{"host":{"connectionName":"shared_commondataserviceforapps_1","operationId":"ListRecords","apiId":"/providers/Microsoft.PowerApps/apis/shared_commondataserviceforapps"},"parameters":{"entityName":"cr85a_contactscaninformations","$filter":"(cr85a_contactscaninformationid eq @{outputs('Get_a_Contact_by_ID')?['body/_cr85a_contact_contactscan_value']})"},"authentication":"@parameters('$authentication')"}},"Apply_to_each":{"foreach":"@outputs('List_contactscan')?['body/value']","actions":{"Add_a_new_relation":{"runAfter":{},"metadata":{"operationMetadataId":"aa9d4a14-3118-4dec-b556-a4a7c1018e9e"},"type":"OpenApiConnection","inputs":{"host":{"connectionName":"shared_commondataserviceforapps_1","operationId":"CreateRecord","apiId":"/providers/Microsoft.PowerApps/apis/shared_commondataserviceforapps"},"parameters":{"entityName":"cr85a_relaties","item/cr85a_comment":"@outputs('Create_new_calculation')?['body/cr85a_calculationid']","item/cr85a_relatiekindjn":"@items('Apply_to_each')?['cr85a_kinderen']"},"authentication":"@parameters('$authentication')"}},"Add_a_residential_BD":{"runAfter":{"Relate_relation_with_case":["Succeeded"]},"metadata":{"operationMetadataId":"d33fa6b7-ef6a-4e7e-acb3-b181a43227b0"},"type":"OpenApiConnection","inputs":{"host":{"connectionName":"shared_commondataserviceforapps_1","operationId":"CreateRecord","apiId":"/providers/Microsoft.PowerApps/apis/shared_commondataserviceforapps"},"parameters":{"entityName":"cr85a_woonsituatiehuidigs","item/cr85a_ewsoudpartner":"@null","item/cr85a_ewsoudgebruiker":"@null","item/cr85a_eigendom":"@null","item/cr85a_huurpermaand":"@null","item/cr85a_huidig":"@items('Apply_to_each')?['cr85a_woonsituatie']","item/cr85a_observations":"ResidentialBD_@{utcNow()}"},"authentication":"@parameters('$authentication')"}},"Relate_relation_with_residentials":{"runAfter":{"Add_a_residential_BD":["Succeeded"]},"metadata":{"operationMetadataId":"639cec17-ae74-4ee0-8d7f-1076a1011544"},"type":"OpenApiConnection","inputs":{"host":{"connectionName":"shared_commondataserviceforapps_1","operationId":"AssociateEntities","apiId":"/providers/Microsoft.PowerApps/apis/shared_commondataserviceforapps"},"parameters":{"entityName":"cr85a_woonsituatiehuidigs","recordId":"@outputs('Add_a_residential_BD')?['body/cr85a_woonsituatiehuidigid']","associationEntityRelationship":"cr85a_RelatieWoonsituatieHuidig","item/@odata.id":"@outputs('Add_a_new_relation')?['body/@odata.id']"},"authentication":"@parameters('$authentication')"}},"Relate_relation_with_case":{"runAfter":{"Add_a_new_relation":["Succeeded"]},"metadata":{"operationMetadataId":"e44916bf-9a83-425d-84fb-503d8bade875"},"type":"OpenApiConnection","inputs":{"host":{"connectionName":"shared_commondataserviceforapps_1","operationId":"AssociateEntities","apiId":"/providers/Microsoft.PowerApps/apis/shared_commondataserviceforapps"},"parameters":{"entityName":"cr85a_relaties","recordId":"@outputs('Add_a_new_relation')?['body/cr85a_relatieid']","associationEntityRelationship":"cr85a_case_cr85a_CaseRelatie_cr85a_relati","item/@odata.id":"@outputs('Create_new_case')?['body/@odata.id']"},"authentication":"@parameters('$authentication')"}}},"runAfter":{"List_contactscan":["Succeeded"]},"metadata":{"operationMetadataId":"5ee18dcf-7493-4752-b110-497732b1a4cb"},"type":"Foreach"},"Get_the_first_customer_journey":{"runAfter":{"Apply_to_each":["Succeeded"]},"metadata":{"operationMetadataId":"9f61c473-0738-4c93-b9b5-8647ba9334c2"},"type":"OpenApiConnection","inputs":{"host":{"connectionName":"shared_commondataserviceforapps_1","operationId":"ListRecords","apiId":"/providers/Microsoft.PowerApps/apis/shared_commondataserviceforapps"},"parameters":{"entityName":"cr85a_customerjourneies","$select":"_cr85a_currentstep_value,cr85a_customerjourneyid","$filter":"(contains(cr85a_name, '00')) and (cr85a_FlowType/cr85a_isfirstflow eq true and cr85a_FlowType/cr85a_haskids eq true and cr85a_FlowType/cr85a_ismarried eq true)","$expand":"cr85a_FlowType($select=cr85a_isfirstflow,cr85a_haskids,cr85a_ismarried)","$top":1},"authentication":"@parameters('$authentication')"}},"Apply_to_each_2":{"foreach":"@outputs('Get_the_first_customer_journey')?['body/value']","actions":{"relate_customer_journey_to_calculation":{"runAfter":{},"metadata":{"operationMetadataId":"4d2023fd-466c-4811-96af-272f667d332e"},"type":"OpenApiConnection","inputs":{"host":{"connectionName":"shared_commondataserviceforapps_1","operationId":"AssociateEntities","apiId":"/providers/Microsoft.PowerApps/apis/shared_commondataserviceforapps"},"parameters":{"entityName":"cr85a_customerjourneies","recordId":"@items('Apply_to_each_2')?['cr85a_customerjourneyid']","associationEntityRelationship":"cr85a_Calculation_cr85a_CustomerJourney_c","item/@odata.id":"@outputs('Create_new_calculation')?['body/@odata.id']"},"authentication":"@parameters('$authentication')"}}},"runAfter":{"Get_the_first_customer_journey":["Succeeded"]},"metadata":{"operationMetadataId":"9a5b23f3-86c6-4fa6-af91-84caa70e3208"},"type":"Foreach"}},"runAfter":{"Relate_Calculation_with_Dossier":["Succeeded"]},"expression":{"equals":["@triggerBody()?['firstcal']",true]},"metadata":{"operationMetadataId":"099eb496-4374-46d9-8212-97ad8ef66fee"},"type":"If"},"Authentication_+_Authorization":{"runAfter":{},"metadata":{"operationMetadataId":"6156e4da-100d-49f8-9c85-ff72ddde6368"},"type":"OpenApiConnection","inputs":{"host":{"connectionName":"shared_commondataserviceforapps","operationId":"PerformUnboundAction","apiId":"/providers/Microsoft.PowerApps/apis/shared_commondataserviceforapps"},"parameters":{"actionName":"cr85a_AuthenticationAuthorizationProcess","item/PortalAuthToken":"@triggerOutputs()['headers']['portalauthtoken']","item/DossierId":"@triggerBody()?['cr85a_dossierid']","item/ContactId":"@triggerBody()?['userid']"},"authentication":"@parameters('$authentication')"}},"Condition_Authentication_+_Authorization":{"actions":{},"runAfter":{"Authentication_+_Authorization":["Succeeded"]},"else":{"actions":{"Response_Authentication_+_Authorization":{"runAfter":{},"metadata":{"operationMetadataId":"a28db4f1-5fe9-4710-810a-7ffbd6894cfd"},"type":"Response","kind":"Http","inputs":{"statusCode":"@outputs('Authentication_+_Authorization')?['body/HttpCode']","body":"@outputs('Authentication_+_Authorization')?['body/ErrorMessage']"}},"Terminate":{"runAfter":{"Response_Authentication_+_Authorization":["Succeeded"]},"metadata":{"operationMetadataId":"1e03b376-ad7f-4fa9-8d49-4003dc2fab7a"},"type":"Terminate","inputs":{"runStatus":"Succeeded"}}}},"expression":{"equals":["@outputs('Authentication_+_Authorization')?['body/AuthResult']","@true"]},"metadata":{"operationMetadataId":"e595db21-018d-4d35-93dc-c14924caaa6e"},"type":"If"}}}},"schemaVersion":"1.0.0.0"}