{"properties":{"connectionReferences":{"shared_commondataserviceforapps":{"runtimeSource":"embedded","connection":{"connectionReferenceLogicalName":"cr85a_sharedcommondataserviceforapps_064ef"},"api":{"name":"shared_commondataserviceforapps"}},"shared_commondataserviceforapps_1":{"runtimeSource":"embedded","connection":{"connectionReferenceLogicalName":"cr85a_sharedcommondataserviceforapps_c91da"},"api":{"name":"shared_commondataserviceforapps"}}},"definition":{"$schema":"https://schema.management.azure.com/providers/Microsoft.Logic/schemas/2016-06-01/workflowdefinition.json#","contentVersion":"1.0.0.0","parameters":{"$connections":{"defaultValue":{},"type":"Object"},"$authentication":{"defaultValue":{},"type":"SecureObject"}},"triggers":{"manual":{"metadata":{"operationMetadataId":"98f5b67c-12c4-4e98-b02d-a79760a6870b"},"type":"Request","kind":"Http","inputs":{"schema":{"type":"object","properties":{"cr85a_inkomengebruiker":{"type":"string"},"cr85a_inkomenpartner":{"type":"string"},"cr85a_inkomenarbeidid":{"type":"string"},"cr85a_bronsalaris":{"type":"integer"},"cr85a_inkomenberekendnascheiding":{"type":"integer"},"cr85a_salbr":{"type":"number"},"cr85a_salbr_after":{"type":"number"},"cr85a_salper":{"type":"integer"},"cr85a_salnetto":{"type":"number"},"cr85a_sallhk":{"type":"boolean"},"cr85a_salvakjrper":{"type":"integer"},"cr85a_saljn13emnd":{"type":"boolean"},"cr85a_salextrjanee":{"type":"boolean"},"cr85a_salextrjr":{"type":"number"},"cr85a_salpensprnetto":{"type":"number"},"cr85a_salpensprbr":{"type":"number"},"cr85a_salautojn":{"type":"boolean"},"cr85a_salautobijtnm":{"type":"number"},"cr85a_salautoeb":{"type":"number"},"cr85a_fiscln":{"type":"number"},"cr85a_fiscln_after":{"type":"number"},"cr85a_fisclnper":{"type":"integer"},"cr85a_fisclnlhk":{"type":"boolean"},"cr85a_fisclnautojn":{"type":"boolean"},"cr85a_fisclnpensprbr":{"type":"number"},"cr85a_fisclnpensprnetto":{"type":"number"},"cr85a_fisclnautobijt":{"type":"number"},"cr85a_fisclnautoeb":{"type":"number"},"cr85a_fisclnnetto":{"type":"number"},"cr85a_brjrink":{"type":"number"},"cr85a_brjrink_after":{"type":"number"},"cr85a_brjrinklhk":{"type":"boolean"},"cr85a_brjrinkpensprbr":{"type":"number"},"cr85a_brjrinkpensprnetto":{"type":"number"},"cr85a_brjrinkautojn":{"type":"boolean"},"cr85a_brjrinkautobijt":{"type":"number"},"cr85a_brjrinkautoeb":{"type":"number"},"cr85a_brjrinkper":{"type":"integer"},"cr85a_brjrinknetto":{"type":"number"},"ispartner":{"type":"boolean"},"cr85a_inkomentype":{"type":"integer"},"cr85a_calculationidref":{"type":"string"},"cr85a_inkomenarbeidvoornascheiding":{"type":"integer"},"cr85a_inkomenuitarbeidref":{"type":"string"},"cr85a_inkomenvolgorde":{"type":"integer"},"modifiedbycontact":{"type":"string"}}},"method":"POST","relativePath":"saveSalary"}}},"actions":{"Create_Or_Update_Salary":{"actions":{"IS_BD":{"actions":{"Add_Salary_BD":{"runAfter":{},"metadata":{"operationMetadataId":"13bc71ac-3594-4649-b35f-8561b22eafcf"},"type":"OpenApiConnection","inputs":{"host":{"connectionName":"shared_commondataserviceforapps","operationId":"CreateRecord","apiId":"/providers/Microsoft.PowerApps/apis/shared_commondataserviceforapps"},"parameters":{"entityName":"cr85a_inkomenarbeids","item/cr85a_salextrjr":"@if(equals(triggerBody()?['cr85a_salextrjr'],0),null,triggerBody()?['cr85a_salextrjr'])","item/cr85a_fiscln":"@if(equals(triggerBody()?['cr85a_fiscln'],0),null,triggerBody()?['cr85a_fiscln'])","item/cr85a_brjrinkpensprbr":"@if(equals(triggerBody()?['cr85a_brjrinkpensprbr'],0),null,triggerBody()?['cr85a_brjrinkpensprbr'])","item/cr85a_fisclnpensprbr":"@if(equals(triggerBody()?['cr85a_fisclnpensprbr'],0),null,triggerBody()?['cr85a_fisclnpensprbr'])","item/cr85a_salpensprbr":"@if(equals(triggerBody()?['cr85a_salpensprbr'],0),null,triggerBody()?['cr85a_salpensprbr'])","item/cr85a_salbr":"@if(equals(triggerBody()?['cr85a_salbr'],0),null,triggerBody()?['cr85a_salbr'])","item/cr85a_brjrink":"@if(equals(triggerBody()?['cr85a_brjrink'],0),null,triggerBody()?['cr85a_brjrink'])","item/cr85a_brjrinknetto":"@if(equals(triggerBody()?['cr85a_brjrinknetto'],0),null,triggerBody()?['cr85a_brjrinknetto'])","item/cr85a_fisclnnetto":"@if(equals(triggerBody()?['cr85a_fisclnnetto'],0),null,triggerBody()?['cr85a_fisclnnetto'])","item/cr85a_salnetto":"@if(equals(triggerBody()?['cr85a_salnetto'],0),null,triggerBody()?['cr85a_salnetto'])","item/cr85a_brjrinkpensprnetto":"@if(equals(triggerBody()?['cr85a_brjrinkpensprnetto'],0),null,triggerBody()?['cr85a_brjrinkpensprnetto'])","item/cr85a_fisclnpensprnetto":"@if(equals(triggerBody()?['cr85a_fisclnpensprnetto'],0),null,triggerBody()?['cr85a_fisclnpensprnetto'])","item/cr85a_salpensprnetto":"@if(equals(triggerBody()?['cr85a_salpensprnetto'],0),null,triggerBody()?['cr85a_salpensprnetto'])","item/cr85a_brjrinkautoeb":"@if(equals(triggerBody()?['cr85a_brjrinkautoeb'],0),null,triggerBody()?['cr85a_brjrinkautoeb'])","item/cr85a_fisclnautoeb":"@if(equals(triggerBody()?['cr85a_fisclnautoeb'],0),null,triggerBody()?['cr85a_fisclnautoeb'])","item/cr85a_brjrinkautobijt":"@if(equals(triggerBody()?['cr85a_brjrinkautobijt'],0),null,triggerBody()?['cr85a_brjrinkautobijt'])","item/cr85a_fisclnautobijt":"@if(equals(triggerBody()?['cr85a_fisclnautobijt'],0),null,triggerBody()?['cr85a_fisclnautobijt'])","item/cr85a_salautobijtnm":"@if(equals(triggerBody()?['cr85a_salautobijtnm'],0),null,triggerBody()?['cr85a_salautobijtnm'])","item/cr85a_salvakjrper":"@if(equals(triggerBody()?['cr85a_salvakjrper'],0),null,triggerBody()?['cr85a_salvakjrper'])","item/cr85a_brjrinkper":"@if(equals(triggerBody()?['cr85a_brjrinkper'],0),null,triggerBody()?['cr85a_brjrinkper'])","item/cr85a_fisclnper":"@if(equals(triggerBody()?['cr85a_fisclnper'],0),null,triggerBody()?['cr85a_fisclnper'])","item/cr85a_salper":"@if(equals(triggerBody()?['cr85a_salper'],0),null,triggerBody()?['cr85a_salper'])","item/cr85a_bronsalaris":"@if(equals(triggerBody()?['cr85a_bronsalaris'],0),null,triggerBody()?['cr85a_bronsalaris'])","item/cr85a_comment":"Test_@{utcNow()}","item/cr85a_saljn13emnd":"@triggerBody()?['cr85a_saljn13emnd']","item/cr85a_salextrjanee":"@triggerBody()?['cr85a_salextrjanee']","item/cr85a_brjrinkautojn":"@triggerBody()?['cr85a_brjrinkautojn']","item/cr85a_fisclnautojn":"@triggerBody()?['cr85a_fisclnautojn']","item/cr85a_salautojn":"@triggerBody()?['cr85a_salautojn']","item/cr85a_brjrinklhk":"@triggerBody()?['cr85a_brjrinklhk']","item/cr85a_fisclnlhk":"@triggerBody()?['cr85a_fisclnlhk']","item/cr85a_sallhk":"@triggerBody()?['cr85a_sallhk']","item/cr85a_ModifiedByContact@odata.bind":"contacts(@{triggerBody()?['modifiedbycontact']})","item/cr85a_salautoeb":"@if(equals(triggerBody()?['cr85a_salautoeb'],0),null,triggerBody()?['cr85a_salautoeb'])","item/cr85a_inkomenarbeidvoornascheiding":469280000},"authentication":"@parameters('$authentication')"}},"Set_CountSalaries_2":{"actions":{"List_Income_Partner_Before_2":{"runAfter":{},"metadata":{"operationMetadataId":"ad9c3e3f-5b29-4796-b087-6133624f8b01"},"type":"OpenApiConnection","inputs":{"host":{"connectionName":"shared_commondataserviceforapps","operationId":"ListRecords","apiId":"/providers/Microsoft.PowerApps/apis/shared_commondataserviceforapps"},"parameters":{"entityName":"cr85a_inkomens","$select":"cr85a_inkomentype,_cr85a_inkomenpartner_value,_cr85a_calculationidref_value","$filter":"(cr85a_inkomentype eq 469280000) and (_cr85a_inkomenpartner_value eq @{triggerBody()?['cr85a_inkomenpartner']}) and (_cr85a_calculationidref_value eq @{triggerBody()?['cr85a_calculationidref']})"},"authentication":"@parameters('$authentication')"}},"Set_variable_7":{"runAfter":{"List_Income_Partner_Before_2":["Succeeded"]},"metadata":{"operationMetadataId":"e5a19053-b895-43e0-8086-c01b8f0c84ce"},"type":"SetVariable","inputs":{"name":"CountSalaries","value":"@add(length(outputs('List_Income_Partner_Before_2')?['body/value']), 1)"}}},"runAfter":{"Add_Salary_BD":["Succeeded"]},"else":{"actions":{"List_Income_User_Before_2":{"runAfter":{},"metadata":{"operationMetadataId":"ef400bdd-51a2-459b-9635-fc4fbf7f7fef"},"type":"OpenApiConnection","inputs":{"host":{"connectionName":"shared_commondataserviceforapps","operationId":"ListRecords","apiId":"/providers/Microsoft.PowerApps/apis/shared_commondataserviceforapps"},"parameters":{"entityName":"cr85a_inkomens","$select":"cr85a_inkomentype,_cr85a_inkomengebruiker_value,_cr85a_calculationidref_value","$filter":"(cr85a_inkomentype eq 469280000) and (_cr85a_inkomengebruiker_value eq @{triggerBody()?['cr85a_inkomengebruiker']}) and (_cr85a_calculationidref_value eq @{triggerBody()?['cr85a_calculationidref']})"},"authentication":"@parameters('$authentication')"}},"Set_variable_6":{"runAfter":{"List_Income_User_Before_2":["Succeeded"]},"metadata":{"operationMetadataId":"140e2b15-1140-4768-891f-0caf93dae10f"},"type":"SetVariable","inputs":{"name":"CountSalaries","value":"@add(length(outputs('List_Income_User_Before_2')?['body/value']), 1)"}}}},"expression":{"equals":["@triggerBody()?['ispartner']",true]},"metadata":{"operationMetadataId":"73fd5ad5-62ed-4f02-80ad-2d9f99ff7802"},"type":"If"},"CreateOrUpdate_Income":{"runAfter":{"IsNotApplicable":["Succeeded"]},"metadata":{"operationMetadataId":"5cd7d1d0-6117-4ed7-94e0-5499e59421d1"},"type":"Workflow","inputs":{"host":{"workflowReferenceName":"596b1ddf-269e-eb11-b1ac-000d3a21153a"},"body":{"cr85a_inkomenberekendnascheiding":"@triggerBody()?['cr85a_inkomenberekendnascheiding']","cr85a_inkomenbox3jn":false,"cr85a_inkomencomponentref":"@outputs('Add_Salary_BD')?['body/cr85a_inkomenarbeidid']","cr85a_inkomentype":"@triggerBody()?['cr85a_inkomentype']","cr85a_inkomenvolgorde":"@variables('CountSalaries')","cr85a_inkomengebruiker":"@triggerBody()?['cr85a_inkomengebruiker']","cr85a_inkomenpartner":"@triggerBody()?['cr85a_inkomenpartner']","cr85a_observations":"Salary @{variables('CountSalaries')}","ispartner":"@triggerBody()?['ispartner']","cr85a_calculationidref":"@triggerBody()?['cr85a_calculationidref']","modifiedbycontact":"@triggerBody()?['modifiedbycontact']"}}},"Parse_JSON":{"runAfter":{"CreateOrUpdate_Income":["Succeeded"]},"metadata":{"operationMetadataId":"79e526d0-2c07-4b09-bd3d-a5426d91bd4b"},"type":"ParseJson","inputs":{"content":"@outputs('CreateOrUpdate_Income')?['Body']","schema":{"type":"object","properties":{"incomeid":{"type":"string"}}}}},"IsNotApplicable":{"actions":{},"runAfter":{"Set_CountSalaries_2":["Succeeded"]},"else":{"actions":{"Add_Salary_AD_2":{"runAfter":{},"metadata":{"operationMetadataId":"9daf3c4a-4801-45dd-bcfb-96d546fdefaf"},"type":"OpenApiConnection","inputs":{"host":{"connectionName":"shared_commondataserviceforapps","operationId":"CreateRecord","apiId":"/providers/Microsoft.PowerApps/apis/shared_commondataserviceforapps"},"parameters":{"entityName":"cr85a_inkomenarbeids","item/cr85a_salextrjr":"@if(equals(triggerBody()?['cr85a_salextrjr'], 0), null, triggerBody()?['cr85a_salextrjr'])","item/cr85a_fiscln":"@if(equals(triggerBody()?['cr85a_fiscln'], 0), null, triggerBody()?['cr85a_fiscln'])","item/cr85a_brjrinkpensprbr":"@if(equals(triggerBody()?['cr85a_brjrinkpensprbr'], 0), null, triggerBody()?['cr85a_brjrinkpensprbr'])","item/cr85a_fisclnpensprbr":"@if(equals(triggerBody()?['cr85a_fisclnpensprbr'], 0), null, triggerBody()?['cr85a_fisclnpensprbr'])","item/cr85a_salpensprbr":"@if(equals(triggerBody()?['cr85a_salpensprbr'], 0), null, triggerBody()?['cr85a_salpensprbr'])","item/cr85a_salbr":"@if(equals(triggerBody()?['cr85a_salbr'], 0), null, triggerBody()?['cr85a_salbr'])","item/cr85a_brjrink":"@if(equals(triggerBody()?['cr85a_brjrink'], 0), null, triggerBody()?['cr85a_brjrink'])","item/cr85a_brjrinknetto":"@if(equals(triggerBody()?['cr85a_brjrinknetto'], 0), null, triggerBody()?['cr85a_brjrinknetto'])","item/cr85a_fisclnnetto":"@if(equals(triggerBody()?['cr85a_fisclnnetto'], 0), null, triggerBody()?['cr85a_fisclnnetto'])","item/cr85a_salnetto":"@if(equals(triggerBody()?['cr85a_salnetto'], 0), null, triggerBody()?['cr85a_salnetto'])","item/cr85a_brjrinkpensprnetto":"@if(equals(triggerBody()?['cr85a_brjrinkpensprnetto'], 0), null, triggerBody()?['cr85a_brjrinkpensprnetto'])","item/cr85a_fisclnpensprnetto":"@if(equals(triggerBody()?['cr85a_fisclnpensprnetto'], 0), null, triggerBody()?['cr85a_fisclnpensprnetto'])","item/cr85a_salpensprnetto":"@if(equals(triggerBody()?['cr85a_salpensprnetto'], 0), null, triggerBody()?['cr85a_salpensprnetto'])","item/cr85a_brjrinkautoeb":"@if(equals(triggerBody()?['cr85a_brjrinkautoeb'], 0), null, triggerBody()?['cr85a_brjrinkautoeb'])","item/cr85a_fisclnautoeb":"@if(equals(triggerBody()?['cr85a_fisclnautoeb'], 0), null, triggerBody()?['cr85a_fisclnautoeb'])","item/cr85a_brjrinkautobijt":"@if(equals(triggerBody()?['cr85a_brjrinkautobijt'], 0), null, triggerBody()?['cr85a_brjrinkautobijt'])","item/cr85a_fisclnautobijt":"@if(equals(triggerBody()?['cr85a_fisclnautobijt'], 0), null, triggerBody()?['cr85a_fisclnautobijt'])","item/cr85a_salautobijtnm":"@if(equals(triggerBody()?['cr85a_salautobijtnm'], 0), null, triggerBody()?['cr85a_salautobijtnm'])","item/cr85a_salvakjrper":"@if(equals(triggerBody()?['cr85a_salvakjrper'], 0), null, triggerBody()?['cr85a_salvakjrper'])","item/cr85a_brjrinkper":"@if(equals(triggerBody()?['cr85a_brjrinkper'], 0), null, triggerBody()?['cr85a_brjrinkper'])","item/cr85a_fisclnper":"@if(equals(triggerBody()?['cr85a_fisclnper'], 0), null, triggerBody()?['cr85a_fisclnper'])","item/cr85a_salper":"@if(equals(triggerBody()?['cr85a_salper'], 0), null, triggerBody()?['cr85a_salper'])","item/cr85a_bronsalaris":"@if(equals(triggerBody()?['cr85a_bronsalaris'], 0), null, triggerBody()?['cr85a_bronsalaris'])","item/cr85a_comment":"Test_@{utcNow()}","item/cr85a_saljn13emnd":"@triggerBody()?['cr85a_saljn13emnd']","item/cr85a_salextrjanee":"@triggerBody()?['cr85a_salextrjanee']","item/cr85a_brjrinkautojn":"@triggerBody()?['cr85a_brjrinkautojn']","item/cr85a_fisclnautojn":"@triggerBody()?['cr85a_fisclnautojn']","item/cr85a_salautojn":"@triggerBody()?['cr85a_salautojn']","item/cr85a_brjrinklhk":"@triggerBody()?['cr85a_brjrinklhk']","item/cr85a_fisclnlhk":"@triggerBody()?['cr85a_fisclnlhk']","item/cr85a_sallhk":"@triggerBody()?['cr85a_sallhk']","item/cr85a_ModifiedByContact@odata.bind":"contacts(@{triggerBody()?['modifiedbycontact']})","item/cr85a_salautoeb":"@if(equals(triggerBody()?['cr85a_salautoeb'], 0), null, triggerBody()?['cr85a_salautoeb'])","item/cr85a_inkomenarbeidvoornascheiding":469280001},"authentication":"@parameters('$authentication')"}}}},"expression":{"equals":["@triggerBody()?['cr85a_inkomenberekendnascheiding']",469280002]},"metadata":{"operationMetadataId":"868627f9-7a29-41eb-8d39-99bd6cebfc6e"},"type":"If"},"NotApplicable":{"actions":{"Relate_Salary_BD_-_Income":{"runAfter":{},"metadata":{"operationMetadataId":"83eefb53-472e-4f08-948f-733e5ac87d10"},"type":"OpenApiConnection","inputs":{"host":{"connectionName":"shared_commondataserviceforapps","operationId":"AssociateEntities","apiId":"/providers/Microsoft.PowerApps/apis/shared_commondataserviceforapps"},"parameters":{"entityName":"cr85a_inkomens","recordId":"@body('Parse_JSON')?['incomeid']","associationEntityRelationship":"cr85a_Inkomenarbeid_inkomenuitarbeidref_c","item/@odata.id":"@outputs('Add_Salary_BD')?['body/@odata.id']"},"authentication":"@parameters('$authentication')"}},"Set_variable":{"runAfter":{"Relate_Salary_BD_-_Income":["Succeeded"]},"metadata":{"operationMetadataId":"debab446-0b2c-4d02-abe6-53e4dd3ba6dd"},"type":"SetVariable","inputs":{"name":"salaryADid","value":"@outputs('Add_Salary_BD')?['body/cr85a_inkomenarbeidid']"}}},"runAfter":{"Parse_JSON":["Succeeded"]},"else":{"actions":{"Relate_rows_2":{"runAfter":{},"metadata":{"operationMetadataId":"f51f2144-2a5d-40f7-99c6-9b4f0751ee5d"},"type":"OpenApiConnection","inputs":{"host":{"connectionName":"shared_commondataserviceforapps","operationId":"AssociateEntities","apiId":"/providers/Microsoft.PowerApps/apis/shared_commondataserviceforapps"},"parameters":{"entityName":"cr85a_inkomens","recordId":"@body('Parse_JSON')?['incomeid']","associationEntityRelationship":"cr85a_Inkomenarbeid_inkomenuitarbeidref_c","item/@odata.id":"@outputs('Add_Salary_BD')?['body/@odata.id']"},"authentication":"@parameters('$authentication')"}},"Relate_Salary_AD_-_Income_2":{"runAfter":{"Relate_rows_2":["Succeeded"]},"metadata":{"operationMetadataId":"017077f0-8fc9-4545-9579-215d8458fa5a"},"type":"OpenApiConnection","inputs":{"host":{"connectionName":"shared_commondataserviceforapps","operationId":"AssociateEntities","apiId":"/providers/Microsoft.PowerApps/apis/shared_commondataserviceforapps"},"parameters":{"entityName":"cr85a_inkomens","recordId":"@body('Parse_JSON')?['incomeid']","associationEntityRelationship":"cr85a_Inkomenarbeid_inkomenuitarbeidref_c","item/@odata.id":"@outputs('Add_Salary_AD_2')?['body/@odata.id']"},"authentication":"@parameters('$authentication')"}},"Set_variable_3":{"runAfter":{"Relate_Salary_AD_-_Income_2":["Succeeded"]},"metadata":{"operationMetadataId":"5a5dadea-d3d5-46af-a0ee-4590dceb8ec0"},"type":"SetVariable","inputs":{"name":"salaryADid","value":"@outputs('Add_Salary_AD_2')?['body/cr85a_inkomenarbeidid']"}}}},"expression":{"equals":["@triggerBody()?['cr85a_inkomenberekendnascheiding']",469280002]},"metadata":{"operationMetadataId":"5236b022-e2ab-46c2-9353-aca9c3e4f9a3"},"type":"If"}},"runAfter":{},"else":{"actions":{"Set_CountSalaries_3":{"actions":{"List_Income_Partner_Before_3":{"runAfter":{},"metadata":{"operationMetadataId":"745ce910-1223-4f54-895a-55661d605552"},"type":"OpenApiConnection","inputs":{"host":{"connectionName":"shared_commondataserviceforapps","operationId":"ListRecords","apiId":"/providers/Microsoft.PowerApps/apis/shared_commondataserviceforapps"},"parameters":{"entityName":"cr85a_inkomens","$select":"cr85a_inkomentype,_cr85a_inkomenpartner_value,_cr85a_calculationidref_value","$filter":"(cr85a_inkomentype eq 469280000) and (_cr85a_inkomenpartner_value eq @{triggerBody()?['cr85a_inkomenpartner']}) and (_cr85a_calculationidref_value eq @{triggerBody()?['cr85a_calculationidref']})"},"authentication":"@parameters('$authentication')"}},"Set_variable_9":{"runAfter":{"List_Income_Partner_Before_3":["Succeeded"]},"metadata":{"operationMetadataId":"68df5026-6e9d-434a-8dea-cccfdb9fd137"},"type":"SetVariable","inputs":{"name":"CountSalaries","value":"@add(length(outputs('List_Income_Partner_Before_3')?['body/value']), 1)"}}},"runAfter":{},"else":{"actions":{"List_Income_User_Before_3":{"runAfter":{},"metadata":{"operationMetadataId":"bb11237d-73ad-49cc-a1a6-d28288648393"},"type":"OpenApiConnection","inputs":{"host":{"connectionName":"shared_commondataserviceforapps","operationId":"ListRecords","apiId":"/providers/Microsoft.PowerApps/apis/shared_commondataserviceforapps"},"parameters":{"entityName":"cr85a_inkomens","$select":"cr85a_inkomentype,_cr85a_inkomengebruiker_value,_cr85a_calculationidref_value","$filter":"(cr85a_inkomentype eq 469280000) and (_cr85a_inkomengebruiker_value eq @{triggerBody()?['cr85a_inkomengebruiker']}) and (_cr85a_calculationidref_value eq @{triggerBody()?['cr85a_calculationidref']})"},"authentication":"@parameters('$authentication')"}},"Set_variable_8":{"runAfter":{"List_Income_User_Before_3":["Succeeded"]},"metadata":{"operationMetadataId":"7fb95e73-045b-4d38-8c7a-b2c15f2be824"},"type":"SetVariable","inputs":{"name":"CountSalaries","value":"@add(length(outputs('List_Income_User_Before_3')?['body/value']), 1)"}}}},"expression":{"equals":["@triggerBody()?['ispartner']",true]},"metadata":{"operationMetadataId":"39f0df16-a5a9-472e-aa82-93432bbe14f7"},"type":"If"},"Add_Salary_AD":{"runAfter":{"Set_CountSalaries_3":["Succeeded"]},"metadata":{"operationMetadataId":"fca2a61e-3eab-4459-87c0-d1914f0a9485"},"type":"OpenApiConnection","inputs":{"host":{"connectionName":"shared_commondataserviceforapps","operationId":"CreateRecord","apiId":"/providers/Microsoft.PowerApps/apis/shared_commondataserviceforapps"},"parameters":{"entityName":"cr85a_inkomenarbeids","item/cr85a_salextrjr":"@if(equals(triggerBody()?['cr85a_salextrjr'], 0), null, triggerBody()?['cr85a_salextrjr'])","item/cr85a_fiscln":"@if(equals(triggerBody()?['cr85a_fiscln'], 0), null, triggerBody()?['cr85a_fiscln'])","item/cr85a_brjrinkpensprbr":"@if(equals(triggerBody()?['cr85a_brjrinkpensprbr'], 0), null, triggerBody()?['cr85a_brjrinkpensprbr'])","item/cr85a_fisclnpensprbr":"@if(equals(triggerBody()?['cr85a_fisclnpensprbr'], 0), null, triggerBody()?['cr85a_fisclnpensprbr'])","item/cr85a_salpensprbr":"@if(equals(triggerBody()?['cr85a_salpensprbr'], 0), null, triggerBody()?['cr85a_salpensprbr'])","item/cr85a_salbr":"@if(equals(triggerBody()?['cr85a_salbr'], 0), null, triggerBody()?['cr85a_salbr'])","item/cr85a_brjrink":"@if(equals(triggerBody()?['cr85a_brjrink'], 0), null, triggerBody()?['cr85a_brjrink'])","item/cr85a_brjrinknetto":"@if(equals(triggerBody()?['cr85a_brjrinknetto'], 0), null, triggerBody()?['cr85a_brjrinknetto'])","item/cr85a_fisclnnetto":"@if(equals(triggerBody()?['cr85a_fisclnnetto'], 0), null, triggerBody()?['cr85a_fisclnnetto'])","item/cr85a_salnetto":"@if(equals(triggerBody()?['cr85a_salnetto'], 0), null, triggerBody()?['cr85a_salnetto'])","item/cr85a_brjrinkpensprnetto":"@if(equals(triggerBody()?['cr85a_brjrinkpensprnetto'], 0), null, triggerBody()?['cr85a_brjrinkpensprnetto'])","item/cr85a_fisclnpensprnetto":"@if(equals(triggerBody()?['cr85a_fisclnpensprnetto'], 0), null, triggerBody()?['cr85a_fisclnpensprnetto'])","item/cr85a_salpensprnetto":"@if(equals(triggerBody()?['cr85a_salpensprnetto'], 0), null, triggerBody()?['cr85a_salpensprnetto'])","item/cr85a_brjrinkautoeb":"@if(equals(triggerBody()?['cr85a_brjrinkautoeb'], 0), null, triggerBody()?['cr85a_brjrinkautoeb'])","item/cr85a_fisclnautoeb":"@if(equals(triggerBody()?['cr85a_fisclnautoeb'], 0), null, triggerBody()?['cr85a_fisclnautoeb'])","item/cr85a_brjrinkautobijt":"@if(equals(triggerBody()?['cr85a_brjrinkautobijt'], 0), null, triggerBody()?['cr85a_brjrinkautobijt'])","item/cr85a_fisclnautobijt":"@if(equals(triggerBody()?['cr85a_fisclnautobijt'], 0), null, triggerBody()?['cr85a_fisclnautobijt'])","item/cr85a_salautobijtnm":"@if(equals(triggerBody()?['cr85a_salautobijtnm'], 0), null, triggerBody()?['cr85a_salautobijtnm'])","item/cr85a_salvakjrper":"@if(equals(triggerBody()?['cr85a_salvakjrper'], 0), null, triggerBody()?['cr85a_salvakjrper'])","item/cr85a_brjrinkper":"@if(equals(triggerBody()?['cr85a_brjrinkper'], 0), null, triggerBody()?['cr85a_brjrinkper'])","item/cr85a_fisclnper":"@if(equals(triggerBody()?['cr85a_fisclnper'], 0), null, triggerBody()?['cr85a_fisclnper'])","item/cr85a_salper":"@if(equals(triggerBody()?['cr85a_salper'], 0), null, triggerBody()?['cr85a_salper'])","item/cr85a_bronsalaris":"@if(equals(triggerBody()?['cr85a_bronsalaris'], 0), null, triggerBody()?['cr85a_bronsalaris'])","item/cr85a_comment":"Test_@{utcNow()}","item/cr85a_saljn13emnd":"@triggerBody()?['cr85a_saljn13emnd']","item/cr85a_salextrjanee":"@triggerBody()?['cr85a_salextrjanee']","item/cr85a_brjrinkautojn":"@triggerBody()?['cr85a_brjrinkautojn']","item/cr85a_fisclnautojn":"@triggerBody()?['cr85a_fisclnautojn']","item/cr85a_salautojn":"@triggerBody()?['cr85a_salautojn']","item/cr85a_brjrinklhk":"@triggerBody()?['cr85a_brjrinklhk']","item/cr85a_fisclnlhk":"@triggerBody()?['cr85a_fisclnlhk']","item/cr85a_sallhk":"@triggerBody()?['cr85a_sallhk']","item/cr85a_ModifiedByContact@odata.bind":"contacts(@{triggerBody()?['modifiedbycontact']})","item/cr85a_salautoeb":"@if(equals(triggerBody()?['cr85a_salautoeb'], 0), null, triggerBody()?['cr85a_salautoeb'])","item/cr85a_inkomenarbeidvoornascheiding":469280001},"authentication":"@parameters('$authentication')"}},"CreateOrUpdate_Income_2":{"runAfter":{"Add_Salary_AD":["Succeeded"]},"metadata":{"operationMetadataId":"fa294727-2da9-4678-96f2-5ef04eb4fd89"},"type":"Workflow","inputs":{"host":{"workflowReferenceName":"596b1ddf-269e-eb11-b1ac-000d3a21153a"},"body":{"cr85a_inkomenberekendnascheiding":"@triggerBody()?['cr85a_inkomenberekendnascheiding']","cr85a_inkomenbox3jn":false,"cr85a_inkomencomponentref":"@outputs('Add_Salary_AD')?['body/cr85a_inkomenarbeidid']","cr85a_inkomentype":"@triggerBody()?['cr85a_inkomentype']","cr85a_inkomenvolgorde":"@variables('CountSalaries')","cr85a_inkomengebruiker":"@triggerBody()?['cr85a_inkomengebruiker']","cr85a_inkomenpartner":"@triggerBody()?['cr85a_inkomenpartner']","cr85a_observations":"Salary @{variables('CountSalaries')}","ispartner":"@triggerBody()?['ispartner']","cr85a_calculationidref":"@triggerBody()?['cr85a_calculationidref']","modifiedbycontact":"@triggerBody()?['modifiedbycontact']"}}},"Parse_JSON_2":{"runAfter":{"CreateOrUpdate_Income_2":["Succeeded"]},"metadata":{"operationMetadataId":"7ca42e09-9230-4525-b8bc-87951b8c2fa4"},"type":"ParseJson","inputs":{"content":"@outputs('CreateOrUpdate_Income_2')?['Body']","schema":{"type":"object","properties":{"incomeid":{"type":"string"}}}}},"Relate_rows":{"runAfter":{"Parse_JSON_2":["Succeeded"]},"metadata":{"operationMetadataId":"0f272814-fd62-4e33-b393-ab1bdf2de1c6"},"type":"OpenApiConnection","inputs":{"host":{"connectionName":"shared_commondataserviceforapps","operationId":"AssociateEntities","apiId":"/providers/Microsoft.PowerApps/apis/shared_commondataserviceforapps"},"parameters":{"entityName":"cr85a_inkomens","recordId":"@body('Parse_JSON_2')?['incomeid']","associationEntityRelationship":"cr85a_Inkomenarbeid_inkomenuitarbeidref_c","item/@odata.id":"@outputs('Add_Salary_AD')?['body/@odata.id']"},"authentication":"@parameters('$authentication')"}},"Set_variable_2":{"runAfter":{"Relate_rows":["Succeeded"]},"metadata":{"operationMetadataId":"1ed6c156-6e5d-4c76-aa2f-26c5562ac9b5"},"type":"SetVariable","inputs":{"name":"salaryADid","value":"@outputs('Add_Salary_AD')?['body/cr85a_inkomenarbeidid']"}}}},"expression":{"equals":["@triggerBody()?['cr85a_inkomenarbeidvoornascheiding']",469280000]},"metadata":{"operationMetadataId":"7b81ee40-4c8e-4e77-9090-f731b313fb09"},"type":"If"}},"runAfter":{"Initialize_variable":["Succeeded"]},"else":{"actions":{"BD":{"actions":{"Update_a_row":{"runAfter":{},"metadata":{"operationMetadataId":"9fd3d0e9-de2c-4364-91da-e134d2fa356f"},"type":"OpenApiConnection","inputs":{"host":{"connectionName":"shared_commondataserviceforapps","operationId":"UpdateRecord","apiId":"/providers/Microsoft.PowerApps/apis/shared_commondataserviceforapps"},"parameters":{"entityName":"cr85a_inkomenarbeids","recordId":"@triggerBody()?['cr85a_inkomenarbeidid']","item/cr85a_salextrjr":"@if(equals(triggerBody()?['cr85a_salextrjr'],0),null,triggerBody()?['cr85a_salextrjr'])","item/cr85a_fiscln":"@if(equals(triggerBody()?['cr85a_fiscln'],0),null,triggerBody()?['cr85a_fiscln'])","item/cr85a_brjrinkpensprbr":"@if(equals(triggerBody()?['cr85a_brjrinkpensprbr'],0),null,triggerBody()?['cr85a_brjrinkpensprbr'])","item/cr85a_fisclnpensprbr":"@if(equals(triggerBody()?['cr85a_fisclnpensprbr'],0),null,triggerBody()?['cr85a_fisclnpensprbr'])","item/cr85a_salpensprbr":"@if(equals(triggerBody()?['cr85a_salpensprbr'],0),null,triggerBody()?['cr85a_salpensprbr'])","item/cr85a_salbr":"@if(equals(triggerBody()?['cr85a_salbr'],0),null,triggerBody()?['cr85a_salbr'])","item/cr85a_brjrink":"@if(equals(triggerBody()?['cr85a_brjrink'],0),null,triggerBody()?['cr85a_brjrink'])","item/cr85a_brjrinknetto":"@if(equals(triggerBody()?['cr85a_brjrinknetto'],0),null,triggerBody()?['cr85a_brjrinknetto'])","item/cr85a_fisclnnetto":"@if(equals(triggerBody()?['cr85a_fisclnnetto'],0),null,triggerBody()?['cr85a_fisclnnetto'])","item/cr85a_salnetto":"@if(equals(triggerBody()?['cr85a_salnetto'],0),null,triggerBody()?['cr85a_salnetto'])","item/cr85a_brjrinkpensprnetto":"@if(equals(triggerBody()?['cr85a_brjrinkpensprnetto'],0),null,triggerBody()?['cr85a_brjrinkpensprnetto'])","item/cr85a_fisclnpensprnetto":"@if(equals(triggerBody()?['cr85a_fisclnpensprnetto'],0),null,triggerBody()?['cr85a_fisclnpensprnetto'])","item/cr85a_salpensprnetto":"@if(equals(triggerBody()?['cr85a_salpensprnetto'],0),null,triggerBody()?['cr85a_salpensprnetto'])","item/cr85a_brjrinkautoeb":"@if(equals(triggerBody()?['cr85a_brjrinkautoeb'],0),null,triggerBody()?['cr85a_brjrinkautoeb'])","item/cr85a_fisclnautoeb":"@if(equals(triggerBody()?['cr85a_fisclnautoeb'],0),null,triggerBody()?['cr85a_fisclnautoeb'])","item/cr85a_brjrinkautobijt":"@if(equals(triggerBody()?['cr85a_brjrinkautobijt'],0),null,triggerBody()?['cr85a_brjrinkautobijt'])","item/cr85a_fisclnautobijt":"@if(equals(triggerBody()?['cr85a_fisclnautobijt'],0),null,triggerBody()?['cr85a_fisclnautobijt'])","item/cr85a_salautobijtnm":"@if(equals(triggerBody()?['cr85a_salautobijtnm'],0),null,triggerBody()?['cr85a_salautobijtnm'])","item/cr85a_salvakjrper":"@if(equals(triggerBody()?['cr85a_salvakjrper'],0),null,triggerBody()?['cr85a_salvakjrper'])","item/cr85a_brjrinkper":"@if(equals(triggerBody()?['cr85a_brjrinkper'],0),null,triggerBody()?['cr85a_brjrinkper'])","item/cr85a_fisclnper":"@if(equals(triggerBody()?['cr85a_fisclnper'],0),null,triggerBody()?['cr85a_fisclnper'])","item/cr85a_salper":"@if(equals(triggerBody()?['cr85a_salper'],0),null,triggerBody()?['cr85a_salper'])","item/cr85a_bronsalaris":"@if(equals(triggerBody()?['cr85a_bronsalaris'],0),null,triggerBody()?['cr85a_bronsalaris'])","item/cr85a_saljn13emnd":"@triggerBody()?['cr85a_saljn13emnd']","item/cr85a_salextrjanee":"@triggerBody()?['cr85a_salextrjanee']","item/cr85a_brjrinkautojn":"@triggerBody()?['cr85a_brjrinkautojn']","item/cr85a_fisclnautojn":"@triggerBody()?['cr85a_fisclnautojn']","item/cr85a_salautojn":"@triggerBody()?['cr85a_salautojn']","item/cr85a_brjrinklhk":"@triggerBody()?['cr85a_brjrinklhk']","item/cr85a_fisclnlhk":"@triggerBody()?['cr85a_fisclnlhk']","item/cr85a_sallhk":"@triggerBody()?['cr85a_sallhk']","item/cr85a_ModifiedByContact@odata.bind":"contacts(@{triggerBody()?['modifiedbycontact']})","item/cr85a_salautoeb":"@if(equals(triggerBody()?['cr85a_salautoeb'],0),null,triggerBody()?['cr85a_salautoeb'])","item/cr85a_inkomenarbeidvoornascheiding":469280000},"authentication":"@parameters('$authentication')"}},"Condition":{"actions":{"Find_Salary_AD":{"runAfter":{},"metadata":{"operationMetadataId":"a28684f4-fe45-4d23-89ca-6d2181bf4130"},"type":"OpenApiConnection","inputs":{"host":{"connectionName":"shared_commondataserviceforapps","operationId":"ListRecords","apiId":"/providers/Microsoft.PowerApps/apis/shared_commondataserviceforapps"},"parameters":{"entityName":"cr85a_inkomenarbeids","$select":"cr85a_inkomenarbeidid","$filter":"(_cr85a_inkomenuitarbeidref_value eq @{triggerBody()?['cr85a_inkomenuitarbeidref']} and cr85a_inkomenarbeidvoornascheiding eq 469280001)","$top":1},"authentication":"@parameters('$authentication')"}},"IsNoApplicable":{"actions":{"Apply_to_delete":{"foreach":"@outputs('Find_Salary_AD')?['body/value']","actions":{"Delete_a_row":{"runAfter":{},"metadata":{"operationMetadataId":"0da968dd-8de3-4ea3-be1b-5ac803083cb0"},"type":"OpenApiConnection","inputs":{"host":{"connectionName":"shared_commondataserviceforapps","operationId":"DeleteRecord","apiId":"/providers/Microsoft.PowerApps/apis/shared_commondataserviceforapps"},"parameters":{"entityName":"cr85a_inkomenarbeids","recordId":"@items('Apply_to_delete')?['cr85a_inkomenarbeidid']"},"authentication":"@parameters('$authentication')"}},"Set_variable_10":{"runAfter":{"Delete_a_row":["Succeeded"]},"metadata":{"operationMetadataId":"6e3a6803-f0fc-44cb-80a2-a559b50a9535"},"type":"SetVariable","inputs":{"name":"salaryADid","value":"@triggerBody()?['cr85a_inkomenarbeidid']"}}},"runAfter":{},"metadata":{"operationMetadataId":"a6bb48c0-5eb7-4fc1-8103-97047234c5d7"},"type":"Foreach"}},"runAfter":{"Find_Salary_AD":["Succeeded"]},"else":{"actions":{"Apply_to_each":{"foreach":"@outputs('Find_Salary_AD')?['body/value']","actions":{"Set_variable_4":{"runAfter":{},"metadata":{"operationMetadataId":"2e87792f-62c9-4dcc-b2ff-8457503cf27f"},"type":"SetVariable","inputs":{"name":"salaryADid","value":"@items('Apply_to_each')?['cr85a_inkomenarbeidid']"}},"Update_a_row_3":{"runAfter":{"Set_variable_4":["Succeeded"]},"metadata":{"operationMetadataId":"b1e6c5a7-822c-45a5-927d-b4dbe0395ced"},"type":"OpenApiConnection","inputs":{"host":{"connectionName":"shared_commondataserviceforapps","operationId":"UpdateRecord","apiId":"/providers/Microsoft.PowerApps/apis/shared_commondataserviceforapps"},"parameters":{"entityName":"cr85a_inkomenarbeids","recordId":"@items('Apply_to_each')?['cr85a_inkomenarbeidid']","item/cr85a_salextrjr":"@if(equals(triggerBody()?['cr85a_salextrjr'], 0), null, triggerBody()?['cr85a_salextrjr'])","item/cr85a_fiscln":"@if(equals(triggerBody()?['cr85a_fiscln'], 0), null, triggerBody()?['cr85a_fiscln'])","item/cr85a_brjrinkpensprbr":"@if(equals(triggerBody()?['cr85a_brjrinkpensprbr'], 0), null, triggerBody()?['cr85a_brjrinkpensprbr'])","item/cr85a_fisclnpensprbr":"@if(equals(triggerBody()?['cr85a_fisclnpensprbr'], 0), null, triggerBody()?['cr85a_fisclnpensprbr'])","item/cr85a_salpensprbr":"@if(equals(triggerBody()?['cr85a_salpensprbr'], 0), null, triggerBody()?['cr85a_salpensprbr'])","item/cr85a_salbr":"@if(equals(triggerBody()?['cr85a_salbr'], 0), null, triggerBody()?['cr85a_salbr'])","item/cr85a_brjrink":"@if(equals(triggerBody()?['cr85a_brjrink'], 0), null, triggerBody()?['cr85a_brjrink'])","item/cr85a_brjrinknetto":"@if(equals(triggerBody()?['cr85a_brjrinknetto'], 0), null, triggerBody()?['cr85a_brjrinknetto'])","item/cr85a_fisclnnetto":"@if(equals(triggerBody()?['cr85a_fisclnnetto'], 0), null, triggerBody()?['cr85a_fisclnnetto'])","item/cr85a_salnetto":"@if(equals(triggerBody()?['cr85a_salnetto'], 0), null, triggerBody()?['cr85a_salnetto'])","item/cr85a_brjrinkpensprnetto":"@if(equals(triggerBody()?['cr85a_brjrinkpensprnetto'], 0), null, triggerBody()?['cr85a_brjrinkpensprnetto'])","item/cr85a_fisclnpensprnetto":"@if(equals(triggerBody()?['cr85a_fisclnpensprnetto'], 0), null, triggerBody()?['cr85a_fisclnpensprnetto'])","item/cr85a_salpensprnetto":"@if(equals(triggerBody()?['cr85a_salpensprnetto'], 0), null, triggerBody()?['cr85a_salpensprnetto'])","item/cr85a_brjrinkautoeb":"@if(equals(triggerBody()?['cr85a_brjrinkautoeb'], 0), null, triggerBody()?['cr85a_brjrinkautoeb'])","item/cr85a_fisclnautoeb":"@if(equals(triggerBody()?['cr85a_fisclnautoeb'], 0), null, triggerBody()?['cr85a_fisclnautoeb'])","item/cr85a_brjrinkautobijt":"@if(equals(triggerBody()?['cr85a_brjrinkautobijt'], 0), null, triggerBody()?['cr85a_brjrinkautobijt'])","item/cr85a_fisclnautobijt":"@if(equals(triggerBody()?['cr85a_fisclnautobijt'], 0), null, triggerBody()?['cr85a_fisclnautobijt'])","item/cr85a_salautobijtnm":"@if(equals(triggerBody()?['cr85a_salautobijtnm'], 0), null, triggerBody()?['cr85a_salautobijtnm'])","item/cr85a_salvakjrper":"@if(equals(triggerBody()?['cr85a_salvakjrper'], 0), null, triggerBody()?['cr85a_salvakjrper'])","item/cr85a_brjrinkper":"@if(equals(triggerBody()?['cr85a_brjrinkper'], 0), null, triggerBody()?['cr85a_brjrinkper'])","item/cr85a_fisclnper":"@if(equals(triggerBody()?['cr85a_fisclnper'], 0), null, triggerBody()?['cr85a_fisclnper'])","item/cr85a_salper":"@if(equals(triggerBody()?['cr85a_salper'], 0), null, triggerBody()?['cr85a_salper'])","item/cr85a_bronsalaris":"@if(equals(triggerBody()?['cr85a_bronsalaris'], 0), null, triggerBody()?['cr85a_bronsalaris'])","item/cr85a_saljn13emnd":"@triggerBody()?['cr85a_saljn13emnd']","item/cr85a_salextrjanee":"@triggerBody()?['cr85a_salextrjanee']","item/cr85a_brjrinkautojn":"@triggerBody()?['cr85a_brjrinkautojn']","item/cr85a_fisclnautojn":"@triggerBody()?['cr85a_fisclnautojn']","item/cr85a_salautojn":"@triggerBody()?['cr85a_salautojn']","item/cr85a_brjrinklhk":"@triggerBody()?['cr85a_brjrinklhk']","item/cr85a_fisclnlhk":"@triggerBody()?['cr85a_fisclnlhk']","item/cr85a_sallhk":"@triggerBody()?['cr85a_sallhk']","item/cr85a_salautoeb":"@if(equals(triggerBody()?['cr85a_salautoeb'], 0), null, triggerBody()?['cr85a_salautoeb'])"},"authentication":"@parameters('$authentication')"}}},"runAfter":{},"metadata":{"operationMetadataId":"6269f687-87c9-4de2-85f2-9f39884eb41a"},"type":"Foreach"}}},"expression":{"equals":["@triggerBody()?['cr85a_inkomenberekendnascheiding']",469280002]},"metadata":{"operationMetadataId":"8d70b887-bdac-477a-abe8-483ed716ed29"},"type":"If"}},"runAfter":{"Update_Income_BD":["Succeeded"]},"else":{"actions":{"Set_variable_5":{"runAfter":{},"metadata":{"operationMetadataId":"64167ae8-6658-43c6-a123-09fcc98f4215"},"type":"SetVariable","inputs":{"name":"salaryADid","value":"@triggerBody()?['cr85a_inkomenarbeidid']"}}}},"expression":{"not":{"equals":["@triggerBody()?['cr85a_inkomenuitarbeidref']",""]}},"metadata":{"operationMetadataId":"04698acf-6588-4f82-9acb-9919bbcabed6"},"type":"If"},"Update_Income_BD":{"runAfter":{"Update_a_row":["Succeeded"]},"metadata":{"operationMetadataId":"be75a9f2-c114-4034-8440-209dc6a0c6c1"},"type":"Workflow","inputs":{"host":{"workflowReferenceName":"596b1ddf-269e-eb11-b1ac-000d3a21153a"},"body":{"cr85a_inkomenid":"@triggerBody()?['cr85a_inkomenuitarbeidref']","cr85a_inkomenberekendnascheiding":"@triggerBody()?['cr85a_inkomenberekendnascheiding']","cr85a_inkomenbox3jn":false,"cr85a_inkomencomponentref":"@triggerBody()?['cr85a_inkomenarbeidid']","cr85a_inkomentype":"@triggerBody()?['cr85a_inkomentype']","cr85a_inkomenvolgorde":"@triggerBody()?['cr85a_inkomenvolgorde']","cr85a_inkomengebruiker":"@triggerBody()?['cr85a_inkomengebruiker']","cr85a_inkomenpartner":"@triggerBody()?['cr85a_inkomenpartner']","cr85a_observations":"Salary @{triggerBody()?['cr85a_inkomenvolgorde']}","ispartner":"@triggerBody()?['ispartner']","cr85a_calculationidref":"@triggerBody()?['cr85a_calculationidref']","modifiedbycontact":"@triggerBody()?['modifiedbycontact']"}}}},"runAfter":{},"else":{"actions":{"Update_a_row_2":{"runAfter":{},"metadata":{"operationMetadataId":"a84e4ff2-0f9f-4954-b2bb-827e3a6ab49f"},"type":"OpenApiConnection","inputs":{"host":{"connectionName":"shared_commondataserviceforapps","operationId":"UpdateRecord","apiId":"/providers/Microsoft.PowerApps/apis/shared_commondataserviceforapps"},"parameters":{"entityName":"cr85a_inkomenarbeids","recordId":"@triggerBody()?['cr85a_inkomenarbeidid']","item/cr85a_salextrjr":"@if(equals(triggerBody()?['cr85a_salextrjr'], 0), null, triggerBody()?['cr85a_salextrjr'])","item/cr85a_fiscln":"@if(equals(triggerBody()?['cr85a_fiscln'], 0), null, triggerBody()?['cr85a_fiscln'])","item/cr85a_brjrinkpensprbr":"@if(equals(triggerBody()?['cr85a_brjrinkpensprbr'], 0), null, triggerBody()?['cr85a_brjrinkpensprbr'])","item/cr85a_fisclnpensprbr":"@if(equals(triggerBody()?['cr85a_fisclnpensprbr'], 0), null, triggerBody()?['cr85a_fisclnpensprbr'])","item/cr85a_salpensprbr":"@if(equals(triggerBody()?['cr85a_salpensprbr'], 0), null, triggerBody()?['cr85a_salpensprbr'])","item/cr85a_salbr":"@if(equals(triggerBody()?['cr85a_salbr'], 0), null, triggerBody()?['cr85a_salbr'])","item/cr85a_brjrink":"@if(equals(triggerBody()?['cr85a_brjrink'], 0), null, triggerBody()?['cr85a_brjrink'])","item/cr85a_brjrinknetto":"@if(equals(triggerBody()?['cr85a_brjrinknetto'], 0), null, triggerBody()?['cr85a_brjrinknetto'])","item/cr85a_fisclnnetto":"@if(equals(triggerBody()?['cr85a_fisclnnetto'], 0), null, triggerBody()?['cr85a_fisclnnetto'])","item/cr85a_salnetto":"@if(equals(triggerBody()?['cr85a_salnetto'], 0), null, triggerBody()?['cr85a_salnetto'])","item/cr85a_brjrinkpensprnetto":"@if(equals(triggerBody()?['cr85a_brjrinkpensprnetto'], 0), null, triggerBody()?['cr85a_brjrinkpensprnetto'])","item/cr85a_fisclnpensprnetto":"@if(equals(triggerBody()?['cr85a_fisclnpensprnetto'], 0), null, triggerBody()?['cr85a_fisclnpensprnetto'])","item/cr85a_salpensprnetto":"@if(equals(triggerBody()?['cr85a_salpensprnetto'], 0), null, triggerBody()?['cr85a_salpensprnetto'])","item/cr85a_brjrinkautoeb":"@if(equals(triggerBody()?['cr85a_brjrinkautoeb'], 0), null, triggerBody()?['cr85a_brjrinkautoeb'])","item/cr85a_fisclnautoeb":"@if(equals(triggerBody()?['cr85a_fisclnautoeb'], 0), null, triggerBody()?['cr85a_fisclnautoeb'])","item/cr85a_brjrinkautobijt":"@if(equals(triggerBody()?['cr85a_brjrinkautobijt'], 0), null, triggerBody()?['cr85a_brjrinkautobijt'])","item/cr85a_fisclnautobijt":"@if(equals(triggerBody()?['cr85a_fisclnautobijt'], 0), null, triggerBody()?['cr85a_fisclnautobijt'])","item/cr85a_salautobijtnm":"@if(equals(triggerBody()?['cr85a_salautobijtnm'], 0), null, triggerBody()?['cr85a_salautobijtnm'])","item/cr85a_salvakjrper":"@if(equals(triggerBody()?['cr85a_salvakjrper'], 0), null, triggerBody()?['cr85a_salvakjrper'])","item/cr85a_brjrinkper":"@if(equals(triggerBody()?['cr85a_brjrinkper'], 0), null, triggerBody()?['cr85a_brjrinkper'])","item/cr85a_fisclnper":"@if(equals(triggerBody()?['cr85a_fisclnper'], 0), null, triggerBody()?['cr85a_fisclnper'])","item/cr85a_salper":"@if(equals(triggerBody()?['cr85a_salper'], 0), null, triggerBody()?['cr85a_salper'])","item/cr85a_bronsalaris":"@if(equals(triggerBody()?['cr85a_bronsalaris'], 0), null, triggerBody()?['cr85a_bronsalaris'])","item/cr85a_saljn13emnd":"@triggerBody()?['cr85a_saljn13emnd']","item/cr85a_salextrjanee":"@triggerBody()?['cr85a_salextrjanee']","item/cr85a_brjrinkautojn":"@triggerBody()?['cr85a_brjrinkautojn']","item/cr85a_fisclnautojn":"@triggerBody()?['cr85a_fisclnautojn']","item/cr85a_salautojn":"@triggerBody()?['cr85a_salautojn']","item/cr85a_brjrinklhk":"@triggerBody()?['cr85a_brjrinklhk']","item/cr85a_fisclnlhk":"@triggerBody()?['cr85a_fisclnlhk']","item/cr85a_sallhk":"@triggerBody()?['cr85a_sallhk']","item/cr85a_ModifiedByContact@odata.bind":"contacts(@{triggerBody()?['modifiedbycontact']})","item/cr85a_salautoeb":"@if(equals(triggerBody()?['cr85a_salautoeb'], 0), null, triggerBody()?['cr85a_salautoeb'])","item/cr85a_inkomenarbeidvoornascheiding":469280001},"authentication":"@parameters('$authentication')"}},"Get_the_Income_to_Update":{"runAfter":{"Update_a_row_2":["Succeeded"]},"metadata":{"operationMetadataId":"4a3d7bf3-47e5-44ed-8dd6-be2ed261d100"},"type":"OpenApiConnection","inputs":{"host":{"connectionName":"shared_commondataserviceforapps_1","operationId":"GetItem","apiId":"/providers/Microsoft.PowerApps/apis/shared_commondataserviceforapps"},"parameters":{"entityName":"cr85a_inkomens","recordId":"@triggerBody()?['cr85a_inkomenuitarbeidref']"},"authentication":"@parameters('$authentication')"}},"Update_Income_AD":{"runAfter":{"Get_the_Income_to_Update":["Succeeded"]},"metadata":{"operationMetadataId":"29534196-5491-4c02-8384-bad943a787a8"},"type":"Workflow","inputs":{"host":{"workflowReferenceName":"596b1ddf-269e-eb11-b1ac-000d3a21153a"},"body":{"cr85a_inkomenid":"@triggerBody()?['cr85a_inkomenuitarbeidref']","cr85a_inkomenberekendnascheiding":"@triggerBody()?['cr85a_inkomenberekendnascheiding']","cr85a_inkomenbox3jn":false,"cr85a_inkomencomponentref":"@triggerBody()?['cr85a_inkomenarbeidid']","cr85a_inkomentype":"@triggerBody()?['cr85a_inkomentype']","cr85a_inkomenvolgorde":"@triggerBody()?['cr85a_inkomenvolgorde']","cr85a_inkomengebruiker":"@triggerBody()?['cr85a_inkomengebruiker']","cr85a_inkomenpartner":"@triggerBody()?['cr85a_inkomenpartner']","cr85a_observations":"Salary @{triggerBody()?['cr85a_inkomenvolgorde']}","ispartner":"@triggerBody()?['ispartner']","cr85a_calculationidref":"@triggerBody()?['cr85a_calculationidref']","modifiedbycontact":"@triggerBody()?['modifiedbycontact']"}}},"Set_variable_11":{"runAfter":{"Update_Income_AD":["Succeeded"]},"metadata":{"operationMetadataId":"3db84fb9-f42a-4cce-b255-40de70a4977e"},"type":"SetVariable","inputs":{"name":"salaryADid","value":"@triggerBody()?['cr85a_inkomenarbeidid']"}}}},"expression":{"equals":["@triggerBody()?['cr85a_inkomenarbeidvoornascheiding']",469280000]},"metadata":{"operationMetadataId":"627ea713-0b45-41c0-8268-5fe28ae8dcdf"},"type":"If"}}},"expression":{"equals":["@triggerBody()?['cr85a_inkomenarbeidid']",""]},"metadata":{"operationMetadataId":"1a477a1a-df70-4a7e-bdb4-3e00dc27e238"},"type":"If"},"Initialize_CountSalaries":{"runAfter":{"Condition_Authentication_+_Authorization":["Succeeded"]},"metadata":{"operationMetadataId":"404052c8-ab4d-493f-9050-e14489a919ba"},"type":"InitializeVariable","inputs":{"variables":[{"name":"CountSalaries","type":"integer","value":0}]}},"Response":{"runAfter":{"Create_Or_Update_Salary":["Succeeded"]},"metadata":{"operationMetadataId":"c32381f3-c4b9-435b-a991-32ec70f51484"},"type":"Response","kind":"Http","inputs":{"statusCode":200,"body":"@variables('salaryADid')"}},"Initialize_variable":{"runAfter":{"Initialize_CountSalaries":["Succeeded"]},"metadata":{"operationMetadataId":"68418f67-54c6-4501-8d57-3b84bd9fee08"},"type":"InitializeVariable","inputs":{"variables":[{"name":"salaryADid","type":"string","value":"\"\""}]}},"Authentication_+_Authorization":{"runAfter":{},"metadata":{"operationMetadataId":"6156e4da-100d-49f8-9c85-ff72ddde6368"},"type":"OpenApiConnection","inputs":{"host":{"connectionName":"shared_commondataserviceforapps","operationId":"PerformUnboundAction","apiId":"/providers/Microsoft.PowerApps/apis/shared_commondataserviceforapps"},"parameters":{"actionName":"cr85a_AuthenticationAuthorizationProcess","item/PortalAuthToken":"@triggerOutputs()['headers']['portalauthtoken']","item/CalculationId":"@triggerBody()?['cr85a_calculationidref']","item/StepId":"dae2258c-9373-eb11-a812-000d3a22c008,ea21ef13-9473-eb11-a812-000d3a22c008","item/IncomeId":"@triggerBody()?['cr85a_inkomenuitarbeidref']"},"authentication":"@parameters('$authentication')"}},"Condition_Authentication_+_Authorization":{"actions":{},"runAfter":{"Authentication_+_Authorization":["Succeeded"]},"else":{"actions":{"Response_Authentication_+_Authorization":{"runAfter":{},"metadata":{"operationMetadataId":"a28db4f1-5fe9-4710-810a-7ffbd6894cfd"},"type":"Response","kind":"Http","inputs":{"statusCode":"@outputs('Authentication_+_Authorization')?['body/HttpCode']","body":"@outputs('Authentication_+_Authorization')?['body/ErrorMessage']"}},"Terminate":{"runAfter":{"Response_Authentication_+_Authorization":["Succeeded"]},"metadata":{"operationMetadataId":"1e03b376-ad7f-4fa9-8d49-4003dc2fab7a"},"type":"Terminate","inputs":{"runStatus":"Succeeded"}}}},"expression":{"equals":["@outputs('Authentication_+_Authorization')?['body/AuthResult']","@true"]},"metadata":{"operationMetadataId":"e595db21-018d-4d35-93dc-c14924caaa6e"},"type":"If"}},"outputs":{}}},"schemaVersion":"1.0.0.0"}