{"properties":{"connectionReferences":{"shared_commondataserviceforapps":{"runtimeSource":"embedded","connection":{"connectionReferenceLogicalName":"cr85a_sharedcommondataserviceforapps_472b0"},"api":{"name":"shared_commondataserviceforapps"}}},"definition":{"$schema":"https://schema.management.azure.com/providers/Microsoft.Logic/schemas/2016-06-01/workflowdefinition.json#","contentVersion":"1.0.0.0","parameters":{"$connections":{"defaultValue":{},"type":"Object"},"$authentication":{"defaultValue":{},"type":"SecureObject"}},"triggers":{"manual":{"metadata":{"operationMetadataId":"e60c8646-6213-4f5e-ade3-57452064f8cb"},"type":"Request","kind":"Http","inputs":{"schema":{"type":"object","properties":{"cr85a_inkomengebruiker":{"type":"string"},"cr85a_inkomenpartner":{"type":"string"},"cr85a_pensioenuitkeringid":{"type":"string"},"ispartner":{"type":"boolean"},"cr85a_inkomenberekendnascheiding":{"type":"integer"},"cr85a_pens":{"type":"number"},"cr85a_pensper":{"type":"integer"},"cr85a_pensnetto":{"type":"number"},"cr85a_penslhk":{"type":"boolean"},"cr85a_inkomentype":{"type":"integer"},"cr85a_calculationidref":{"type":"string"},"cr85a_pensioenuitkeringvoornascheiding":{"type":"integer"},"cr85a_inkomenpensioenuitk":{"type":"string"},"cr85a_inkomenvolgorde":{"type":"integer"},"modifiedbycontact":{"type":"string"}}},"method":"POST","relativePath":"savePension"}}},"actions":{"Initialize_variable":{"runAfter":{"Condition_Authentication_+_Authorization":["Succeeded"]},"metadata":{"operationMetadataId":"0591de98-d9d8-4880-8234-8cd1402e3507"},"type":"InitializeVariable","inputs":{"variables":[{"name":"CountPensions","type":"integer","value":0}]}},"Condition":{"actions":{"Is_BD":{"actions":{"Add_Pension_BD":{"runAfter":{},"metadata":{"operationMetadataId":"f304f8e7-cb82-4988-8e54-00282f100c28"},"type":"OpenApiConnection","inputs":{"host":{"connectionName":"shared_commondataserviceforapps","operationId":"CreateRecord","apiId":"/providers/Microsoft.PowerApps/apis/shared_commondataserviceforapps"},"parameters":{"entityName":"cr85a_pensioenuitkerings","item/cr85a_pensper":"@if(equals(triggerBody()?['cr85a_pensper'],0),null,triggerBody()?['cr85a_pensper'])","item/cr85a_pens":"@if(equals(triggerBody()?['cr85a_pens'],0),null,triggerBody()?['cr85a_pens'])","item/cr85a_penslhk":"@triggerBody()?['cr85a_penslhk']","item/cr85a_pensnetto":"@if(equals(triggerBody()?['cr85a_pensnetto'],0),null,triggerBody()?['cr85a_pensnetto'])","item/cr85a_pensioenuitkeringvoornascheiding":469280000,"item/cr85a_ModifiedByContact@odata.bind":"contacts(@{triggerBody()?['modifiedbycontact']})","item/cr85a_observations":"Pension @{utcNow()}"},"authentication":"@parameters('$authentication')"}},"Is_Not_Applicable":{"actions":{},"runAfter":{"Add_Pension_BD":["Succeeded"]},"else":{"actions":{"Add_Pension_AD":{"runAfter":{},"metadata":{"operationMetadataId":"1d736a23-9563-4b1a-9bb6-010b672f9c4a"},"type":"OpenApiConnection","inputs":{"host":{"connectionName":"shared_commondataserviceforapps","operationId":"CreateRecord","apiId":"/providers/Microsoft.PowerApps/apis/shared_commondataserviceforapps"},"parameters":{"entityName":"cr85a_pensioenuitkerings","item/cr85a_pensper":"@if(equals(triggerBody()?['cr85a_pensper'],0),null,triggerBody()?['cr85a_pensper'])","item/cr85a_pens":"@if(equals(triggerBody()?['cr85a_pens'],0),null,triggerBody()?['cr85a_pens'])","item/cr85a_penslhk":"@triggerBody()?['cr85a_penslhk']","item/cr85a_pensnetto":"@if(equals(triggerBody()?['cr85a_pensnetto'],0),null,triggerBody()?['cr85a_pensnetto'])","item/cr85a_pensioenuitkeringvoornascheiding":469280001,"item/cr85a_ModifiedByContact@odata.bind":"contacts(@{triggerBody()?['modifiedbycontact']})","item/cr85a_observations":"Pension @{utcNow()}"},"authentication":"@parameters('$authentication')"}}}},"expression":{"equals":["@triggerBody()?['cr85a_inkomenberekendnascheiding']",469280002]},"metadata":{"operationMetadataId":"64566466-67a4-498b-a8bd-cabfb5676e0a"},"type":"If"},"Set_count_Pensions_3":{"actions":{"List_Income_Partner_Before_3":{"runAfter":{},"metadata":{"operationMetadataId":"1ae8e9de-fd8b-4bc1-b25d-47e8150a41db"},"type":"OpenApiConnection","inputs":{"host":{"connectionName":"shared_commondataserviceforapps","operationId":"ListRecords","apiId":"/providers/Microsoft.PowerApps/apis/shared_commondataserviceforapps"},"parameters":{"entityName":"cr85a_inkomens","$select":"cr85a_inkomentype,_cr85a_inkomenpartner_value,_cr85a_calculationidref_value","$filter":"(cr85a_inkomentype eq 469280001) and (_cr85a_inkomenpartner_value eq @{triggerBody()?['cr85a_inkomenpartner']}) and (_cr85a_calculationidref_value eq @{triggerBody()?['cr85a_calculationidref']})"},"authentication":"@parameters('$authentication')"}},"Set_variable_10":{"runAfter":{"List_Income_Partner_Before_3":["Succeeded"]},"metadata":{"operationMetadataId":"f67d1ab1-1a11-4966-adb9-f58f23cf97dc"},"type":"SetVariable","inputs":{"name":"CountPensions","value":"@add(length(outputs('List_Income_Partner_Before_3')?['body/value']), 1)"}}},"runAfter":{"Is_Not_Applicable":["Succeeded"]},"else":{"actions":{"List_Income_User_Before_3":{"runAfter":{},"metadata":{"operationMetadataId":"40beba47-d814-44db-b8ec-cf1104e50a9e"},"type":"OpenApiConnection","inputs":{"host":{"connectionName":"shared_commondataserviceforapps","operationId":"ListRecords","apiId":"/providers/Microsoft.PowerApps/apis/shared_commondataserviceforapps"},"parameters":{"entityName":"cr85a_inkomens","$select":"cr85a_inkomentype,_cr85a_inkomengebruiker_value,_cr85a_calculationidref_value","$filter":"(cr85a_inkomentype eq 469280001) and (_cr85a_inkomengebruiker_value eq @{triggerBody()?['cr85a_inkomengebruiker']}) and (_cr85a_calculationidref_value eq @{triggerBody()?['cr85a_calculationidref']})"},"authentication":"@parameters('$authentication')"}},"Set_variable_9":{"runAfter":{"List_Income_User_Before_3":["Succeeded"]},"metadata":{"operationMetadataId":"ad3ea912-ab22-48c2-a627-3e235ac9cdfe"},"type":"SetVariable","inputs":{"name":"CountPensions","value":"@add(length(outputs('List_Income_User_Before_3')?['body/value']), 1)"}}}},"expression":{"equals":["@triggerBody()?['ispartner']",true]},"metadata":{"operationMetadataId":"863e10a8-649b-4c15-b831-191134991c90"},"type":"If"},"CreateOrUpdate_Income_3":{"runAfter":{"Set_count_Pensions_3":["Succeeded"]},"metadata":{"operationMetadataId":"b8e4dcbd-3084-428e-b57b-b02eef7a14e5"},"type":"Workflow","inputs":{"host":{"workflowReferenceName":"596b1ddf-269e-eb11-b1ac-000d3a21153a"},"body":{"cr85a_inkomenberekendnascheiding":"@triggerBody()?['cr85a_inkomenberekendnascheiding']","cr85a_inkomencomponentref":"@outputs('Add_Pension_BD')?['body/cr85a_pensioenuitkeringid']","cr85a_inkomentype":"@triggerBody()?['cr85a_inkomentype']","cr85a_inkomenvolgorde":"@variables('CountPensions')","cr85a_inkomengebruiker":"@triggerBody()?['cr85a_inkomengebruiker']","cr85a_inkomenpartner":"@triggerBody()?['cr85a_inkomenpartner']","cr85a_observations":"Pension @{variables('CountPensions')}","ispartner":"@triggerBody()?['ispartner']","cr85a_calculationidref":"@triggerBody()?['cr85a_calculationidref']","modifiedbycontact":"@triggerBody()?['modifiedbycontact']"}}},"Parse_JSON_2":{"runAfter":{"CreateOrUpdate_Income_3":["Succeeded"]},"metadata":{"operationMetadataId":"b6650f88-58fd-4acc-9102-f901d9d3b32b"},"type":"ParseJson","inputs":{"content":"@outputs('CreateOrUpdate_Income_3')?['Body']","schema":{"type":"object","properties":{"incomeid":{"type":"string"}}}}},"NotApplicableorExpires_2":{"actions":{"Relate_rows_7":{"runAfter":{},"metadata":{"operationMetadataId":"7cab4008-97f6-4d8d-ac68-44c306e42aee"},"type":"OpenApiConnection","inputs":{"host":{"connectionName":"shared_commondataserviceforapps","operationId":"AssociateEntities","apiId":"/providers/Microsoft.PowerApps/apis/shared_commondataserviceforapps"},"parameters":{"entityName":"cr85a_inkomens","recordId":"@body('Parse_JSON_2')?['incomeid']","associationEntityRelationship":"cr85a_PensioenUitkering_inkomenpensioenui","item/@odata.id":"@outputs('Add_Pension_BD')?['body/@odata.id']"},"authentication":"@parameters('$authentication')"}},"Set_variable_3":{"runAfter":{"Relate_rows_7":["Succeeded"]},"metadata":{"operationMetadataId":"75387cfc-8cda-4dca-b61a-ab47024a2afb"},"type":"SetVariable","inputs":{"name":"pensionADid","value":"@outputs('Add_Pension_AD')?['body/cr85a_pensioenuitkeringid']"}}},"runAfter":{"Parse_JSON_2":["Succeeded"]},"else":{"actions":{"Relate_rows_5":{"runAfter":{},"metadata":{"operationMetadataId":"5a256e84-12be-413d-908f-46d502c7f8b2"},"type":"OpenApiConnection","inputs":{"host":{"connectionName":"shared_commondataserviceforapps","operationId":"AssociateEntities","apiId":"/providers/Microsoft.PowerApps/apis/shared_commondataserviceforapps"},"parameters":{"entityName":"cr85a_inkomens","recordId":"@body('Parse_JSON_2')?['incomeid']","associationEntityRelationship":"cr85a_PensioenUitkering_inkomenpensioenui","item/@odata.id":"@outputs('Add_Pension_BD')?['body/@odata.id']"},"authentication":"@parameters('$authentication')"}},"Relate_rows_6":{"runAfter":{"Relate_rows_5":["Succeeded"]},"metadata":{"operationMetadataId":"7fd32f2b-b63d-4355-9225-3985d2f0045c"},"type":"OpenApiConnection","inputs":{"host":{"connectionName":"shared_commondataserviceforapps","operationId":"AssociateEntities","apiId":"/providers/Microsoft.PowerApps/apis/shared_commondataserviceforapps"},"parameters":{"entityName":"cr85a_inkomens","recordId":"@body('Parse_JSON_2')?['incomeid']","associationEntityRelationship":"cr85a_PensioenUitkering_inkomenpensioenui","item/@odata.id":"@outputs('Add_Pension_AD')?['body/@odata.id']"},"authentication":"@parameters('$authentication')"}},"Set_variable":{"runAfter":{"Relate_rows_6":["Succeeded"]},"metadata":{"operationMetadataId":"5685306a-06ba-4f87-ba88-2f00efb35746"},"type":"SetVariable","inputs":{"name":"pensionADid","value":"@outputs('Add_Pension_AD')?['body/cr85a_pensioenuitkeringid']"}}}},"expression":{"equals":["@triggerBody()?['cr85a_inkomenberekendnascheiding']",469280002]},"metadata":{"operationMetadataId":"164c924d-b214-494e-821a-56fdd161672f"},"type":"If"}},"runAfter":{},"else":{"actions":{"Adding_Pension_AD":{"runAfter":{},"metadata":{"operationMetadataId":"0ccebbb4-e170-4c34-9325-9b323c7f8e6b"},"type":"OpenApiConnection","inputs":{"host":{"connectionName":"shared_commondataserviceforapps","operationId":"CreateRecord","apiId":"/providers/Microsoft.PowerApps/apis/shared_commondataserviceforapps"},"parameters":{"entityName":"cr85a_pensioenuitkerings","item/cr85a_pensper":"@if(equals(triggerBody()?['cr85a_pensper'],0),null,triggerBody()?['cr85a_pensper'])","item/cr85a_pens":"@if(equals(triggerBody()?['cr85a_pens'],0),null,triggerBody()?['cr85a_pens'])","item/cr85a_penslhk":"@triggerBody()?['cr85a_penslhk']","item/cr85a_pensnetto":"@if(equals(triggerBody()?['cr85a_pensnetto'],0),null,triggerBody()?['cr85a_pensnetto'])","item/cr85a_pensioenuitkeringvoornascheiding":469280001,"item/cr85a_ModifiedByContact@odata.bind":"contacts(@{triggerBody()?['modifiedbycontact']})","item/cr85a_observations":"Pension @{utcNow()}"},"authentication":"@parameters('$authentication')"}},"Set_count_Pensions_2":{"actions":{"List_Income_Partner_Before_2":{"runAfter":{},"metadata":{"operationMetadataId":"64865e09-6e09-4823-a5e2-bc7a276ac735"},"type":"OpenApiConnection","inputs":{"host":{"connectionName":"shared_commondataserviceforapps","operationId":"ListRecords","apiId":"/providers/Microsoft.PowerApps/apis/shared_commondataserviceforapps"},"parameters":{"entityName":"cr85a_inkomens","$select":"cr85a_inkomentype,_cr85a_inkomenpartner_value,_cr85a_calculationidref_value","$filter":"(cr85a_inkomentype eq 469280001) and (_cr85a_inkomenpartner_value eq @{triggerBody()?['cr85a_inkomenpartner']}) and (_cr85a_calculationidref_value eq @{triggerBody()?['cr85a_calculationidref']})"},"authentication":"@parameters('$authentication')"}},"Set_variable_8":{"runAfter":{"List_Income_Partner_Before_2":["Succeeded"]},"metadata":{"operationMetadataId":"5ac1f518-d91e-447c-9091-2708a7cd1011"},"type":"SetVariable","inputs":{"name":"CountPensions","value":"@add(length(outputs('List_Income_Partner_Before_2')?['body/value']), 1)"}}},"runAfter":{"Adding_Pension_AD":["Succeeded"]},"else":{"actions":{"List_Income_User_Before_2":{"runAfter":{},"metadata":{"operationMetadataId":"ab53e7e8-471a-407e-bf00-54ec7a90a8e6"},"type":"OpenApiConnection","inputs":{"host":{"connectionName":"shared_commondataserviceforapps","operationId":"ListRecords","apiId":"/providers/Microsoft.PowerApps/apis/shared_commondataserviceforapps"},"parameters":{"entityName":"cr85a_inkomens","$select":"cr85a_inkomentype,_cr85a_inkomengebruiker_value,_cr85a_calculationidref_value","$filter":"(cr85a_inkomentype eq 469280001) and (_cr85a_inkomengebruiker_value eq @{triggerBody()?['cr85a_inkomengebruiker']}) and (_cr85a_calculationidref_value eq @{triggerBody()?['cr85a_calculationidref']})"},"authentication":"@parameters('$authentication')"}},"Set_variable_7":{"runAfter":{"List_Income_User_Before_2":["Succeeded"]},"metadata":{"operationMetadataId":"aea28a7c-8c05-4e4e-adf1-5cc3afa90e19"},"type":"SetVariable","inputs":{"name":"CountPensions","value":"@add(length(outputs('List_Income_User_Before_2')?['body/value']), 1)"}}}},"expression":{"equals":["@triggerBody()?['ispartner']",true]},"metadata":{"operationMetadataId":"e6869141-b4d2-435d-8aab-865b3f884087"},"type":"If"},"CreateOrUpdate_Income_2":{"runAfter":{"Set_count_Pensions_2":["Succeeded"]},"metadata":{"operationMetadataId":"fc59bb8b-039d-4e03-9d48-7b9abbe5d6a6"},"type":"Workflow","inputs":{"host":{"workflowReferenceName":"596b1ddf-269e-eb11-b1ac-000d3a21153a"},"body":{"cr85a_inkomenberekendnascheiding":"@triggerBody()?['cr85a_inkomenberekendnascheiding']","cr85a_inkomencomponentref":"@outputs('Adding_Pension_AD')?['body/cr85a_pensioenuitkeringid']","cr85a_inkomentype":"@triggerBody()?['cr85a_inkomentype']","cr85a_inkomenvolgorde":"@variables('CountPensions')","cr85a_inkomengebruiker":"@triggerBody()?['cr85a_inkomengebruiker']","cr85a_inkomenpartner":"@triggerBody()?['cr85a_inkomenpartner']","cr85a_observations":"Pension @{variables('CountPensions')}","ispartner":"@triggerBody()?['ispartner']","cr85a_calculationidref":"@triggerBody()?['cr85a_calculationidref']","modifiedbycontact":"@triggerBody()?['modifiedbycontact']"}}},"Parse_JSON_3":{"runAfter":{"CreateOrUpdate_Income_2":["Succeeded"]},"metadata":{"operationMetadataId":"1d709a58-6add-4ddf-ac6b-87b1aa15fb66"},"type":"ParseJson","inputs":{"content":"@outputs('CreateOrUpdate_Income_2')?['Body']","schema":{"type":"object","properties":{"incomeid":{"type":"string"}}}}},"Set_variable_2":{"runAfter":{"Relate_rows":["Succeeded"]},"metadata":{"operationMetadataId":"298444c5-972e-4afa-a730-0e6a2ddd6259"},"type":"SetVariable","inputs":{"name":"pensionADid","value":"@outputs('Adding_Pension_AD')?['body/cr85a_pensioenuitkeringid']"}},"Relate_rows":{"runAfter":{"Parse_JSON_3":["Succeeded"]},"metadata":{"operationMetadataId":"b7fff1a0-1b33-4997-9580-fb4c5dea1dbf"},"type":"OpenApiConnection","inputs":{"host":{"connectionName":"shared_commondataserviceforapps","operationId":"AssociateEntities","apiId":"/providers/Microsoft.PowerApps/apis/shared_commondataserviceforapps"},"parameters":{"entityName":"cr85a_inkomens","recordId":"@body('Parse_JSON_3')?['incomeid']","associationEntityRelationship":"cr85a_PensioenUitkering_inkomenpensioenui","item/@odata.id":"@outputs('Adding_Pension_AD')?['body/@odata.id']"},"authentication":"@parameters('$authentication')"}}}},"expression":{"equals":["@triggerBody()?['cr85a_pensioenuitkeringvoornascheiding']",469280000]},"metadata":{"operationMetadataId":"aadca157-9a12-4bb8-9a43-38d361e8d1cc"},"type":"If"}},"runAfter":{"Initialize_variable_2":["Succeeded"]},"else":{"actions":{"BD":{"actions":{"Update_BD_row":{"runAfter":{},"metadata":{"operationMetadataId":"da1d6790-167a-458b-9a7b-27516770f0f0"},"type":"OpenApiConnection","inputs":{"host":{"connectionName":"shared_commondataserviceforapps","operationId":"UpdateRecord","apiId":"/providers/Microsoft.PowerApps/apis/shared_commondataserviceforapps"},"parameters":{"entityName":"cr85a_pensioenuitkerings","recordId":"@triggerBody()?['cr85a_pensioenuitkeringid']","item/cr85a_pensper":"@if(equals(triggerBody()?['cr85a_pensper'],0),null,triggerBody()?['cr85a_pensper'])","item/cr85a_pens":"@if(equals(triggerBody()?['cr85a_pens'],0),null,triggerBody()?['cr85a_pens'])","item/cr85a_penslhk":"@triggerBody()?['cr85a_penslhk']","item/cr85a_pensnetto":"@if(equals(triggerBody()?['cr85a_pensnetto'],0),null,triggerBody()?['cr85a_pensnetto'])","item/cr85a_pensioenuitkeringvoornascheiding":469280000,"item/cr85a_ModifiedByContact@odata.bind":"contacts(@{triggerBody()?['modifiedbycontact']})"},"authentication":"@parameters('$authentication')"}},"Condition_2":{"actions":{"Find_Pension_AD":{"runAfter":{},"metadata":{"operationMetadataId":"50898383-9711-44fa-ae27-121e0ad7cd1a"},"type":"OpenApiConnection","inputs":{"host":{"connectionName":"shared_commondataserviceforapps","operationId":"ListRecords","apiId":"/providers/Microsoft.PowerApps/apis/shared_commondataserviceforapps"},"parameters":{"entityName":"cr85a_pensioenuitkerings","$select":"cr85a_pensioenuitkeringid","$filter":"(_cr85a_inkomenpensioenuitk_value eq @{triggerBody()?['cr85a_inkomenpensioenuitk']} and cr85a_pensioenuitkeringvoornascheiding eq 469280001)","$top":1},"authentication":"@parameters('$authentication')"}},"IsApplicable":{"actions":{"Apply_to_Delete":{"foreach":"@outputs('Find_Pension_AD')?['body/value']","actions":{"Delete_a_row":{"runAfter":{},"metadata":{"operationMetadataId":"60117b21-2b15-4341-a673-9b31d45b054f"},"type":"OpenApiConnection","inputs":{"host":{"connectionName":"shared_commondataserviceforapps","operationId":"DeleteRecord","apiId":"/providers/Microsoft.PowerApps/apis/shared_commondataserviceforapps"},"parameters":{"entityName":"cr85a_pensioenuitkerings","recordId":"@items('Apply_to_Delete')?['cr85a_pensioenuitkeringid']"},"authentication":"@parameters('$authentication')"}},"Set_variable_6":{"runAfter":{"Delete_a_row":["Succeeded"]},"metadata":{"operationMetadataId":"408a7e23-fc67-41aa-9e83-67e3ff5c5a9d"},"type":"SetVariable","inputs":{"name":"pensionADid","value":"@triggerBody()?['cr85a_pensioenuitkeringid']"}}},"runAfter":{},"metadata":{"operationMetadataId":"a40c1f99-82cf-46e8-b491-1070084f3ae2"},"type":"Foreach"}},"runAfter":{"Find_Pension_AD":["Succeeded"]},"else":{"actions":{"Apply_to_each":{"foreach":"@outputs('Find_Pension_AD')?['body/value']","actions":{"Set_variable_4":{"runAfter":{},"metadata":{"operationMetadataId":"3990e18d-36c2-4ee8-ba70-b7c71e978f25"},"type":"SetVariable","inputs":{"name":"pensionADid","value":"@items('Apply_to_each')?['cr85a_pensioenuitkeringid']"}},"Update_AD_row_":{"runAfter":{"Set_variable_4":["Succeeded"]},"metadata":{"operationMetadataId":"77589d90-212f-4780-874e-eb86534af38e"},"type":"OpenApiConnection","inputs":{"host":{"connectionName":"shared_commondataserviceforapps","operationId":"UpdateRecord","apiId":"/providers/Microsoft.PowerApps/apis/shared_commondataserviceforapps"},"parameters":{"entityName":"cr85a_pensioenuitkerings","recordId":"@items('Apply_to_each')?['cr85a_pensioenuitkeringid']","item/cr85a_pensper":"@if(equals(triggerBody()?['cr85a_pensper'],0),null,triggerBody()?['cr85a_pensper'])","item/cr85a_pens":"@if(equals(triggerBody()?['cr85a_pens'],0),null,triggerBody()?['cr85a_pens'])","item/cr85a_penslhk":"@triggerBody()?['cr85a_penslhk']","item/cr85a_pensnetto":"@if(equals(triggerBody()?['cr85a_pensnetto'],0),null,triggerBody()?['cr85a_pensnetto'])"},"authentication":"@parameters('$authentication')"}}},"runAfter":{},"metadata":{"operationMetadataId":"265afb2e-7573-42ed-9e28-7dfef23ddd98"},"type":"Foreach"}}},"expression":{"equals":["@triggerBody()?['cr85a_inkomenberekendnascheiding']",469280002]},"metadata":{"operationMetadataId":"bdf5069b-2e10-4240-aaaf-8432ffabe24c"},"type":"If"}},"runAfter":{"Update_Income_BD":["Succeeded"]},"else":{"actions":{"Set_variable_5":{"runAfter":{},"metadata":{"operationMetadataId":"8d17733d-5992-43dc-ba65-14153c78fe20"},"type":"SetVariable","inputs":{"name":"pensionADid","value":"@triggerBody()?['cr85a_pensioenuitkeringid']"}}}},"expression":{"not":{"equals":["@triggerBody()?['cr85a_inkomenpensioenuitk']",""]}},"metadata":{"operationMetadataId":"43cf507b-c978-46d5-856e-a068eb1d6dd1"},"type":"If"},"Update_Income_BD":{"runAfter":{"Update_BD_row":["Succeeded"]},"metadata":{"operationMetadataId":"242cc92c-2047-4aef-a0b2-f07da5dbf157"},"type":"Workflow","inputs":{"host":{"workflowReferenceName":"596b1ddf-269e-eb11-b1ac-000d3a21153a"},"body":{"cr85a_inkomenid":"@triggerBody()?['cr85a_inkomenpensioenuitk']","cr85a_inkomenberekendnascheiding":"@triggerBody()?['cr85a_inkomenberekendnascheiding']","cr85a_inkomencomponentref":"@triggerBody()?['cr85a_pensioenuitkeringid']","cr85a_inkomentype":"@triggerBody()?['cr85a_inkomentype']","cr85a_inkomenvolgorde":"@triggerBody()?['cr85a_inkomenvolgorde']","cr85a_inkomengebruiker":"@triggerBody()?['cr85a_inkomengebruiker']","cr85a_inkomenpartner":"@triggerBody()?['cr85a_inkomenpartner']","cr85a_observations":"Pension @{triggerBody()?['cr85a_inkomenvolgorde']}","ispartner":"@triggerBody()?['ispartner']","cr85a_calculationidref":"@triggerBody()?['cr85a_calculationidref']","modifiedbycontact":"@triggerBody()?['modifiedbycontact']"}}}},"runAfter":{},"else":{"actions":{"Update_a_row_2":{"runAfter":{},"metadata":{"operationMetadataId":"3ed18ced-8b4f-49a3-8e9e-700fc1438e95"},"type":"OpenApiConnection","inputs":{"host":{"connectionName":"shared_commondataserviceforapps","operationId":"UpdateRecord","apiId":"/providers/Microsoft.PowerApps/apis/shared_commondataserviceforapps"},"parameters":{"entityName":"cr85a_pensioenuitkerings","recordId":"@triggerBody()?['cr85a_pensioenuitkeringid']","item/cr85a_pensper":"@if(equals(triggerBody()?['cr85a_pensper'],0),null,triggerBody()?['cr85a_pensper'])","item/cr85a_pens":"@if(equals(triggerBody()?['cr85a_pens'],0),null,triggerBody()?['cr85a_pens'])","item/cr85a_penslhk":"@triggerBody()?['cr85a_penslhk']","item/cr85a_pensnetto":"@if(equals(triggerBody()?['cr85a_pensnetto'],0),null,triggerBody()?['cr85a_pensnetto'])","item/cr85a_pensioenuitkeringvoornascheiding":469280001,"item/cr85a_ModifiedByContact@odata.bind":"contacts(@{triggerBody()?['modifiedbycontact']})"},"authentication":"@parameters('$authentication')"}},"Get_the_Income_to_Update":{"runAfter":{"Update_a_row_2":["Succeeded"]},"metadata":{"operationMetadataId":"6639c74a-6fa8-45b4-88cd-3011e2780d84"},"type":"OpenApiConnection","inputs":{"host":{"connectionName":"shared_commondataserviceforapps","operationId":"GetItem","apiId":"/providers/Microsoft.PowerApps/apis/shared_commondataserviceforapps"},"parameters":{"entityName":"cr85a_inkomens","recordId":"@triggerBody()?['cr85a_inkomenpensioenuitk']"},"authentication":"@parameters('$authentication')"}},"Update_Income_AD":{"runAfter":{"Get_the_Income_to_Update":["Succeeded"]},"metadata":{"operationMetadataId":"d48e8a95-43d1-49fb-bae8-331898a50cd3"},"type":"Workflow","inputs":{"host":{"workflowReferenceName":"596b1ddf-269e-eb11-b1ac-000d3a21153a"},"body":{"cr85a_inkomenid":"@triggerBody()?['cr85a_inkomenpensioenuitk']","cr85a_inkomenberekendnascheiding":"@triggerBody()?['cr85a_inkomenberekendnascheiding']","cr85a_inkomencomponentref":"@triggerBody()?['cr85a_pensioenuitkeringid']","cr85a_inkomentype":"@triggerBody()?['cr85a_inkomentype']","cr85a_inkomenvolgorde":"@triggerBody()?['cr85a_inkomenvolgorde']","cr85a_inkomengebruiker":"@triggerBody()?['cr85a_inkomengebruiker']","cr85a_inkomenpartner":"@triggerBody()?['cr85a_inkomenpartner']","cr85a_observations":"Pension @{triggerBody()?['cr85a_inkomenvolgorde']}","ispartner":"@triggerBody()?['ispartner']","cr85a_calculationidref":"@triggerBody()?['cr85a_calculationidref']","modifiedbycontact":"@triggerBody()?['modifiedbycontact']"}}},"Set_variable_11":{"runAfter":{"Update_Income_AD":["Succeeded"]},"metadata":{"operationMetadataId":"21189eaf-84c9-4d26-81e3-b90ed81671b8"},"type":"SetVariable","inputs":{"name":"pensionADid","value":"@triggerBody()?['cr85a_pensioenuitkeringid']"}}}},"expression":{"equals":["@triggerBody()?['cr85a_pensioenuitkeringvoornascheiding']",469280000]},"metadata":{"operationMetadataId":"24c7cd9b-9ca8-4366-8de5-fdaa184ddd3d"},"type":"If"}}},"expression":{"equals":["@triggerBody()?['cr85a_pensioenuitkeringid']",""]},"metadata":{"operationMetadataId":"5d9356eb-2377-4329-8b22-3823996ad7a5"},"type":"If"},"Initialize_variable_2":{"runAfter":{"Initialize_variable":["Succeeded"]},"metadata":{"operationMetadataId":"2c4ab42d-9edd-44a7-adee-30a6bc3fd06f"},"type":"InitializeVariable","inputs":{"variables":[{"name":"pensionADid","type":"string","value":"\"\""}]}},"Update_OK":{"runAfter":{"Condition":["Succeeded"]},"metadata":{"operationMetadataId":"b9074e7e-05a3-4eb5-844b-29790aa1fc7b"},"type":"Response","kind":"Http","inputs":{"statusCode":200,"body":"@variables('pensionADid')"}},"Update_Fail":{"runAfter":{"Update_OK":["Failed","Skipped","TimedOut"]},"metadata":{"operationMetadataId":"2c2ebd28-a921-46a3-95ff-62158ed6b630"},"type":"Response","kind":"Http","inputs":{"statusCode":400}},"Authentication_+_Authorization":{"runAfter":{},"metadata":{"operationMetadataId":"6156e4da-100d-49f8-9c85-ff72ddde6368"},"type":"OpenApiConnection","inputs":{"host":{"connectionName":"shared_commondataserviceforapps","operationId":"PerformUnboundAction","apiId":"/providers/Microsoft.PowerApps/apis/shared_commondataserviceforapps"},"parameters":{"actionName":"cr85a_AuthenticationAuthorizationProcess","item/PortalAuthToken":"@triggerOutputs()['headers']['portalauthtoken']","item/CalculationId":"@triggerBody()?['cr85a_calculationidref']","item/StepId":"dae2258c-9373-eb11-a812-000d3a22c008,ea21ef13-9473-eb11-a812-000d3a22c008","item/IncomeId":"@triggerBody()?['cr85a_inkomenpensioenuitk']"},"authentication":"@parameters('$authentication')"}},"Condition_Authentication_+_Authorization":{"actions":{},"runAfter":{"Authentication_+_Authorization":["Succeeded"]},"else":{"actions":{"Response_Authentication_+_Authorization":{"runAfter":{},"metadata":{"operationMetadataId":"a28db4f1-5fe9-4710-810a-7ffbd6894cfd"},"type":"Response","kind":"Http","inputs":{"statusCode":"@outputs('Authentication_+_Authorization')?['body/HttpCode']","body":"@outputs('Authentication_+_Authorization')?['body/ErrorMessage']"}},"Terminate":{"runAfter":{"Response_Authentication_+_Authorization":["Succeeded"]},"metadata":{"operationMetadataId":"1e03b376-ad7f-4fa9-8d49-4003dc2fab7a"},"type":"Terminate","inputs":{"runStatus":"Succeeded"}}}},"expression":{"equals":["@outputs('Authentication_+_Authorization')?['body/AuthResult']","@true"]},"metadata":{"operationMetadataId":"e595db21-018d-4d35-93dc-c14924caaa6e"},"type":"If"}},"outputs":{}}},"schemaVersion":"1.0.0.0"}