{"properties":{"connectionReferences":{"shared_commondataserviceforapps":{"runtimeSource":"embedded","connection":{"connectionReferenceLogicalName":"new_sharedcommondataserviceforapps_43e52"},"api":{"name":"shared_commondataserviceforapps"}},"shared_commondataserviceforapps_1":{"runtimeSource":"embedded","connection":{"connectionReferenceLogicalName":"new_sharedcommondataserviceforapps_43e52"},"api":{"name":"shared_commondataserviceforapps"}}},"definition":{"$schema":"https://schema.management.azure.com/providers/Microsoft.Logic/schemas/2016-06-01/workflowdefinition.json#","contentVersion":"1.0.0.0","parameters":{"$connections":{"defaultValue":{},"type":"Object"},"$authentication":{"defaultValue":{},"type":"SecureObject"}},"triggers":{"manual":{"metadata":{"operationMetadataId":"cf73eb13-3711-4382-a954-176e05673e43"},"type":"Request","kind":"Http","inputs":{"schema":{"type":"object","properties":{"cr85a_inkomenid":{"type":"string"},"cr85a_inkomenberekendnascheiding":{"type":"integer"},"cr85a_inkomenbox3jn":{"type":"boolean"},"cr85a_bedraginkomenbrjrvr":{"type":"number"},"cr85a_bedraginkomennetmndvr":{"type":"number"},"cr85a_bedraginkomenbrjrna":{"type":"number"},"cr85a_bedraginkomennetmndna":{"type":"number"},"cr85a_inkomencomponentref":{"type":"string"},"cr85a_inkomentype":{"type":"integer"},"cr85a_inkomenvolgorde":{"type":"integer"},"cr85a_inkomengebruiker":{"type":"string"},"cr85a_inkomenpartner":{"type":"string"},"cr85a_observations":{"type":"string"},"ispartner":{"type":"boolean"},"cr85a_calculationidref":{"type":"string"},"modifiedbycontact":{"type":"string"}}},"method":"POST","relativePath":"saveIncome"}}},"actions":{"Respond_to_a_PowerApp_or_flow":{"runAfter":{"Is_IncomeWealthBox3":["Succeeded"]},"metadata":{"operationMetadataId":"29262e7b-5b3e-49af-b310-47a51e6c4993"},"type":"Response","kind":"PowerApp","inputs":{"statusCode":200,"body":{"incomeid":"@variables('IncomeId')"},"schema":{"type":"object","properties":{"incomeid":{"title":"incomeid","x-ms-dynamically-added":true,"type":"string"}}}}},"Initialize_variable":{"runAfter":{},"metadata":{"operationMetadataId":"924f8cf5-c979-4694-8176-61ad986179fa"},"type":"InitializeVariable","inputs":{"variables":[{"name":"IncomeId","type":"string","value":"\"\""}]}},"Is_IncomeWealthBox3":{"actions":{"New_income":{"actions":{"Relate_Calculation":{"runAfter":{"Set_variable_4":["Succeeded"]},"metadata":{"operationMetadataId":"092efa58-5c7a-4e37-bf8f-c6e7a2d7a69b"},"type":"OpenApiConnection","inputs":{"host":{"connectionName":"shared_commondataserviceforapps","operationId":"AssociateEntities","apiId":"/providers/Microsoft.PowerApps/apis/shared_commondataserviceforapps"},"parameters":{"entityName":"cr85a_calculations","recordId":"@triggerBody()?['cr85a_calculationidref']","associationEntityRelationship":"cr85a_Inkomen_calculationidref_cr85a_Calc","item/@odata.id":"@outputs('Add_a_new_row_2')?['body/@odata.id']"},"authentication":"@parameters('$authentication')"}},"Set_variable_4":{"runAfter":{"Add_a_new_row_2":["Succeeded"]},"metadata":{"operationMetadataId":"8ee8f091-bdf5-4920-909e-e869f0218fbe"},"type":"SetVariable","inputs":{"name":"IncomeId","value":"@outputs('Add_a_new_row_2')?['body/cr85a_inkomenid']"}},"Bind_Partner_Or_User":{"actions":{"Relate_rows":{"runAfter":{},"metadata":{"operationMetadataId":"6762bdd7-4744-4769-b7e6-2cdb82c1342c"},"type":"OpenApiConnection","inputs":{"host":{"connectionName":"shared_commondataserviceforapps","operationId":"AssociateEntities","apiId":"/providers/Microsoft.PowerApps/apis/shared_commondataserviceforapps"},"parameters":{"entityName":"cr85a_gebruikers","recordId":"@triggerBody()?['cr85a_inkomengebruiker']","associationEntityRelationship":"cr85a_Gebruiker_inkomengebruiker_cr85a_In","item/@odata.id":"@outputs('Add_a_new_row_2')?['body/@odata.id']"},"authentication":"@parameters('$authentication')"}}},"runAfter":{"Relate_Calculation":["Succeeded"]},"else":{"actions":{"Relate_rows_2":{"runAfter":{},"metadata":{"operationMetadataId":"6cab9b17-ac6f-4fa6-9fb1-386781243b13"},"type":"OpenApiConnection","inputs":{"host":{"connectionName":"shared_commondataserviceforapps","operationId":"AssociateEntities","apiId":"/providers/Microsoft.PowerApps/apis/shared_commondataserviceforapps"},"parameters":{"entityName":"cr85a_partners","recordId":"@triggerBody()?['cr85a_inkomenpartner']","associationEntityRelationship":"cr85a_Partner_inkomenpartner_cr85a_Inkome","item/@odata.id":"@outputs('Add_a_new_row_2')?['body/@odata.id']"},"authentication":"@parameters('$authentication')"}}}},"expression":{"equals":["@triggerBody()?['ispartner']",false]},"metadata":{"operationMetadataId":"72c42f26-566f-465e-a2c9-fad331e77a42"},"type":"If"},"Add_a_new_row_2":{"runAfter":{},"metadata":{"operationMetadataId":"6e2a4e1b-899d-4266-83eb-51b19081840e"},"type":"OpenApiConnection","inputs":{"host":{"connectionName":"shared_commondataserviceforapps","operationId":"CreateRecord","apiId":"/providers/Microsoft.PowerApps/apis/shared_commondataserviceforapps"},"parameters":{"entityName":"cr85a_inkomens","item/cr85a_bedraginkomenbrjrvr":"@triggerBody()?['cr85a_bedraginkomenbrjrvr']","item/cr85a_inkomenbox3jn":"@triggerBody()?['cr85a_inkomenbox3jn']","item/cr85a_ModifiedByContact@odata.bind":"contacts(@{triggerBody()?['modifiedbycontact']})","item/cr85a_observations":"@triggerBody()?['cr85a_observations']","item/cr85a_inkomenvolgorde":"@triggerBody()?['cr85a_inkomenvolgorde']","item/cr85a_inkomencomponentref":"@triggerBody()?['cr85a_inkomencomponentref']","item/cr85a_inkomentype":"@triggerBody()?['cr85a_inkomentype']","item/cr85a_inkomenberekendnascheiding":"@triggerBody()?['cr85a_inkomenberekendnascheiding']"},"authentication":"@parameters('$authentication')"}}},"runAfter":{},"else":{"actions":{"Update_a_row_2":{"runAfter":{},"metadata":{"operationMetadataId":"c4eec111-f87b-49c5-8cff-f5e1301ddae0"},"type":"OpenApiConnection","inputs":{"host":{"connectionName":"shared_commondataserviceforapps_1","operationId":"UpdateRecord","apiId":"/providers/Microsoft.PowerApps/apis/shared_commondataserviceforapps"},"parameters":{"entityName":"cr85a_inkomens","recordId":"@triggerBody()?['cr85a_inkomenid']","item/cr85a_bedraginkomenbrjrvr":"@triggerBody()?['cr85a_bedraginkomenbrjrvr']","item/cr85a_inkomenbox3jn":"@triggerBody()?['cr85a_inkomenbox3jn']","item/cr85a_ModifiedByContact@odata.bind":"contacts(@{triggerBody()?['modifiedbycontact']})","item/cr85a_observations":"@triggerBody()?['cr85a_observations']","item/cr85a_inkomenvolgorde":"@triggerBody()?['cr85a_inkomenvolgorde']","item/cr85a_inkomencomponentref":"@triggerBody()?['cr85a_inkomencomponentref']","item/cr85a_inkomentype":"@triggerBody()?['cr85a_inkomentype']","item/cr85a_inkomenberekendnascheiding":"@triggerBody()?['cr85a_inkomenberekendnascheiding']"},"authentication":"@parameters('$authentication')"}},"Set_variable_3":{"runAfter":{"Update_a_row_2":["Succeeded"]},"metadata":{"operationMetadataId":"29c6f435-fd10-46fd-9d3c-cac7e99afbb7"},"type":"SetVariable","inputs":{"name":"IncomeId","value":"@outputs('Update_a_row_2')?['body/cr85a_inkomenid']"}}}},"expression":{"equals":["@triggerBody()?['cr85a_inkomenid']","@null"]},"metadata":{"operationMetadataId":"a4305ac3-50bc-4ec1-a9ff-ccd89bb78edf"},"type":"If"}},"runAfter":{"Initialize_variable":["Succeeded"]},"else":{"actions":{"Condition_2":{"actions":{"Relate_Calculation_2":{"runAfter":{"Set_variable":["Succeeded"]},"metadata":{"operationMetadataId":"4ea09745-9618-4986-87af-00c6ec9cfb84"},"type":"OpenApiConnection","inputs":{"host":{"connectionName":"shared_commondataserviceforapps","operationId":"AssociateEntities","apiId":"/providers/Microsoft.PowerApps/apis/shared_commondataserviceforapps"},"parameters":{"entityName":"cr85a_calculations","recordId":"@triggerBody()?['cr85a_calculationidref']","associationEntityRelationship":"cr85a_Inkomen_calculationidref_cr85a_Calc","item/@odata.id":"@outputs('Add_a_new_row')?['body/@odata.id']"},"authentication":"@parameters('$authentication')"}},"Set_variable":{"runAfter":{"Add_a_new_row":["Succeeded"]},"metadata":{"operationMetadataId":"8492c730-b3f8-4ffc-933c-5388442e5126"},"type":"SetVariable","inputs":{"name":"IncomeId","value":"@outputs('Add_a_new_row')?['body/cr85a_inkomenid']"}},"Bind_Partner_Or_User_2":{"actions":{"Relate_rows_3":{"runAfter":{},"metadata":{"operationMetadataId":"c5f1fe6e-1e5e-4171-b025-501746ec769b"},"type":"OpenApiConnection","inputs":{"host":{"connectionName":"shared_commondataserviceforapps","operationId":"AssociateEntities","apiId":"/providers/Microsoft.PowerApps/apis/shared_commondataserviceforapps"},"parameters":{"entityName":"cr85a_gebruikers","recordId":"@triggerBody()?['cr85a_inkomengebruiker']","associationEntityRelationship":"cr85a_Gebruiker_inkomengebruiker_cr85a_In","item/@odata.id":"@outputs('Add_a_new_row')?['body/@odata.id']"},"authentication":"@parameters('$authentication')"}}},"runAfter":{"Relate_Calculation_2":["Succeeded"]},"else":{"actions":{"Relate_rows_4":{"runAfter":{},"metadata":{"operationMetadataId":"859cde06-7300-40df-b418-4541acd3e94f"},"type":"OpenApiConnection","inputs":{"host":{"connectionName":"shared_commondataserviceforapps","operationId":"AssociateEntities","apiId":"/providers/Microsoft.PowerApps/apis/shared_commondataserviceforapps"},"parameters":{"entityName":"cr85a_partners","recordId":"@triggerBody()?['cr85a_inkomenpartner']","associationEntityRelationship":"cr85a_Partner_inkomenpartner_cr85a_Inkome","item/@odata.id":"@outputs('Add_a_new_row')?['body/@odata.id']"},"authentication":"@parameters('$authentication')"}}}},"expression":{"equals":["@triggerBody()?['ispartner']",false]},"metadata":{"operationMetadataId":"46e5a833-cf25-499f-a307-e0b4c3f27786"},"type":"If"},"Add_a_new_row":{"runAfter":{},"metadata":{"operationMetadataId":"b15a6a94-fac1-46c6-8d94-255bf078b8a7"},"type":"OpenApiConnection","inputs":{"host":{"connectionName":"shared_commondataserviceforapps","operationId":"CreateRecord","apiId":"/providers/Microsoft.PowerApps/apis/shared_commondataserviceforapps"},"parameters":{"entityName":"cr85a_inkomens","item/cr85a_inkomenbox3jn":"@triggerBody()?['cr85a_inkomenbox3jn']","item/cr85a_ModifiedByContact@odata.bind":"contacts(@{triggerBody()?['modifiedbycontact']})","item/cr85a_observations":"@triggerBody()?['cr85a_observations']","item/cr85a_inkomenvolgorde":"@triggerBody()?['cr85a_inkomenvolgorde']","item/cr85a_inkomencomponentref":"@triggerBody()?['cr85a_inkomencomponentref']","item/cr85a_inkomentype":"@triggerBody()?['cr85a_inkomentype']","item/cr85a_inkomenberekendnascheiding":"@triggerBody()?['cr85a_inkomenberekendnascheiding']"},"authentication":"@parameters('$authentication')"}}},"runAfter":{},"else":{"actions":{"Update_a_row":{"runAfter":{},"metadata":{"operationMetadataId":"59f2fadd-695b-4b61-926c-cffd538bef00"},"type":"OpenApiConnection","inputs":{"host":{"connectionName":"shared_commondataserviceforapps_1","operationId":"UpdateRecord","apiId":"/providers/Microsoft.PowerApps/apis/shared_commondataserviceforapps"},"parameters":{"entityName":"cr85a_inkomens","recordId":"@triggerBody()?['cr85a_inkomenid']","item/cr85a_inkomenbox3jn":"@triggerBody()?['cr85a_inkomenbox3jn']","item/cr85a_ModifiedByContact@odata.bind":"contacts(@{triggerBody()?['modifiedbycontact']})","item/cr85a_observations":"@triggerBody()?['cr85a_observations']","item/cr85a_inkomenvolgorde":"@triggerBody()?['cr85a_inkomenvolgorde']","item/cr85a_inkomencomponentref":"@triggerBody()?['cr85a_inkomencomponentref']","item/cr85a_inkomentype":"@triggerBody()?['cr85a_inkomentype']","item/cr85a_inkomenberekendnascheiding":"@triggerBody()?['cr85a_inkomenberekendnascheiding']"},"authentication":"@parameters('$authentication')"}},"Set_variable_2":{"runAfter":{"Update_a_row":["Succeeded"]},"metadata":{"operationMetadataId":"7e220da8-8c19-4420-8389-4bb600f05963"},"type":"SetVariable","inputs":{"name":"IncomeId","value":"@outputs('Update_a_row')?['body/cr85a_inkomenid']"}}}},"expression":{"equals":["@triggerBody()?['cr85a_inkomenid']","@null"]},"metadata":{"operationMetadataId":"b29c41b8-ef65-47c8-8abf-8166bc9bdbc5"},"type":"If"}}},"expression":{"equals":["@triggerBody()?['cr85a_inkomenbox3jn']","@true"]},"metadata":{"operationMetadataId":"00051937-1c81-4165-9431-3dcdcb517540"},"type":"If"}}}},"schemaVersion":"1.0.0.0"}