{"properties":{"connectionReferences":{"shared_commondataserviceforapps":{"runtimeSource":"embedded","connection":{"connectionReferenceLogicalName":"new_sharedcommondataserviceforapps_43e52"},"api":{"name":"shared_commondataserviceforapps"}}},"definition":{"$schema":"https://schema.management.azure.com/providers/Microsoft.Logic/schemas/2016-06-01/workflowdefinition.json#","contentVersion":"1.0.0.0","parameters":{"$connections":{"defaultValue":{},"type":"Object"},"$authentication":{"defaultValue":{},"type":"SecureObject"}},"triggers":{"manual":{"metadata":{"operationMetadataId":"826a8672-d133-4487-ad32-dc75d1c1c715"},"type":"Request","kind":"Http","inputs":{"schema":{"type":"object","properties":{"cr85a_calculationid":{"type":"string"},"cr85a_ovginkomenlastenid":{"type":"string"},"cr85a_caseid":{"type":"string"},"cr85a_przkv_user":{"type":"number"},"cr85a_inkovverm_user":{"type":"number"},"cr85a_przkv_partner":{"type":"number"},"cr85a_inkovverm_partner":{"type":"number"},"cr85a_gebruikerid":{"type":"string"},"cr85a_partnerid":{"type":"string"}}},"method":"POST","relativePath":"saveIncomeAndOtherCosts"}}},"actions":{"Condition":{"actions":{"Add_a_new_row_User":{"runAfter":{},"metadata":{"operationMetadataId":"2204ff5f-09ea-42c1-93d6-5ac491ec3451"},"type":"OpenApiConnection","inputs":{"host":{"connectionName":"shared_commondataserviceforapps","operationId":"CreateRecord","apiId":"/providers/Microsoft.PowerApps/apis/shared_commondataserviceforapps"},"parameters":{"entityName":"cr85a_ovginkomenlastens","item/cr85a_przkv":"@triggerBody()?['cr85a_przkv_user']","item/cr85a_inkovverm":"@triggerBody()?['cr85a_inkovverm_user']","item/cr85a_ovginkomenlastencaseref@odata.bind":"/cr85a_cases/@{triggerBody()?['cr85a_caseid']}","item/cr85a_ovginkomenlastengebruikerref@odata.bind":"/cr85a_gebruikers/@{triggerBody()?['cr85a_gebruikerid']}"},"authentication":"@parameters('$authentication')"}},"Add_a_new_row_Partner":{"runAfter":{"Add_a_new_row_User":["Succeeded"]},"metadata":{"operationMetadataId":"cc81628a-4a97-40a9-94be-d605c4e219cc"},"type":"OpenApiConnection","inputs":{"host":{"connectionName":"shared_commondataserviceforapps","operationId":"CreateRecord","apiId":"/providers/Microsoft.PowerApps/apis/shared_commondataserviceforapps"},"parameters":{"entityName":"cr85a_ovginkomenlastens","item/cr85a_przkv":"@triggerBody()?['cr85a_przkv_partner']","item/cr85a_inkovverm":"@triggerBody()?['cr85a_inkovverm_partner']","item/cr85a_ovginkomenlastencaseref@odata.bind":"/cr85a_cases/@{triggerBody()?['cr85a_caseid']}","item/cr85a_ovginkomenlastenpartnerref@odata.bind":"/cr85a_partners/@{triggerBody()?['cr85a_partnerid']}"},"authentication":"@parameters('$authentication')"}}},"runAfter":{"Condition_Authentication_+_Authorization":["Succeeded"]},"else":{"actions":{"Update_row_User":{"runAfter":{},"metadata":{"operationMetadataId":"8eb04960-0a70-4166-82ea-fd328d6dc712"},"type":"OpenApiConnection","inputs":{"host":{"connectionName":"shared_commondataserviceforapps","operationId":"CreateRecord","apiId":"/providers/Microsoft.PowerApps/apis/shared_commondataserviceforapps"},"parameters":{"entityName":"cr85a_ovginkomenlastens","item/cr85a_przkv":"@triggerBody()?['cr85a_przkv_user']","item/cr85a_inkovverm":"@triggerBody()?['cr85a_inkovverm_user']","item/cr85a_ovginkomenlastencaseref@odata.bind":"/cr85a_cases/@{triggerBody()?['cr85a_caseid']}","item/cr85a_ovginkomenlastengebruikerref@odata.bind":"/cr85a_gebruikers/@{triggerBody()?['cr85a_gebruikerid']}"},"authentication":"@parameters('$authentication')"}},"Update_row_Partner":{"runAfter":{"Update_row_User":["Succeeded"]},"metadata":{"operationMetadataId":"e0c282aa-c84f-4f3a-a603-fadcc3d9ddac"},"type":"OpenApiConnection","inputs":{"host":{"connectionName":"shared_commondataserviceforapps","operationId":"CreateRecord","apiId":"/providers/Microsoft.PowerApps/apis/shared_commondataserviceforapps"},"parameters":{"entityName":"cr85a_ovginkomenlastens","item/cr85a_przkv":"@triggerBody()?['cr85a_przkv_partner']","item/cr85a_inkovverm":"@triggerBody()?['cr85a_inkovverm_partner']","item/cr85a_ovginkomenlastencaseref@odata.bind":"/cr85a_cases/@{triggerBody()?['cr85a_caseid']}","item/cr85a_ovginkomenlastenpartnerref@odata.bind":"/cr85a_partners/@{triggerBody()?['cr85a_partnerid']}"},"authentication":"@parameters('$authentication')"}}}},"expression":{"equals":["@triggerBody()?['cr85a_ovginkomenlastenid']",""]},"metadata":{"operationMetadataId":"28d40cdf-dbb9-4a57-a2cc-8ccd0f2af58a"},"type":"If"},"OK":{"runAfter":{"Condition":["Succeeded"]},"metadata":{"operationMetadataId":"ff5b1a1a-9d7a-43cf-a2e6-ebb8f52cfa7e"},"type":"Response","kind":"Http","inputs":{"statusCode":200}},"Fail":{"runAfter":{"OK":["Failed","Skipped","TimedOut"]},"metadata":{"operationMetadataId":"809a4147-41b5-4cb2-8b77-7facc2faab6a"},"type":"Response","kind":"Http","inputs":{"statusCode":400}},"Authentication_+_Authorization":{"runAfter":{},"metadata":{"operationMetadataId":"6156e4da-100d-49f8-9c85-ff72ddde6368"},"type":"OpenApiConnection","inputs":{"host":{"connectionName":"shared_commondataserviceforapps","operationId":"PerformUnboundAction","apiId":"/providers/Microsoft.PowerApps/apis/shared_commondataserviceforapps"},"parameters":{"actionName":"cr85a_AuthenticationAuthorizationProcess","item/PortalAuthToken":"@triggerOutputs()['headers']['portalauthtoken']","item/CalculationId":"@triggerBody()?['cr85a_calculationid']","item/StepId":"3605a273-9473-eb11-a812-000d3a22c008","item/CaseId":"@triggerBody()?['cr85a_caseid']"},"authentication":"@parameters('$authentication')"}},"Condition_Authentication_+_Authorization":{"actions":{},"runAfter":{"Authentication_+_Authorization":["Succeeded"]},"else":{"actions":{"Response_Authentication_+_Authorization":{"runAfter":{},"metadata":{"operationMetadataId":"a28db4f1-5fe9-4710-810a-7ffbd6894cfd"},"type":"Response","kind":"Http","inputs":{"statusCode":"@outputs('Authentication_+_Authorization')?['body/HttpCode']","body":"@outputs('Authentication_+_Authorization')?['body/ErrorMessage']"}},"Terminate":{"runAfter":{"Response_Authentication_+_Authorization":["Succeeded"]},"metadata":{"operationMetadataId":"1e03b376-ad7f-4fa9-8d49-4003dc2fab7a"},"type":"Terminate","inputs":{"runStatus":"Succeeded"}}}},"expression":{"equals":["@outputs('Authentication_+_Authorization')?['body/AuthResult']","@true"]},"metadata":{"operationMetadataId":"e595db21-018d-4d35-93dc-c14924caaa6e"},"type":"If"}}}},"schemaVersion":"1.0.0.0"}