{"properties":{"connectionReferences":{"shared_commondataserviceforapps":{"runtimeSource":"embedded","connection":{"connectionReferenceLogicalName":"cr85a_sharedcommondataserviceforapps_81ac3"},"api":{"name":"shared_commondataserviceforapps"}}},"definition":{"$schema":"https://schema.management.azure.com/providers/Microsoft.Logic/schemas/2016-06-01/workflowdefinition.json#","contentVersion":"1.0.0.0","parameters":{"$connections":{"defaultValue":{},"type":"Object"},"$authentication":{"defaultValue":{},"type":"SecureObject"}},"triggers":{"manual":{"metadata":{"operationMetadataId":"96d42e20-1ddb-433c-9c15-4a5b664ec688"},"type":"Request","kind":"Http","inputs":{"schema":{"type":"object","properties":{"cr85a_inkomengebruiker":{"type":"string"},"cr85a_inkomenpartner":{"type":"string"},"cr85a_ovgsocuitkeringid":{"type":"string"},"ispartner":{"type":"boolean"},"cr85a_inkomenberekendnascheiding":{"type":"integer"},"cr85a_socuitk":{"type":"number"},"cr85a_socuitkper":{"type":"integer"},"cr85a_socuitknetto":{"type":"number"},"cr85a_socuitklhk":{"type":"boolean"},"cr85a_inkomentype":{"type":"integer"},"cr85a_calculationidref":{"type":"string"},"cr85a_ovgsocuitkeringvoornascheiding":{"type":"integer"},"cr85a_inkomenovgsocuitkering":{"type":"string"},"cr85a_inkomenvolgorde":{"type":"integer"},"modifiedbycontact":{"type":"string"}}},"method":"POST","relativePath":"saveSocialAllowance"}}},"actions":{"Initialize_variable":{"runAfter":{"Condition_Authentication_+_Authorization":["Succeeded"]},"metadata":{"operationMetadataId":"56b2a96e-6abf-4134-8180-d85aadcc0814"},"type":"InitializeVariable","inputs":{"variables":[{"name":"CountSocialAllowance","type":"integer","value":0}]}},"Condition":{"actions":{"BD":{"actions":{"Add_Social_Allowance":{"runAfter":{},"metadata":{"operationMetadataId":"71e73955-2fa6-474c-aa36-d6d4cd2a7026"},"type":"OpenApiConnection","inputs":{"host":{"connectionName":"shared_commondataserviceforapps","operationId":"CreateRecord","apiId":"/providers/Microsoft.PowerApps/apis/shared_commondataserviceforapps"},"parameters":{"entityName":"cr85a_ovgsocuitkerings","item/cr85a_socuitkper":"@if(equals(triggerBody()?['cr85a_socuitkper'],0),null,triggerBody()?['cr85a_socuitkper'])","item/cr85a_socuitk":"@if(equals(triggerBody()?['cr85a_socuitk'],0),null,triggerBody()?['cr85a_socuitk'])","item/cr85a_socuitklhk":"@triggerBody()?['cr85a_socuitklhk']","item/cr85a_socuitknetto":"@if(equals(triggerBody()?['cr85a_socuitknetto'],0),null,triggerBody()?['cr85a_socuitknetto'])","item/cr85a_ovgsocuitkeringvoornascheiding":469280000,"item/cr85a_ModifiedByContact@odata.bind":"contacts(@{triggerBody()?['modifiedbycontact']})","item/cr85a_observations":"SocialAllowance @{utcNow()}"},"authentication":"@parameters('$authentication')"}},"ListIncome":{"actions":{"List_Income_Partner_Before":{"runAfter":{},"metadata":{"operationMetadataId":"879503ee-b99a-4ad3-bb37-337a0cfd6ed8"},"type":"OpenApiConnection","inputs":{"host":{"connectionName":"shared_commondataserviceforapps","operationId":"ListRecords","apiId":"/providers/Microsoft.PowerApps/apis/shared_commondataserviceforapps"},"parameters":{"entityName":"cr85a_inkomens","$select":"cr85a_inkomentype,_cr85a_inkomenpartner_value,_cr85a_calculationidref_value","$filter":"(cr85a_inkomentype eq 469280004) and (_cr85a_inkomenpartner_value eq  @{triggerBody()?['cr85a_inkomenpartner']}) and (_cr85a_calculationidref_value eq @{triggerBody()?['cr85a_calculationidref']})"},"authentication":"@parameters('$authentication')"}},"Set_variable":{"runAfter":{"List_Income_Partner_Before":["Succeeded"]},"metadata":{"operationMetadataId":"7f258413-e23d-46c7-bb4a-f63c6e75a856"},"type":"SetVariable","inputs":{"name":"CountSocialAllowance","value":"@add(length(outputs('List_Income_Partner_Before')?['body/value']), 1)"}}},"runAfter":{"Add_Social_Allowance":["Succeeded"]},"else":{"actions":{"List_Income_User_Before":{"runAfter":{},"metadata":{"operationMetadataId":"aafaf420-b647-43c3-b11b-1baeec6bae16"},"type":"OpenApiConnection","inputs":{"host":{"connectionName":"shared_commondataserviceforapps","operationId":"ListRecords","apiId":"/providers/Microsoft.PowerApps/apis/shared_commondataserviceforapps"},"parameters":{"entityName":"cr85a_inkomens","$select":"cr85a_inkomentype,_cr85a_inkomengebruiker_value,_cr85a_calculationidref_value","$filter":"(cr85a_inkomentype eq 469280004) and (_cr85a_inkomengebruiker_value eq @{triggerBody()?['cr85a_inkomengebruiker']}) and (_cr85a_calculationidref_value eq @{triggerBody()?['cr85a_calculationidref']})"},"authentication":"@parameters('$authentication')"}},"Set_variable_2":{"runAfter":{"List_Income_User_Before":["Succeeded"]},"metadata":{"operationMetadataId":"52776b92-6d45-40a5-87b0-0b5124463a6a"},"type":"SetVariable","inputs":{"name":"CountSocialAllowance","value":"@add(length(outputs('List_Income_User_Before')?['body/value']), 1)"}}}},"expression":{"equals":["@triggerBody()?['ispartner']",true]},"metadata":{"operationMetadataId":"68dca005-af5f-4fa5-b965-71e0da75ac1d"},"type":"If"},"Is_not_Applicable":{"actions":{},"runAfter":{"ListIncome":["Succeeded"]},"else":{"actions":{"Add_Social_Allowance_AD":{"runAfter":{},"metadata":{"operationMetadataId":"34c1976b-7e05-4e1e-84f7-00d6e013b019"},"type":"OpenApiConnection","inputs":{"host":{"connectionName":"shared_commondataserviceforapps","operationId":"CreateRecord","apiId":"/providers/Microsoft.PowerApps/apis/shared_commondataserviceforapps"},"parameters":{"entityName":"cr85a_ovgsocuitkerings","item/cr85a_socuitkper":"@if(equals(triggerBody()?['cr85a_socuitkper'],0),null,triggerBody()?['cr85a_socuitkper'])","item/cr85a_socuitk":"@if(equals(triggerBody()?['cr85a_socuitk'],0),null,triggerBody()?['cr85a_socuitk'])","item/cr85a_socuitklhk":"@triggerBody()?['cr85a_socuitklhk']","item/cr85a_socuitknetto":"@if(equals(triggerBody()?['cr85a_socuitknetto'],0),null,triggerBody()?['cr85a_socuitknetto'])","item/cr85a_ovgsocuitkeringvoornascheiding":469280001,"item/cr85a_ModifiedByContact@odata.bind":"contacts(@{triggerBody()?['modifiedbycontact']})","item/cr85a_observations":"SocialAllowance @{utcNow()}"},"authentication":"@parameters('$authentication')"}}}},"expression":{"equals":["@triggerBody()?['cr85a_inkomenberekendnascheiding']",469280002]},"metadata":{"operationMetadataId":"98b3b30b-c6c4-4188-9210-ec99a4a65be6"},"type":"If"},"CreateOrUpdate_Income":{"runAfter":{"Is_not_Applicable":["Succeeded"]},"metadata":{"operationMetadataId":"02a91104-d749-41bf-881c-9ccc2508c0a2"},"type":"Workflow","inputs":{"host":{"workflowReferenceName":"596b1ddf-269e-eb11-b1ac-000d3a21153a"},"body":{"cr85a_inkomenberekendnascheiding":"@triggerBody()?['cr85a_inkomenberekendnascheiding']","cr85a_inkomenbox3jn":false,"cr85a_inkomencomponentref":"@outputs('Add_Social_Allowance')?['body/cr85a_ovgsocuitkeringid']","cr85a_inkomentype":"@triggerBody()?['cr85a_inkomentype']","cr85a_inkomenvolgorde":"@variables('CountSocialAllowance')","cr85a_inkomengebruiker":"@triggerBody()?['cr85a_inkomengebruiker']","cr85a_inkomenpartner":"@triggerBody()?['cr85a_inkomenpartner']","cr85a_observations":"Social Allowance @{variables('CountSocialAllowance')}","ispartner":"@triggerBody()?['ispartner']","cr85a_calculationidref":"@triggerBody()?['cr85a_calculationidref']","modifiedbycontact":"@triggerBody()?['modifiedbycontact']"}}},"Parse_JSON":{"runAfter":{"CreateOrUpdate_Income":["Succeeded"]},"metadata":{"operationMetadataId":"c94d25dd-6415-4aa0-8089-4c239b2abb99"},"type":"ParseJson","inputs":{"content":"@outputs('CreateOrUpdate_Income')?['Body']","schema":{"type":"object","properties":{"incomeid":{"type":"string"}}}}},"Expires":{"actions":{"Relate_rows":{"runAfter":{},"metadata":{"operationMetadataId":"2654589e-e492-4822-bdf6-7933721bb973"},"type":"OpenApiConnection","inputs":{"host":{"connectionName":"shared_commondataserviceforapps","operationId":"AssociateEntities","apiId":"/providers/Microsoft.PowerApps/apis/shared_commondataserviceforapps"},"parameters":{"entityName":"cr85a_inkomens","recordId":"@body('Parse_JSON')?['incomeid']","associationEntityRelationship":"cr85a_OvgSocUitkering_inkomenovgsocuitker","item/@odata.id":"@outputs('Add_Social_Allowance')?['body/@odata.id']"},"authentication":"@parameters('$authentication')"}},"Set_variable_4":{"runAfter":{"Relate_rows":["Succeeded"]},"metadata":{"operationMetadataId":"ef65fa10-623b-42be-81ca-7f10770e508c"},"type":"SetVariable","inputs":{"name":"socialADid","value":"@outputs('Add_Social_Allowance_AD')?['body/cr85a_ovgsocuitkeringid']"}}},"runAfter":{"Parse_JSON":["Succeeded"]},"else":{"actions":{"Relate_Income_with_social_allowance_BD":{"runAfter":{},"metadata":{"operationMetadataId":"4fdcf8f5-f48e-451d-a74f-1978000e3f41"},"type":"OpenApiConnection","inputs":{"host":{"connectionName":"shared_commondataserviceforapps","operationId":"AssociateEntities","apiId":"/providers/Microsoft.PowerApps/apis/shared_commondataserviceforapps"},"parameters":{"entityName":"cr85a_inkomens","recordId":"@body('Parse_JSON')?['incomeid']","associationEntityRelationship":"cr85a_OvgSocUitkering_inkomenovgsocuitker","item/@odata.id":"@outputs('Add_Social_Allowance')?['body/@odata.id']"},"authentication":"@parameters('$authentication')"}},"Relate_Income_with_social_allowance_AD":{"runAfter":{"Relate_Income_with_social_allowance_BD":["Succeeded"]},"metadata":{"operationMetadataId":"d831d71e-714f-4ded-98e8-c5970f600cec"},"type":"OpenApiConnection","inputs":{"host":{"connectionName":"shared_commondataserviceforapps","operationId":"AssociateEntities","apiId":"/providers/Microsoft.PowerApps/apis/shared_commondataserviceforapps"},"parameters":{"entityName":"cr85a_inkomens","recordId":"@body('Parse_JSON')?['incomeid']","associationEntityRelationship":"cr85a_OvgSocUitkering_inkomenovgsocuitker","item/@odata.id":"@outputs('Add_Social_Allowance_AD')?['body/@odata.id']"},"authentication":"@parameters('$authentication')"}},"Set_variable_3":{"runAfter":{"Relate_Income_with_social_allowance_AD":["Succeeded"]},"metadata":{"operationMetadataId":"7c372290-b6f0-44e6-ba9b-23f5ff702875"},"type":"SetVariable","inputs":{"name":"socialADid","value":"@outputs('Add_Social_Allowance_AD')?['body/cr85a_ovgsocuitkeringid']"}}}},"expression":{"equals":["@triggerBody()?['cr85a_inkomenberekendnascheiding']",469280002]},"metadata":{"operationMetadataId":"00160479-cb24-45bb-a58f-14dd25397149"},"type":"If"}},"runAfter":{},"else":{"actions":{"Add_Social_Allowance_AD_2":{"runAfter":{},"metadata":{"operationMetadataId":"49320673-3d2f-4eb4-a1bd-f2e61adb898f"},"type":"OpenApiConnection","inputs":{"host":{"connectionName":"shared_commondataserviceforapps","operationId":"CreateRecord","apiId":"/providers/Microsoft.PowerApps/apis/shared_commondataserviceforapps"},"parameters":{"entityName":"cr85a_ovgsocuitkerings","item/cr85a_socuitkper":"@if(equals(triggerBody()?['cr85a_socuitkper'], 0), null, triggerBody()?['cr85a_socuitkper'])","item/cr85a_socuitk":"@if(equals(triggerBody()?['cr85a_socuitk'], 0), null, triggerBody()?['cr85a_socuitk'])","item/cr85a_socuitklhk":"@triggerBody()?['cr85a_socuitklhk']","item/cr85a_socuitknetto":"@if(equals(triggerBody()?['cr85a_socuitknetto'], 0), null, triggerBody()?['cr85a_socuitknetto'])","item/cr85a_ovgsocuitkeringvoornascheiding":469280001,"item/cr85a_ModifiedByContact@odata.bind":"contacts(@{triggerBody()?['modifiedbycontact']})","item/cr85a_observations":"SocialAllowance @{utcNow()}"},"authentication":"@parameters('$authentication')"}},"ListIncome_2":{"actions":{"List_Income_Partner_Before_2":{"runAfter":{},"metadata":{"operationMetadataId":"df1405de-4301-4d2f-91f7-4ff864ddf5de"},"type":"OpenApiConnection","inputs":{"host":{"connectionName":"shared_commondataserviceforapps","operationId":"ListRecords","apiId":"/providers/Microsoft.PowerApps/apis/shared_commondataserviceforapps"},"parameters":{"entityName":"cr85a_inkomens","$select":"cr85a_inkomentype,_cr85a_inkomenpartner_value,_cr85a_calculationidref_value","$filter":"(cr85a_inkomentype eq 469280004) and (_cr85a_inkomenpartner_value eq  @{triggerBody()?['cr85a_inkomenpartner']}) and (_cr85a_calculationidref_value eq @{triggerBody()?['cr85a_calculationidref']})"},"authentication":"@parameters('$authentication')"}},"Set_variable_7":{"runAfter":{"List_Income_Partner_Before_2":["Succeeded"]},"metadata":{"operationMetadataId":"a5c59ff9-d963-4be5-b772-262ed9adfafa"},"type":"SetVariable","inputs":{"name":"CountSocialAllowance","value":"@add(length(outputs('List_Income_Partner_Before_2')?['body/value']), 1)"}}},"runAfter":{"Add_Social_Allowance_AD_2":["Succeeded"]},"else":{"actions":{"List_Income_User_Before_2":{"runAfter":{},"metadata":{"operationMetadataId":"f06523cc-b872-4c47-a864-8ec050a0e75b"},"type":"OpenApiConnection","inputs":{"host":{"connectionName":"shared_commondataserviceforapps","operationId":"ListRecords","apiId":"/providers/Microsoft.PowerApps/apis/shared_commondataserviceforapps"},"parameters":{"entityName":"cr85a_inkomens","$select":"cr85a_inkomentype,_cr85a_inkomengebruiker_value,_cr85a_calculationidref_value","$filter":"(cr85a_inkomentype eq 469280004) and (_cr85a_inkomengebruiker_value eq @{triggerBody()?['cr85a_inkomengebruiker']}) and (_cr85a_calculationidref_value eq @{triggerBody()?['cr85a_calculationidref']})"},"authentication":"@parameters('$authentication')"}},"Set_variable_6":{"runAfter":{"List_Income_User_Before_2":["Succeeded"]},"metadata":{"operationMetadataId":"8bffba5c-0b35-4bdf-a2cf-51155138e420"},"type":"SetVariable","inputs":{"name":"CountSocialAllowance","value":"@add(length(outputs('List_Income_User_Before_2')?['body/value']), 1)"}}}},"expression":{"equals":["@triggerBody()?['ispartner']",true]},"metadata":{"operationMetadataId":"b341ad32-b9a9-420a-b744-4be9ed5c44d5"},"type":"If"},"CreateOrUpdate_Income_2":{"runAfter":{"ListIncome_2":["Succeeded"]},"metadata":{"operationMetadataId":"7792f400-ee1a-4a70-8d42-f2c2cefa5d42"},"type":"Workflow","inputs":{"host":{"workflowReferenceName":"596b1ddf-269e-eb11-b1ac-000d3a21153a"},"body":{"cr85a_inkomenberekendnascheiding":"@triggerBody()?['cr85a_inkomenberekendnascheiding']","cr85a_inkomenbox3jn":false,"cr85a_inkomencomponentref":"@outputs('Add_Social_Allowance_AD_2')?['body/cr85a_ovgsocuitkeringid']","cr85a_inkomentype":"@triggerBody()?['cr85a_inkomentype']","cr85a_inkomenvolgorde":"@variables('CountSocialAllowance')","cr85a_inkomengebruiker":"@triggerBody()?['cr85a_inkomengebruiker']","cr85a_inkomenpartner":"@triggerBody()?['cr85a_inkomenpartner']","cr85a_observations":"Social Allowance @{variables('CountSocialAllowance')}","ispartner":"@triggerBody()?['ispartner']","cr85a_calculationidref":"@triggerBody()?['cr85a_calculationidref']","modifiedbycontact":"@triggerBody()?['modifiedbycontact']"}}},"Parse_JSON_2":{"runAfter":{"CreateOrUpdate_Income_2":["Succeeded"]},"metadata":{"operationMetadataId":"ff61604f-1618-4b36-8ee0-44e2e6595bb5"},"type":"ParseJson","inputs":{"content":"@outputs('CreateOrUpdate_Income_2')?['Body']","schema":{"type":"object","properties":{"incomeid":{"type":"string"}}}}},"Relate_rows_4":{"runAfter":{"Parse_JSON_2":["Succeeded"]},"metadata":{"operationMetadataId":"9fad1b07-3fd8-445a-ae1b-2bf15fc89ce6"},"type":"OpenApiConnection","inputs":{"host":{"connectionName":"shared_commondataserviceforapps","operationId":"AssociateEntities","apiId":"/providers/Microsoft.PowerApps/apis/shared_commondataserviceforapps"},"parameters":{"entityName":"cr85a_inkomens","recordId":"@body('Parse_JSON_2')?['incomeid']","associationEntityRelationship":"cr85a_OvgSocUitkering_inkomenovgsocuitker","item/@odata.id":"@outputs('Add_Social_Allowance_AD_2')?['body/@odata.id']"},"authentication":"@parameters('$authentication')"}},"Set_variable_8":{"runAfter":{"Relate_rows_4":["Succeeded"]},"metadata":{"operationMetadataId":"66ad878b-c0c2-45c2-a54d-b7468c0d46f2"},"type":"SetVariable","inputs":{"name":"socialADid","value":"@outputs('Add_Social_Allowance_AD_2')?['body/cr85a_ovgsocuitkeringid']"}}}},"expression":{"equals":["@triggerBody()?['cr85a_ovgsocuitkeringvoornascheiding']",469280000]},"metadata":{"operationMetadataId":"7cb3eac0-34b3-4de4-8ec0-7ca5a19bcf3d"},"type":"If"}},"runAfter":{"Initialize_variable_2":["Succeeded"]},"else":{"actions":{"IS_BD":{"actions":{"Update_Social_Allowance_BD":{"runAfter":{},"metadata":{"operationMetadataId":"78088e46-791c-4026-a958-464bb7264b8f"},"type":"OpenApiConnection","inputs":{"host":{"connectionName":"shared_commondataserviceforapps","operationId":"UpdateRecord","apiId":"/providers/Microsoft.PowerApps/apis/shared_commondataserviceforapps"},"parameters":{"entityName":"cr85a_ovgsocuitkerings","recordId":"@triggerBody()?['cr85a_ovgsocuitkeringid']","item/cr85a_socuitkper":"@if(equals(triggerBody()?['cr85a_socuitkper'],0),null,triggerBody()?['cr85a_socuitkper'])","item/cr85a_socuitk":"@if(equals(triggerBody()?['cr85a_socuitk'],0),null,triggerBody()?['cr85a_socuitk'])","item/cr85a_socuitklhk":"@triggerBody()?['cr85a_socuitklhk']","item/cr85a_socuitknetto":"@if(equals(triggerBody()?['cr85a_socuitknetto'],0),null,triggerBody()?['cr85a_socuitknetto'])","item/cr85a_ovgsocuitkeringvoornascheiding":469280000,"item/cr85a_ModifiedByContact@odata.bind":"contacts(@{triggerBody()?['modifiedbycontact']})"},"authentication":"@parameters('$authentication')"}},"Updates_2":{"actions":{"Find_Social_Allowances_AD_2":{"runAfter":{},"metadata":{"operationMetadataId":"6df6dfc5-eec1-483e-9cd0-4d965d7b95b8"},"type":"OpenApiConnection","inputs":{"host":{"connectionName":"shared_commondataserviceforapps","operationId":"ListRecords","apiId":"/providers/Microsoft.PowerApps/apis/shared_commondataserviceforapps"},"parameters":{"entityName":"cr85a_ovgsocuitkerings","$select":"cr85a_inkomenovgsocuitkering,cr85a_ovgsocuitkeringid","$filter":"(_cr85a_inkomenovgsocuitkering_value eq @{triggerBody()?['cr85a_inkomenovgsocuitkering']} and cr85a_ovgsocuitkeringvoornascheiding eq 469280001)","$top":1},"authentication":"@parameters('$authentication')"}},"ISApplicable":{"actions":{"Apply_to_delete":{"foreach":"@outputs('Find_Social_Allowances_AD_2')?['body/value']","actions":{"Delete_a_row":{"runAfter":{},"metadata":{"operationMetadataId":"cf7b0757-0667-46b6-aa62-4a3f6d3aeece"},"type":"OpenApiConnection","inputs":{"host":{"connectionName":"shared_commondataserviceforapps","operationId":"DeleteRecord","apiId":"/providers/Microsoft.PowerApps/apis/shared_commondataserviceforapps"},"parameters":{"entityName":"cr85a_ovgsocuitkerings","recordId":"@items('Apply_to_delete')?['_cr85a_inkomenovgsocuitkering_value']"},"authentication":"@parameters('$authentication')"}},"Set_variable_5":{"runAfter":{"Delete_a_row":["Succeeded"]},"metadata":{"operationMetadataId":"d0c84689-1011-480d-aa5f-512b067f752a"},"type":"SetVariable","inputs":{"name":"socialADid","value":"@triggerBody()?['cr85a_ovgsocuitkeringid']"}}},"runAfter":{},"metadata":{"operationMetadataId":"cd748704-8f04-4950-8bc5-70892bbd43fb"},"type":"Foreach"}},"runAfter":{"Find_Social_Allowances_AD_2":["Succeeded"]},"else":{"actions":{"Apply_to_each_2":{"foreach":"@outputs('Find_Social_Allowances_AD_2')?['body/value']","actions":{"Set_variable_10":{"runAfter":{},"metadata":{"operationMetadataId":"f5a6a725-5ed3-4b28-945a-0565d275ccee"},"type":"SetVariable","inputs":{"name":"socialADid","value":"@items('Apply_to_each_2')?['cr85a_ovgsocuitkeringid']"}},"Update_Social_Allowance_3":{"runAfter":{"Set_variable_10":["Succeeded"]},"metadata":{"operationMetadataId":"e46636ee-9276-4659-b48b-f2f170536346"},"type":"OpenApiConnection","inputs":{"host":{"connectionName":"shared_commondataserviceforapps","operationId":"UpdateRecord","apiId":"/providers/Microsoft.PowerApps/apis/shared_commondataserviceforapps"},"parameters":{"entityName":"cr85a_ovgsocuitkerings","recordId":"@items('Apply_to_each_2')?['cr85a_ovgsocuitkeringid']","item/cr85a_socuitkper":"@if(equals(triggerBody()?['cr85a_socuitkper'], 0), null, triggerBody()?['cr85a_socuitkper'])","item/cr85a_socuitk":"@if(equals(triggerBody()?['cr85a_socuitk'], 0), null, triggerBody()?['cr85a_socuitk'])","item/cr85a_socuitklhk":"@triggerBody()?['cr85a_socuitklhk']","item/cr85a_socuitknetto":"@if(equals(triggerBody()?['cr85a_socuitknetto'], 0), null, triggerBody()?['cr85a_socuitknetto'])"},"authentication":"@parameters('$authentication')"}}},"runAfter":{},"metadata":{"operationMetadataId":"b35cda31-60a5-4440-9716-526f833e8694"},"type":"Foreach"}}},"expression":{"equals":["@triggerBody()?['cr85a_inkomenberekendnascheiding']",469280002]},"metadata":{"operationMetadataId":"67916245-da3f-47fc-94c2-a5f5847e8a13"},"type":"If"}},"runAfter":{"CreateOrUpdate_Income_3":["Succeeded"]},"else":{"actions":{"Set_variable_9":{"runAfter":{},"metadata":{"operationMetadataId":"7325e210-bfe9-4f7b-81f9-9d1f9fff6abf"},"type":"SetVariable","inputs":{"name":"socialADid","value":"@triggerBody()?['cr85a_ovgsocuitkeringid']"}}}},"expression":{"not":{"equals":["@triggerBody()?['cr85a_inkomenovgsocuitkering']",""]}},"metadata":{"operationMetadataId":"058581f9-7fc5-44e0-8cfb-497f672b868a"},"type":"If"},"CreateOrUpdate_Income_3":{"runAfter":{"Update_Social_Allowance_BD":["Succeeded"]},"metadata":{"operationMetadataId":"d1cee507-d1fc-4edd-b4fa-2be17a349f38"},"type":"Workflow","inputs":{"host":{"workflowReferenceName":"596b1ddf-269e-eb11-b1ac-000d3a21153a"},"body":{"cr85a_inkomenid":"@triggerBody()?['cr85a_inkomenovgsocuitkering']","cr85a_inkomenberekendnascheiding":"@triggerBody()?['cr85a_inkomenberekendnascheiding']","cr85a_inkomenbox3jn":false,"cr85a_inkomencomponentref":"@triggerBody()?['cr85a_ovgsocuitkeringid']","cr85a_inkomentype":"@triggerBody()?['cr85a_inkomentype']","cr85a_inkomenvolgorde":"@triggerBody()?['cr85a_inkomenvolgorde']","cr85a_inkomengebruiker":"@triggerBody()?['cr85a_inkomengebruiker']","cr85a_inkomenpartner":"@triggerBody()?['cr85a_inkomenpartner']","cr85a_observations":"Social Allowance @{triggerBody()?['cr85a_inkomenvolgorde']}","ispartner":"@triggerBody()?['ispartner']","cr85a_calculationidref":"@triggerBody()?['cr85a_calculationidref']","modifiedbycontact":"@triggerBody()?['modifiedbycontact']"}}}},"runAfter":{},"else":{"actions":{"Update_Social_Allowance":{"runAfter":{},"metadata":{"operationMetadataId":"50be4eda-a630-4e62-94ff-a13b4e4f8e2c"},"type":"OpenApiConnection","inputs":{"host":{"connectionName":"shared_commondataserviceforapps","operationId":"UpdateRecord","apiId":"/providers/Microsoft.PowerApps/apis/shared_commondataserviceforapps"},"parameters":{"entityName":"cr85a_ovgsocuitkerings","recordId":"@triggerBody()?['cr85a_ovgsocuitkeringid']","item/cr85a_socuitkper":"@if(equals(triggerBody()?['cr85a_socuitkper'], 0), null, triggerBody()?['cr85a_socuitkper'])","item/cr85a_socuitk":"@if(equals(triggerBody()?['cr85a_socuitk'], 0), null, triggerBody()?['cr85a_socuitk'])","item/cr85a_socuitklhk":"@triggerBody()?['cr85a_socuitklhk']","item/cr85a_socuitknetto":"@if(equals(triggerBody()?['cr85a_socuitknetto'], 0), null, triggerBody()?['cr85a_socuitknetto'])","item/cr85a_ovgsocuitkeringvoornascheiding":469280001,"item/cr85a_ModifiedByContact@odata.bind":"contacts(@{triggerBody()?['modifiedbycontact']})"},"authentication":"@parameters('$authentication')"}},"CreateOrUpdate_Income_4":{"runAfter":{"Get_a_row_by_ID":["Succeeded"]},"metadata":{"operationMetadataId":"1194067a-c163-4f23-8d1c-f6cc7c50c138"},"type":"Workflow","inputs":{"host":{"workflowReferenceName":"596b1ddf-269e-eb11-b1ac-000d3a21153a"},"body":{"cr85a_inkomenid":"@triggerBody()?['cr85a_inkomenovgsocuitkering']","cr85a_inkomenberekendnascheiding":"@triggerBody()?['cr85a_inkomenberekendnascheiding']","cr85a_inkomenbox3jn":false,"cr85a_inkomencomponentref":"@triggerBody()?['cr85a_ovgsocuitkeringid']","cr85a_inkomentype":"@triggerBody()?['cr85a_inkomentype']","cr85a_inkomenvolgorde":"@triggerBody()?['cr85a_inkomenvolgorde']","cr85a_inkomengebruiker":"@triggerBody()?['cr85a_inkomengebruiker']","cr85a_inkomenpartner":"@triggerBody()?['cr85a_inkomenpartner']","cr85a_observations":"@outputs('Get_a_row_by_ID')?['body/cr85a_observations']","ispartner":"@triggerBody()?['ispartner']","cr85a_calculationidref":"@triggerBody()?['cr85a_calculationidref']","modifiedbycontact":"@triggerBody()?['modifiedbycontact']"}}},"Get_a_row_by_ID":{"runAfter":{"Update_Social_Allowance":["Succeeded"]},"metadata":{"operationMetadataId":"6a48530c-6865-4fb7-8677-ea027e8def91"},"type":"OpenApiConnection","inputs":{"host":{"connectionName":"shared_commondataserviceforapps","operationId":"GetItem","apiId":"/providers/Microsoft.PowerApps/apis/shared_commondataserviceforapps"},"parameters":{"entityName":"cr85a_inkomens","recordId":"@triggerBody()?['cr85a_inkomenovgsocuitkering']","$select":"cr85a_observations"},"authentication":"@parameters('$authentication')"}},"Set_variable_11":{"runAfter":{"CreateOrUpdate_Income_4":["Succeeded"]},"metadata":{"operationMetadataId":"a924e78b-057b-4f1a-8b29-78271dfd896f"},"type":"SetVariable","inputs":{"name":"socialADid","value":"@triggerBody()?['cr85a_ovgsocuitkeringid']"}}}},"expression":{"equals":["@triggerBody()?['cr85a_ovgsocuitkeringvoornascheiding']",469280000]},"metadata":{"operationMetadataId":"1ffeab02-9252-426a-a48e-978640a02a99"},"type":"If"}}},"expression":{"equals":["@triggerBody()?['cr85a_ovgsocuitkeringid']",""]},"metadata":{"operationMetadataId":"6e58537d-7e44-49ba-8923-eb9fae7f4ae9"},"type":"If"},"Initialize_variable_2":{"runAfter":{"Initialize_variable":["Succeeded"]},"metadata":{"operationMetadataId":"356957f4-c6a6-4fd7-aec3-e2fc263f5232"},"type":"InitializeVariable","inputs":{"variables":[{"name":"socialADid","type":"string","value":"\"\""}]}},"Create_OK":{"runAfter":{"Condition":["Succeeded"]},"metadata":{"operationMetadataId":"5c416f53-7bf3-471a-b55e-ca13e6c0a73e"},"type":"Response","kind":"Http","inputs":{"statusCode":200,"body":"@variables('socialADid')"}},"Response":{"runAfter":{"Create_OK":["Failed","Skipped","TimedOut"]},"metadata":{"operationMetadataId":"1d5ec7cc-5a38-4092-a9e3-1b0ec2dc68a1"},"type":"Response","kind":"Http","inputs":{"statusCode":400}},"Authentication_+_Authorization":{"runAfter":{},"metadata":{"operationMetadataId":"6156e4da-100d-49f8-9c85-ff72ddde6368"},"type":"OpenApiConnection","inputs":{"host":{"connectionName":"shared_commondataserviceforapps","operationId":"PerformUnboundAction","apiId":"/providers/Microsoft.PowerApps/apis/shared_commondataserviceforapps"},"parameters":{"actionName":"cr85a_AuthenticationAuthorizationProcess","item/PortalAuthToken":"@triggerOutputs()['headers']['portalauthtoken']","item/CalculationId":"@triggerBody()?['cr85a_calculationidref']","item/StepId":"dae2258c-9373-eb11-a812-000d3a22c008,ea21ef13-9473-eb11-a812-000d3a22c008","item/IncomeId":"@triggerBody()?['cr85a_inkomenovgsocuitkering']"},"authentication":"@parameters('$authentication')"}},"Condition_Authentication_+_Authorization":{"actions":{},"runAfter":{"Authentication_+_Authorization":["Succeeded"]},"else":{"actions":{"Response_Authentication_+_Authorization":{"runAfter":{},"metadata":{"operationMetadataId":"a28db4f1-5fe9-4710-810a-7ffbd6894cfd"},"type":"Response","kind":"Http","inputs":{"statusCode":"@outputs('Authentication_+_Authorization')?['body/HttpCode']","body":"@outputs('Authentication_+_Authorization')?['body/ErrorMessage']"}},"Terminate":{"runAfter":{"Response_Authentication_+_Authorization":["Succeeded"]},"metadata":{"operationMetadataId":"1e03b376-ad7f-4fa9-8d49-4003dc2fab7a"},"type":"Terminate","inputs":{"runStatus":"Succeeded"}}}},"expression":{"equals":["@outputs('Authentication_+_Authorization')?['body/AuthResult']","@true"]},"metadata":{"operationMetadataId":"e595db21-018d-4d35-93dc-c14924caaa6e"},"type":"If"}},"outputs":{}}},"schemaVersion":"1.0.0.0"}