{"properties":{"connectionReferences":{"shared_commondataserviceforapps":{"runtimeSource":"embedded","connection":{"connectionReferenceLogicalName":"cr85a_sharedcommondataserviceforapps_c91da"},"api":{"name":"shared_commondataserviceforapps"}}},"definition":{"$schema":"https://schema.management.azure.com/providers/Microsoft.Logic/schemas/2016-06-01/workflowdefinition.json#","contentVersion":"1.0.0.0","parameters":{"$connections":{"defaultValue":{},"type":"Object"},"$authentication":{"defaultValue":{},"type":"SecureObject"}},"triggers":{"manual":{"metadata":{"operationMetadataId":"52aa8d1a-c023-4bc2-8385-c126a5021c73"},"type":"Request","kind":"Http","inputs":{"schema":{"type":"object","properties":{"cr85a_caseid":{"type":"string"},"cr85a_gebruikerid":{"type":"string"},"cr85a_vlgebruiker":{"type":"string"},"cr85a_voorvgebruiker":{"type":"string"},"cr85a_nmgebruiker":{"type":"string"},"cr85a_gebruiker":{"type":"string"},"cr85a_geslachtgebruiker":{"type":["integer","null"]},"cr85a_gebdtgebruiker":{"type":"string"},"cr85a_straatgebruiker":{"type":"string"},"cr85a_huisnummergebruiker":{"type":["integer","null"]},"cr85a_huisnrtoevoeginggebruiker":{"type":"string"},"cr85a_postcodegebruiker":{"type":"string"},"cr85a_woonplaatsgebruiker":{"type":"string"},"cr85a_partnerid":{"type":"string"},"cr85a_vlpartner":{"type":"string"},"cr85a_voorvpartner":{"type":"string"},"cr85a_nmpartner":{"type":"string"},"cr85a_partner":{"type":"string"},"cr85a_geslachtpartner":{"type":["integer","null"]},"cr85a_gebdtpartner":{"type":"string"}}},"method":"POST","relativePath":"CreateUpdatePersonalData"}}},"actions":{"Create_Partner":{"actions":{"Add_a_new_Partner":{"runAfter":{},"metadata":{"operationMetadataId":"1a5b2350-4e8e-4e7e-92a3-7860a2383537"},"type":"OpenApiConnection","inputs":{"host":{"connectionName":"shared_commondataserviceforapps","operationId":"CreateRecord","apiId":"/providers/Microsoft.PowerApps/apis/shared_commondataserviceforapps"},"parameters":{"entityName":"cr85a_partners","item/cr85a_partner":"@triggerBody()?['cr85a_partner']","item/cr85a_gebdtpartner":"@triggerBody()?['cr85a_gebdtpartner']","item/cr85a_geslachtpartner":"@triggerBody()?['cr85a_geslachtpartner']","item/cr85a_vlpartner":"@triggerBody()?['cr85a_vlpartner']","item/cr85a_nmpartner":"@triggerBody()?['cr85a_nmpartner']","item/cr85a_voorvpartner":"@triggerBody()?['cr85a_voorvpartner']"},"authentication":"@parameters('$authentication')"}},"Update_CasePartner":{"runAfter":{"Add_a_new_Partner":["Succeeded"]},"metadata":{"operationMetadataId":"d1c6a210-7111-44ed-9196-a7fb3cc6644d"},"type":"OpenApiConnection","inputs":{"host":{"connectionName":"shared_commondataserviceforapps","operationId":"UpdateRecord","apiId":"/providers/Microsoft.PowerApps/apis/shared_commondataserviceforapps"},"parameters":{"entityName":"cr85a_cases","recordId":"@triggerBody()?['cr85a_caseid']","item/cr85a_CasePartner@odata.bind":"@outputs('Add_a_new_Partner')?['body/@odata.id']"},"authentication":"@parameters('$authentication')"}}},"runAfter":{"Update_User":["Succeeded"]},"else":{"actions":{"Update_a_Partner":{"runAfter":{},"metadata":{"operationMetadataId":"92c506d0-5087-4632-aafc-25e7eee2a11c"},"type":"OpenApiConnection","inputs":{"host":{"connectionName":"shared_commondataserviceforapps","operationId":"UpdateRecord","apiId":"/providers/Microsoft.PowerApps/apis/shared_commondataserviceforapps"},"parameters":{"entityName":"cr85a_partners","recordId":"@triggerBody()?['cr85a_partnerid']","item/cr85a_partner":"@triggerBody()?['cr85a_partner']","item/cr85a_gebdtpartner":"@triggerBody()?['cr85a_gebdtpartner']","item/cr85a_geslachtpartner":"@triggerBody()?['cr85a_geslachtpartner']","item/cr85a_vlpartner":"@triggerBody()?['cr85a_vlpartner']","item/cr85a_nmpartner":"@triggerBody()?['cr85a_nmpartner']","item/cr85a_voorvpartner":"@triggerBody()?['cr85a_voorvpartner']"},"authentication":"@parameters('$authentication')"}}}},"expression":{"equals":["@triggerBody()?['cr85a_partnerid']",""]},"metadata":{"operationMetadataId":"43221319-b36a-4035-bbba-5334ebd4a113"},"type":"If"},"Update_User":{"runAfter":{"Condition_Authentication_+_Authorization":["Succeeded"]},"metadata":{"operationMetadataId":"a4437a3f-7bcb-4557-bb1d-3a347aa82f95"},"type":"OpenApiConnection","inputs":{"host":{"connectionName":"shared_commondataserviceforapps","operationId":"UpdateRecord","apiId":"/providers/Microsoft.PowerApps/apis/shared_commondataserviceforapps"},"parameters":{"entityName":"cr85a_gebruikers","recordId":"@triggerBody()?['cr85a_gebruikerid']","item/cr85a_gebruiker":"@triggerBody()?['cr85a_gebruiker']","item/cr85a_vlgebruiker":"@triggerBody()?['cr85a_vlgebruiker']","item/cr85a_nmgebruiker":"@triggerBody()?['cr85a_nmgebruiker']","item/cr85a_woonplaatsgebruiker":"@triggerBody()?['cr85a_woonplaatsgebruiker']","item/cr85a_gebdtgebruiker":"@triggerBody()?['cr85a_gebdtgebruiker']","item/cr85a_geslachtgebruiker":"@triggerBody()?['cr85a_geslachtgebruiker']","item/cr85a_huisnummergebruiker":"@triggerBody()?['cr85a_huisnummergebruiker']","item/cr85a_huisnrtoevoeginggebruiker":"@triggerBody()?['cr85a_huisnrtoevoeginggebruiker']","item/cr85a_voorvgebruiker":"@triggerBody()?['cr85a_voorvgebruiker']","item/cr85a_straatgebruiker":"@triggerBody()?['cr85a_straatgebruiker']","item/cr85a_postcodegebruiker":"@triggerBody()?['cr85a_postcodegebruiker']"},"authentication":"@parameters('$authentication')"}},"Response_200":{"runAfter":{"Create_Partner":["Succeeded"]},"metadata":{"operationMetadataId":"2811f581-ce72-4f31-968f-a19c023a1751"},"type":"Response","kind":"Http","inputs":{"statusCode":200}},"Response_400":{"runAfter":{"Response_200":["Failed","Skipped","TimedOut"]},"metadata":{"operationMetadataId":"0adcb563-a764-4b24-9c5a-07ab95a0859d"},"type":"Response","kind":"Http","inputs":{"statusCode":400}},"Authentication_+_Authorization":{"runAfter":{},"metadata":{"operationMetadataId":"6156e4da-100d-49f8-9c85-ff72ddde6368"},"type":"OpenApiConnection","inputs":{"host":{"connectionName":"shared_commondataserviceforapps","operationId":"PerformUnboundAction","apiId":"/providers/Microsoft.PowerApps/apis/shared_commondataserviceforapps"},"parameters":{"actionName":"cr85a_AuthenticationAuthorizationProcess","item/PortalAuthToken":"@triggerOutputs()['headers']['portalauthtoken']","item/CalculationId":"@triggerBody()?['cr85a_calculationid']","item/StepId":"4de98ebc-2e72-eb11-a812-000d3a481aa1","item/CaseId":"@triggerBody()?['cr85a_caseid']"},"authentication":"@parameters('$authentication')"}},"Condition_Authentication_+_Authorization":{"actions":{},"runAfter":{"Authentication_+_Authorization":["Succeeded"]},"else":{"actions":{"Response_Authentication_+_Authorization":{"runAfter":{},"metadata":{"operationMetadataId":"a28db4f1-5fe9-4710-810a-7ffbd6894cfd"},"type":"Response","kind":"Http","inputs":{"statusCode":"@outputs('Authentication_+_Authorization')?['body/HttpCode']","body":"@outputs('Authentication_+_Authorization')?['body/ErrorMessage']"}},"Terminate":{"runAfter":{"Response_Authentication_+_Authorization":["Succeeded"]},"metadata":{"operationMetadataId":"1e03b376-ad7f-4fa9-8d49-4003dc2fab7a"},"type":"Terminate","inputs":{"runStatus":"Succeeded"}}}},"expression":{"equals":["@outputs('Authentication_+_Authorization')?['body/AuthResult']","@true"]},"metadata":{"operationMetadataId":"e595db21-018d-4d35-93dc-c14924caaa6e"},"type":"If"}},"outputs":{}}},"schemaVersion":"1.0.0.0"}