{"properties":{"connectionReferences":{"shared_commondataserviceforapps":{"runtimeSource":"embedded","connection":{"connectionReferenceLogicalName":"new_sharedcommondataserviceforapps_43e52"},"api":{"name":"shared_commondataserviceforapps"}},"shared_commondataserviceforapps_1":{"runtimeSource":"embedded","connection":{"connectionReferenceLogicalName":"new_sharedcommondataserviceforapps_43e52"},"api":{"name":"shared_commondataserviceforapps"}},"shared_office365":{"runtimeSource":"embedded","connection":{"connectionReferenceLogicalName":"cr85a_sharedoffice365_0d75f"},"api":{"name":"shared_office365"}}},"definition":{"$schema":"https://schema.management.azure.com/providers/Microsoft.Logic/schemas/2016-06-01/workflowdefinition.json#","contentVersion":"1.0.0.0","parameters":{"$connections":{"defaultValue":{},"type":"Object"},"$authentication":{"defaultValue":{},"type":"SecureObject"}},"triggers":{"manual":{"metadata":{"operationMetadataId":"c8e82b58-afa0-450c-bf55-3856fe7c6644"},"type":"Request","kind":"Http","inputs":{"schema":{"type":"object","properties":{"cr85a_authorizationsid":{"type":"string"},"emailTo":{"type":"string"}}},"method":"POST","relativePath":"deleteAuthorizations"}}},"actions":{"Response_Ok":{"runAfter":{"Send_email":["Succeeded"]},"metadata":{"operationMetadataId":"7fa919f8-c75d-4c70-b680-a2f1551c3bfc"},"type":"Response","kind":"Http","inputs":{"statusCode":200}},"Response_Fail":{"runAfter":{"Response_Ok":["Failed","Skipped","TimedOut"]},"metadata":{"operationMetadataId":"8e8d572e-129f-48c0-b403-e42151cdf2bf"},"type":"Response","kind":"Http","inputs":{"statusCode":400}},"Get_AuthorizationDetails":{"runAfter":{},"metadata":{"operationMetadataId":"0817a36e-6251-4a94-9778-b4878a714537"},"type":"OpenApiConnection","inputs":{"host":{"connectionName":"shared_commondataserviceforapps","operationId":"GetItem","apiId":"/providers/Microsoft.PowerApps/apis/shared_commondataserviceforapps"},"parameters":{"entityName":"cr85a_authorizationses","recordId":"@triggerBody()?['cr85a_authorizationsid']"},"authentication":"@parameters('$authentication')"}},"List_Contact_Names_for_email":{"runAfter":{"Update_a_row":["Succeeded"]},"metadata":{"operationMetadataId":"e3aadca9-dfeb-4959-bab1-7d9848fc194a"},"type":"OpenApiConnection","inputs":{"host":{"connectionName":"shared_commondataserviceforapps_1","operationId":"ListRecords","apiId":"/providers/Microsoft.PowerApps/apis/shared_commondataserviceforapps"},"parameters":{"entityName":"contacts","$select":"contactid,firstname,lastname,middlename","$filter":"(_cr85a_dossierref_value eq @{outputs('Get_AuthorizationDetails')?['body/_cr85a_dossierref_value']})"},"authentication":"@parameters('$authentication')"}},"Send_email":{"foreach":"@outputs('List_Contact_Names_for_email')?['body/value']","actions":{"Send_an_email_from_a_shared_mailbox_(V2)":{"runAfter":{},"metadata":{"operationMetadataId":"c48d602f-ee11-4499-b6ee-2336dcd400dc"},"type":"OpenApiConnection","inputs":{"host":{"connectionName":"shared_office365","operationId":"SharedMailboxSendEmailV2","apiId":"/providers/Microsoft.PowerApps/apis/shared_office365"},"parameters":{"emailMessage/MailboxAddress":"@first(outputs('Get_SiteSetting_Email')?['body/value'])?.adx_value","emailMessage/To":"@triggerBody()?['emailTo']","emailMessage/Subject":"Melding ingetrokken Machtiging op dossier bij Berekenjescheiding.nl","emailMessage/Body":"<p>Hallo,<br>\n<br>\nJe machtiging op het dossier van @{items('Send_email')?['middlename']} @{items('Send_email')?['firstname']} @{items('Send_email')?['lastname']} bij Berekenjescheiding.nl is ingetrokken.<br>\n<br>\nJe hebt geen toegang meer tot dit dossier.<br>\n<br>\nMet vriendelijke groet,<br>\n<br>\nTeam Berekenjescheiding.nl<br>\n<br>\n<em>Deze mail is automatisch gegenereerd. Je kunt op deze mail niet reageren, je bericht wordt niet gelezen.</em></p>"},"authentication":"@parameters('$authentication')"}}},"runAfter":{"Get_SiteSetting_Email":["Succeeded"]},"metadata":{"operationMetadataId":"880a8480-2b21-40cf-a887-3bbabb870141"},"type":"Foreach"},"Update_a_row":{"runAfter":{"Get_AuthorizationDetails":["Succeeded"]},"metadata":{"operationMetadataId":"a087e29a-50c2-4eb7-9e99-3d2f49b3d7e7"},"type":"OpenApiConnection","inputs":{"host":{"connectionName":"shared_commondataserviceforapps","operationId":"UpdateRecord","apiId":"/providers/Microsoft.PowerApps/apis/shared_commondataserviceforapps"},"parameters":{"entityName":"cr85a_authorizationses","recordId":"@triggerBody()?['cr85a_authorizationsid']","item/cr85a_statusaut":469280003},"authentication":"@parameters('$authentication')"}},"Get_SiteSetting_Email":{"runAfter":{"List_Contact_Names_for_email":["Succeeded"]},"metadata":{"operationMetadataId":"134c00c6-19f7-4f99-9c43-f82b3a42fbb7"},"type":"OpenApiConnection","inputs":{"host":{"connectionName":"shared_commondataserviceforapps","operationId":"ListRecords","apiId":"/providers/Microsoft.PowerApps/apis/shared_commondataserviceforapps"},"parameters":{"entityName":"adx_sitesettings","$select":"adx_value","$filter":"(adx_name eq 'DivorceExpertEmailAddress')","$top":1},"authentication":"@parameters('$authentication')"}}}}},"schemaVersion":"1.0.0.0"}