{"properties":{"connectionReferences":{"shared_commondataserviceforapps":{"runtimeSource":"embedded","connection":{"connectionReferenceLogicalName":"new_sharedcommondataserviceforapps_4c7c4"},"api":{"name":"shared_commondataserviceforapps"}},"shared_azureblob":{"runtimeSource":"embedded","connection":{"connectionReferenceLogicalName":"cr85a_sharedazureblob_453a8"},"api":{"name":"shared_azureblob"}}},"definition":{"$schema":"https://schema.management.azure.com/providers/Microsoft.Logic/schemas/2016-06-01/workflowdefinition.json#","contentVersion":"1.0.0.0","parameters":{"$connections":{"defaultValue":{},"type":"Object"},"$authentication":{"defaultValue":{},"type":"SecureObject"}},"triggers":{"manual":{"metadata":{"operationMetadataId":"6d69959f-af79-4f6b-941f-2280221072f6"},"type":"Request","kind":"Http","inputs":{"schema":{"type":"object","properties":{"calcAttachmentId":{"type":"string"}}},"method":"POST","relativePath":"DeleteDocument"}}},"actions":{"Get_a_Attachment_by_ID":{"runAfter":{},"metadata":{"operationMetadataId":"c67c8fc8-636d-49c5-8098-40511d6cab30"},"type":"OpenApiConnection","inputs":{"host":{"connectionName":"shared_commondataserviceforapps","operationId":"GetItem","apiId":"/providers/Microsoft.PowerApps/apis/shared_commondataserviceforapps"},"parameters":{"entityName":"cr85a_calculationattachments","recordId":"@triggerBody()?['calcAttachmentId']"},"authentication":"@parameters('$authentication')"}},"Delete_blob":{"runAfter":{"Get_a_Attachment_by_ID":["Succeeded"]},"metadata":{"operationMetadataId":"9c2135bf-67e3-47f9-890b-d4fae7218701"},"type":"OpenApiConnection","inputs":{"host":{"connectionName":"shared_azureblob","operationId":"DeleteFile","apiId":"/providers/Microsoft.PowerApps/apis/shared_azureblob"},"parameters":{"id":"portal/calculationAttachments/@{triggerBody()?['calcAttachmentId']}/@{outputs('Get_a_Attachment_by_ID')?['body/cr85a_filename']}"},"authentication":"@parameters('$authentication')"}},"Response":{"runAfter":{"Delete_Attachment":["Succeeded"]},"metadata":{"operationMetadataId":"c6a6e888-f5b6-49ea-abf7-03fd5c7d7540"},"type":"Response","kind":"Http","inputs":{"statusCode":200}},"Delete_Attachment":{"runAfter":{"Delete_blob":["Succeeded"]},"metadata":{"operationMetadataId":"e065f3f0-123e-48d8-923a-bc12fb271718"},"type":"OpenApiConnection","inputs":{"host":{"connectionName":"shared_commondataserviceforapps","operationId":"DeleteRecord","apiId":"/providers/Microsoft.PowerApps/apis/shared_commondataserviceforapps"},"parameters":{"entityName":"cr85a_calculationattachments","recordId":"@triggerBody()?['calcAttachmentId']"},"authentication":"@parameters('$authentication')"}}}}},"schemaVersion":"1.0.0.0"}