{"properties":{"connectionReferences":{"shared_commondataserviceforapps_1":{"runtimeSource":"embedded","connection":{"connectionReferenceLogicalName":"cr85a_sharedcommondataserviceforapps_c91da"},"api":{"name":"shared_commondataserviceforapps"}},"shared_commondataserviceforapps_2":{"runtimeSource":"embedded","connection":{"connectionReferenceLogicalName":"cr85a_sharedcommondataserviceforapps_3db8e"},"api":{"name":"shared_commondataserviceforapps"}},"shared_commondataserviceforapps":{"runtimeSource":"embedded","connection":{"connectionReferenceLogicalName":"cr85a_sharedcommondataserviceforapps_c91da"},"api":{"name":"shared_commondataserviceforapps"}}},"definition":{"$schema":"https://schema.management.azure.com/providers/Microsoft.Logic/schemas/2016-06-01/workflowdefinition.json#","contentVersion":"1.0.0.0","parameters":{"$connections":{"defaultValue":{},"type":"Object"},"$authentication":{"defaultValue":{},"type":"SecureObject"}},"triggers":{"manual":{"metadata":{"operationMetadataId":"f17d12b7-d3ff-4bd2-a077-e324c2169a27"},"type":"Request","kind":"Http","inputs":{"schema":{"type":"object","properties":{"cr85a_inkomenid":{"type":"string"},"cr85a_inkomentype":{"type":"integer"},"voornascheiding":{"type":"integer"},"salaryId":{"type":"string"},"pensionId":{"type":"string"},"allowanceId":{"type":"string"},"incomeAssetId":{"type":"string"},"modifiedbycontact":{"type":"string"},"cr85a_calculationid":{"type":"string"}}},"method":"POST","relativePath":"deleteIncomeRef"}}},"actions":{"Response_Ok":{"runAfter":{"Switch":["Succeeded"]},"metadata":{"operationMetadataId":"88eea7eb-e190-478a-8e90-1aaa6613bcc3"},"type":"Response","kind":"Http","inputs":{"statusCode":200}},"Response_Fail":{"runAfter":{"Response_Ok":["Failed","Skipped","TimedOut"]},"metadata":{"operationMetadataId":"ee6f8a21-2e32-41d4-9861-3604c8f6d299"},"type":"Response","kind":"Http","inputs":{"statusCode":400}},"Switch":{"runAfter":{"Get_Income_Row":["Succeeded"]},"cases":{"Salary":{"case":469280000,"actions":{"Before_divorce_or_no_salary_record":{"actions":{"Delete_Salary_Income":{"runAfter":{},"type":"OpenApiConnection","inputs":{"host":{"connectionName":"shared_commondataserviceforapps_1","operationId":"DeleteRecord","apiId":"/providers/Microsoft.PowerApps/apis/shared_commondataserviceforapps"},"parameters":{"entityName":"cr85a_inkomens","recordId":"@triggerBody()?['cr85a_inkomenid']"},"authentication":"@parameters('$authentication')"}},"Rebuild_Salary_Income_Index":{"runAfter":{"Delete_Salary_Income":["Succeeded"]},"type":"Workflow","inputs":{"host":{"workflowReferenceName":"c4299c5a-fb9e-eb11-b1ac-000d3a4cd643"},"body":{"calculationId":"@outputs('Get_Income_Row')?['body/_cr85a_calculationidref_value']","gebruikerId":"@if(equals(outputs('Get_Income_Row')?['body/_cr85a_inkomengebruiker_value'], null), '00000000-0000-0000-0000-000000000000', outputs('Get_Income_Row')?['body/_cr85a_inkomengebruiker_value'])","partnerId":"@if(equals(outputs('Get_Income_Row')?['body/_cr85a_inkomenpartner_value'], null), '', outputs('Get_Income_Row')?['body/_cr85a_inkomenpartner_value'])","incomeTypeId":"@triggerBody()?['cr85a_inkomentype']","incomeTypeName":"Salary"}}}},"runAfter":{"Get_Remaining__Salary_record":["Succeeded"]},"expression":{"or":[{"equals":["@triggerBody()?['voornascheiding']",469280000]},{"equals":["@length(outputs('Get_Remaining__Salary_record')?['body/value'])",0]}]},"type":"If"},"Get_Remaining__Salary_record":{"runAfter":{"Delete_Salary":["Succeeded"]},"type":"OpenApiConnection","inputs":{"host":{"connectionName":"shared_commondataserviceforapps_2","operationId":"ListRecords","apiId":"/providers/Microsoft.PowerApps/apis/shared_commondataserviceforapps"},"parameters":{"entityName":"cr85a_inkomenarbeids","$filter":"_cr85a_inkomenuitarbeidref_value eq @{triggerBody()?['cr85a_inkomenid']}"},"authentication":"@parameters('$authentication')"}},"Update_a_Salary":{"runAfter":{},"type":"OpenApiConnection","inputs":{"host":{"connectionName":"shared_commondataserviceforapps","operationId":"UpdateRecord","apiId":"/providers/Microsoft.PowerApps/apis/shared_commondataserviceforapps"},"parameters":{"entityName":"cr85a_inkomenarbeids","recordId":"@triggerBody()?['salaryId']","item/cr85a_ModifiedByContact@odata.bind":"contacts(@{triggerBody()?['modifiedbycontact']})"},"authentication":"@parameters('$authentication')"}},"Delete_Salary":{"runAfter":{"Update_a_Salary":["Succeeded"]},"type":"OpenApiConnection","inputs":{"host":{"connectionName":"shared_commondataserviceforapps","operationId":"DeleteRecord","apiId":"/providers/Microsoft.PowerApps/apis/shared_commondataserviceforapps"},"parameters":{"entityName":"cr85a_inkomenarbeids","recordId":"@triggerBody()?['salaryId']"},"authentication":"@parameters('$authentication')"}}}},"Pension":{"case":469280001,"actions":{"Before_divorce_or_no_pension_record":{"actions":{"Delete_Pension_Income":{"runAfter":{},"type":"OpenApiConnection","inputs":{"host":{"connectionName":"shared_commondataserviceforapps_1","operationId":"DeleteRecord","apiId":"/providers/Microsoft.PowerApps/apis/shared_commondataserviceforapps"},"parameters":{"entityName":"cr85a_inkomens","recordId":"@triggerBody()?['cr85a_inkomenid']"},"authentication":"@parameters('$authentication')"}},"Rebuild_Pension_Income_Index":{"runAfter":{"Delete_Pension_Income":["Succeeded"]},"type":"Workflow","inputs":{"host":{"workflowReferenceName":"c4299c5a-fb9e-eb11-b1ac-000d3a4cd643"},"body":{"calculationId":"@outputs('Get_Income_Row')?['body/_cr85a_calculationidref_value']","gebruikerId":"@if(equals(outputs('Get_Income_Row')?['body/_cr85a_inkomengebruiker_value'], null), '00000000-0000-0000-0000-000000000000', outputs('Get_Income_Row')?['body/_cr85a_inkomengebruiker_value'])","partnerId":"@if(equals(outputs('Get_Income_Row')?['body/_cr85a_inkomenpartner_value'], null), '', outputs('Get_Income_Row')?['body/_cr85a_inkomenpartner_value'])","incomeTypeId":"@triggerBody()?['cr85a_inkomentype']","incomeTypeName":"Pension"}}}},"runAfter":{"Get_Remaining_Pension_record":["Succeeded"]},"expression":{"or":[{"equals":["@triggerBody()?['voornascheiding']",469280000]},{"equals":["@length(outputs('Get_Remaining_Pension_record')?['body/value'])",0]}]},"type":"If"},"Get_Remaining_Pension_record":{"runAfter":{"Delete_Pension":["Succeeded"]},"type":"OpenApiConnection","inputs":{"host":{"connectionName":"shared_commondataserviceforapps_2","operationId":"ListRecords","apiId":"/providers/Microsoft.PowerApps/apis/shared_commondataserviceforapps"},"parameters":{"entityName":"cr85a_pensioenuitkerings","$filter":"_cr85a_inkomenpensioenuitk_value eq @{triggerBody()?['cr85a_inkomenid']}"},"authentication":"@parameters('$authentication')"}},"Update_a_Pension":{"runAfter":{},"type":"OpenApiConnection","inputs":{"host":{"connectionName":"shared_commondataserviceforapps","operationId":"UpdateRecord","apiId":"/providers/Microsoft.PowerApps/apis/shared_commondataserviceforapps"},"parameters":{"entityName":"cr85a_pensioenuitkerings","recordId":"@triggerBody()?['pensionId']","item/cr85a_ModifiedByContact@odata.bind":"contacts(@{triggerBody()?['modifiedbycontact']})"},"authentication":"@parameters('$authentication')"}},"Delete_Pension":{"runAfter":{"Update_a_Pension":["Succeeded"]},"type":"OpenApiConnection","inputs":{"host":{"connectionName":"shared_commondataserviceforapps","operationId":"DeleteRecord","apiId":"/providers/Microsoft.PowerApps/apis/shared_commondataserviceforapps"},"parameters":{"entityName":"cr85a_pensioenuitkerings","recordId":"@triggerBody()?['pensionId']"},"authentication":"@parameters('$authentication')"}}}},"Social_Allowance":{"case":469280004,"actions":{"Condition":{"actions":{"Delete_Social_Allowance_Income":{"runAfter":{},"type":"OpenApiConnection","inputs":{"host":{"connectionName":"shared_commondataserviceforapps_1","operationId":"DeleteRecord","apiId":"/providers/Microsoft.PowerApps/apis/shared_commondataserviceforapps"},"parameters":{"entityName":"cr85a_inkomens","recordId":"@triggerBody()?['cr85a_inkomenid']"},"authentication":"@parameters('$authentication')"}},"Rebuild_Social_Allowance_Index":{"runAfter":{"Delete_Social_Allowance_Income":["Succeeded"]},"type":"Workflow","inputs":{"host":{"workflowReferenceName":"c4299c5a-fb9e-eb11-b1ac-000d3a4cd643"},"body":{"calculationId":"@outputs('Get_Income_Row')?['body/_cr85a_calculationidref_value']","gebruikerId":"@if(equals(outputs('Get_Income_Row')?['body/_cr85a_inkomengebruiker_value'], null), '00000000-0000-0000-0000-000000000000', outputs('Get_Income_Row')?['body/_cr85a_inkomengebruiker_value'])","partnerId":"@if(equals(outputs('Get_Income_Row')?['body/_cr85a_inkomenpartner_value'], null), '', outputs('Get_Income_Row')?['body/_cr85a_inkomenpartner_value'])","incomeTypeId":"@triggerBody()?['cr85a_inkomentype']","incomeTypeName":"Social Allowance"}}}},"runAfter":{"Get_Remaining_Social_Allowance_record":["Succeeded"]},"expression":{"or":[{"equals":["@triggerBody()?['voornascheiding']",469280000]},{"equals":["@length(outputs('Get_Remaining_Social_Allowance_record')?['body/value'])",0]}]},"type":"If"},"Get_Remaining_Social_Allowance_record":{"runAfter":{"Delete_Social_Allowance":["Succeeded"]},"type":"OpenApiConnection","inputs":{"host":{"connectionName":"shared_commondataserviceforapps_2","operationId":"ListRecords","apiId":"/providers/Microsoft.PowerApps/apis/shared_commondataserviceforapps"},"parameters":{"entityName":"cr85a_ovgsocuitkerings","$filter":"_cr85a_inkomenovgsocuitkering_value eq @{triggerBody()?['cr85a_inkomenid']}"},"authentication":"@parameters('$authentication')"}},"Update_Social_Allowance":{"runAfter":{},"type":"OpenApiConnection","inputs":{"host":{"connectionName":"shared_commondataserviceforapps","operationId":"UpdateRecord","apiId":"/providers/Microsoft.PowerApps/apis/shared_commondataserviceforapps"},"parameters":{"entityName":"cr85a_ovgsocuitkerings","recordId":"@triggerBody()?['allowanceId']","item/cr85a_ModifiedByContact@odata.bind":"contacts(@{triggerBody()?['modifiedbycontact']})"},"authentication":"@parameters('$authentication')"}},"Delete_Social_Allowance":{"runAfter":{"Update_Social_Allowance":["Succeeded"]},"type":"OpenApiConnection","inputs":{"host":{"connectionName":"shared_commondataserviceforapps","operationId":"DeleteRecord","apiId":"/providers/Microsoft.PowerApps/apis/shared_commondataserviceforapps"},"parameters":{"entityName":"cr85a_ovgsocuitkerings","recordId":"@triggerBody()?['allowanceId']"},"authentication":"@parameters('$authentication')"}}}},"Assets_(IncomeBox3)":{"case":469280003,"actions":{"Run_a_Child_Flow":{"runAfter":{"Apply_to_each":["Succeeded"]},"type":"Workflow","inputs":{"host":{"workflowReferenceName":"c4299c5a-fb9e-eb11-b1ac-000d3a4cd643"},"body":{"calculationId":"@outputs('Get_Income_Row')?['body/_cr85a_calculationidref_value']","gebruikerId":"@if(equals(outputs('Get_Income_Row')?['body/_cr85a_inkomengebruiker_value'], null), '00000000-0000-0000-0000-000000000000', outputs('Get_Income_Row')?['body/_cr85a_inkomengebruiker_value'])","partnerId":"@if(equals(outputs('Get_Income_Row')?['body/_cr85a_inkomenpartner_value'], null), '', outputs('Get_Income_Row')?['body/_cr85a_inkomenpartner_value'])","incomeTypeId":"@triggerBody()?['cr85a_inkomentype']","incomeTypeName":"Asset Box"}}},"List_rows":{"runAfter":{"Delete_Asset_Box3":["Succeeded"]},"type":"OpenApiConnection","inputs":{"host":{"connectionName":"shared_commondataserviceforapps","operationId":"ListRecords","apiId":"/providers/Microsoft.PowerApps/apis/shared_commondataserviceforapps"},"parameters":{"entityName":"cr85a_inkomens","$filter":"(_cr85a_calculationidref_value eq @{outputs('Get_Income_Row')?['body/_cr85a_calculationidref_value']} and cr85a_inkomenbox3jn eq true)"},"authentication":"@parameters('$authentication')"}},"Apply_to_each":{"foreach":"@outputs('List_rows')?['body/value']","actions":{"Delete_a_row":{"runAfter":{},"type":"OpenApiConnection","inputs":{"host":{"connectionName":"shared_commondataserviceforapps","operationId":"DeleteRecord","apiId":"/providers/Microsoft.PowerApps/apis/shared_commondataserviceforapps"},"parameters":{"entityName":"cr85a_inkomens","recordId":"@items('Apply_to_each')?['cr85a_inkomenid']"},"authentication":"@parameters('$authentication')"}}},"runAfter":{"List_rows":["Succeeded"]},"type":"Foreach"},"Update_Asset_Box3":{"runAfter":{},"type":"OpenApiConnection","inputs":{"host":{"connectionName":"shared_commondataserviceforapps","operationId":"UpdateRecord","apiId":"/providers/Microsoft.PowerApps/apis/shared_commondataserviceforapps"},"parameters":{"entityName":"cr85a_inkomenvermogenbox3s","recordId":"@triggerBody()?['incomeAssetId']","item/cr85a_ModifiedByContact@odata.bind":"contacts(@{triggerBody()?['modifiedbycontact']})"},"authentication":"@parameters('$authentication')"}},"Delete_Asset_Box3":{"runAfter":{"Update_Asset_Box3":["Succeeded"]},"type":"OpenApiConnection","inputs":{"host":{"connectionName":"shared_commondataserviceforapps","operationId":"DeleteRecord","apiId":"/providers/Microsoft.PowerApps/apis/shared_commondataserviceforapps"},"parameters":{"entityName":"cr85a_inkomenvermogenbox3s","recordId":"@triggerBody()?['incomeAssetId']"},"authentication":"@parameters('$authentication')"}}}}},"default":{"actions":{"Response":{"runAfter":{},"type":"Response","kind":"Http","inputs":{"statusCode":400}}}},"expression":"@triggerBody()?['cr85a_inkomentype']","metadata":{"operationMetadataId":"9fb58fe6-48d8-4bd2-aef6-eb8eac4094e2"},"type":"Switch"},"Get_Income_Row":{"runAfter":{"Condition_Authentication_+_Authorization":["Succeeded"]},"metadata":{"operationMetadataId":"bfbec054-9916-4aa8-8937-f40981a57fb4"},"type":"OpenApiConnection","inputs":{"host":{"connectionName":"shared_commondataserviceforapps_1","operationId":"GetItem","apiId":"/providers/Microsoft.PowerApps/apis/shared_commondataserviceforapps"},"parameters":{"entityName":"cr85a_inkomens","recordId":"@triggerBody()?['cr85a_inkomenid']"},"authentication":"@parameters('$authentication')"}},"Authentication_+_Authorization":{"runAfter":{},"metadata":{"operationMetadataId":"6156e4da-100d-49f8-9c85-ff72ddde6368"},"type":"OpenApiConnection","inputs":{"host":{"connectionName":"shared_commondataserviceforapps","operationId":"PerformUnboundAction","apiId":"/providers/Microsoft.PowerApps/apis/shared_commondataserviceforapps"},"parameters":{"actionName":"cr85a_AuthenticationAuthorizationProcess","item/PortalAuthToken":"@triggerOutputs()['headers']['portalauthtoken']","item/CalculationId":"@triggerBody()?['cr85a_calculationid']","item/StepId":"dae2258c-9373-eb11-a812-000d3a22c008,ea21ef13-9473-eb11-a812-000d3a22c008","item/IncomeId":"@triggerBody()?['cr85a_inkomenid']"},"authentication":"@parameters('$authentication')"}},"Condition_Authentication_+_Authorization":{"actions":{},"runAfter":{"Authentication_+_Authorization":["Succeeded"]},"else":{"actions":{"Response_Authentication_+_Authorization":{"runAfter":{},"metadata":{"operationMetadataId":"a28db4f1-5fe9-4710-810a-7ffbd6894cfd"},"type":"Response","kind":"Http","inputs":{"statusCode":"@outputs('Authentication_+_Authorization')?['body/HttpCode']","body":"@outputs('Authentication_+_Authorization')?['body/ErrorMessage']"}},"Terminate":{"runAfter":{"Response_Authentication_+_Authorization":["Succeeded"]},"metadata":{"operationMetadataId":"1e03b376-ad7f-4fa9-8d49-4003dc2fab7a"},"type":"Terminate","inputs":{"runStatus":"Succeeded"}}}},"expression":{"equals":["@outputs('Authentication_+_Authorization')?['body/AuthResult']","@true"]},"metadata":{"operationMetadataId":"e595db21-018d-4d35-93dc-c14924caaa6e"},"type":"If"}},"outputs":{}}},"schemaVersion":"1.0.0.0"}