{"properties":{"connectionReferences":{"shared_commondataserviceforapps":{"runtimeSource":"embedded","connection":{"connectionReferenceLogicalName":"cr85a_sharedcommondataserviceforapps_472b0"},"api":{"name":"shared_commondataserviceforapps"}}},"definition":{"$schema":"https://schema.management.azure.com/providers/Microsoft.Logic/schemas/2016-06-01/workflowdefinition.json#","contentVersion":"1.0.0.0","parameters":{"$connections":{"defaultValue":{},"type":"Object"},"$authentication":{"defaultValue":{},"type":"SecureObject"}},"triggers":{"manual":{"metadata":{"operationMetadataId":"e046d5cc-eeea-43b7-b849-746b479e7897"},"type":"Request","kind":"Http","inputs":{"schema":{"type":"object","properties":{"deleteFlag":{"type":"string"},"cr85a_calculationid":{"type":"string"},"cr85a_kindid":{"type":"string"},"modifiedbycontact":{"type":"string"},"cr85a_relatieid":{"type":"string"}}},"method":"POST","relativePath":"deleteChild"}}},"actions":{"Response_OK":{"runAfter":{"Is_Delete_All":["Succeeded"]},"metadata":{"operationMetadataId":"9c9a0c40-73c4-4685-ad3a-2ec0a859652f"},"type":"Response","kind":"Http","inputs":{"statusCode":200}},"Response_Fail":{"runAfter":{"Response_OK":["Failed","Skipped","TimedOut"]},"metadata":{"operationMetadataId":"523d6c14-34c3-493e-a44a-815f9466bf68"},"type":"Response","kind":"Http","inputs":{"statusCode":400}},"Is_Delete_All":{"actions":{"List_Child_of_a_Relation":{"runAfter":{},"metadata":{"operationMetadataId":"e43802cd-edd6-47c0-8a4a-c267ea45eb74"},"type":"OpenApiConnection","inputs":{"host":{"connectionName":"shared_commondataserviceforapps","operationId":"ListRecords","apiId":"/providers/Microsoft.PowerApps/apis/shared_commondataserviceforapps"},"parameters":{"entityName":"cr85a_kinds","$select":"cr85a_kindid","$filter":"(_cr85a_relatiekind_value eq @{triggerBody()?['cr85a_relatieid']})"},"authentication":"@parameters('$authentication')"}},"Apply_to_each":{"foreach":"@outputs('List_Child_of_a_Relation')?['body/value']","actions":{"Delete_a_row":{"runAfter":{},"metadata":{"operationMetadataId":"92793b0f-35e9-4d25-a949-c1257afbcd99"},"type":"OpenApiConnection","inputs":{"host":{"connectionName":"shared_commondataserviceforapps","operationId":"DeleteRecord","apiId":"/providers/Microsoft.PowerApps/apis/shared_commondataserviceforapps"},"parameters":{"entityName":"cr85a_kinds","recordId":"@items('Apply_to_each')?['cr85a_kindid']"},"authentication":"@parameters('$authentication')"}}},"runAfter":{"List_Child_of_a_Relation":["Succeeded"]},"metadata":{"operationMetadataId":"ace17997-be96-4a5a-a117-73f2fb14f4a8"},"type":"Foreach"}},"runAfter":{"Condition_Authentication_+_Authorization":["Succeeded"]},"else":{"actions":{"Update_a_row":{"runAfter":{},"metadata":{"operationMetadataId":"70cb347a-9cd5-415a-bedb-96e233d9c4e8"},"type":"OpenApiConnection","inputs":{"host":{"connectionName":"shared_commondataserviceforapps","operationId":"UpdateRecord","apiId":"/providers/Microsoft.PowerApps/apis/shared_commondataserviceforapps"},"parameters":{"entityName":"cr85a_kinds","recordId":"@triggerBody()?['cr85a_kindid']","item/cr85a_ModifiedbyContact@odata.bind":"contacts(@{triggerBody()?['modifiedbycontact']})"},"authentication":"@parameters('$authentication')"}},"Delete_a_Child_2":{"runAfter":{"Update_a_row":["Succeeded"]},"metadata":{"operationMetadataId":"b7e75f83-963c-4692-8a11-e0e12ed3c515"},"type":"OpenApiConnection","inputs":{"host":{"connectionName":"shared_commondataserviceforapps","operationId":"DeleteRecord","apiId":"/providers/Microsoft.PowerApps/apis/shared_commondataserviceforapps"},"parameters":{"entityName":"cr85a_kinds","recordId":"@triggerBody()?['cr85a_kindid']"},"authentication":"@parameters('$authentication')"}}}},"expression":{"equals":["@triggerBody()?['deleteFlag']","deleteAll"]},"metadata":{"operationMetadataId":"1215ebee-40d6-4cab-8722-7462b3afc434"},"type":"If"},"Authentication_+_Authorization":{"runAfter":{},"metadata":{"operationMetadataId":"6156e4da-100d-49f8-9c85-ff72ddde6368"},"type":"OpenApiConnection","inputs":{"host":{"connectionName":"shared_commondataserviceforapps","operationId":"PerformUnboundAction","apiId":"/providers/Microsoft.PowerApps/apis/shared_commondataserviceforapps"},"parameters":{"actionName":"cr85a_AuthenticationAuthorizationProcess","item/PortalAuthToken":"@triggerOutputs()['headers']['portalauthtoken']","item/CalculationId":"@triggerBody()?['cr85a_calculationid']","item/StepId":"6716fd0f-2f72-eb11-a812-000d3a481aa1","item/ChildId":"@triggerBody()?['cr85a_kindid']"},"authentication":"@parameters('$authentication')"}},"Condition_Authentication_+_Authorization":{"actions":{},"runAfter":{"Authentication_+_Authorization":["Succeeded"]},"else":{"actions":{"Response_Authentication_+_Authorization":{"runAfter":{},"metadata":{"operationMetadataId":"a28db4f1-5fe9-4710-810a-7ffbd6894cfd"},"type":"Response","kind":"Http","inputs":{"statusCode":"@outputs('Authentication_+_Authorization')?['body/HttpCode']","body":"@outputs('Authentication_+_Authorization')?['body/ErrorMessage']"}},"Terminate":{"runAfter":{"Response_Authentication_+_Authorization":["Succeeded"]},"metadata":{"operationMetadataId":"1e03b376-ad7f-4fa9-8d49-4003dc2fab7a"},"type":"Terminate","inputs":{"runStatus":"Succeeded"}}}},"expression":{"equals":["@outputs('Authentication_+_Authorization')?['body/AuthResult']","@true"]},"metadata":{"operationMetadataId":"e595db21-018d-4d35-93dc-c14924caaa6e"},"type":"If"}},"outputs":{}}},"schemaVersion":"1.0.0.0"}