{"properties":{"connectionReferences":{"shared_commondataserviceforapps":{"runtimeSource":"embedded","connection":{"connectionReferenceLogicalName":"new_sharedcommondataserviceforapps_43e52"},"api":{"name":"shared_commondataserviceforapps"}},"shared_commondataserviceforapps_1":{"runtimeSource":"embedded","connection":{"connectionReferenceLogicalName":"new_sharedcommondataserviceforapps_43e52"},"api":{"name":"shared_commondataserviceforapps"}}},"definition":{"$schema":"https://schema.management.azure.com/providers/Microsoft.Logic/schemas/2016-06-01/workflowdefinition.json#","contentVersion":"1.0.0.0","parameters":{"$connections":{"defaultValue":{},"type":"Object"},"$authentication":{"defaultValue":{},"type":"SecureObject"}},"triggers":{"manual":{"metadata":{"operationMetadataId":"d564f7d6-b875-4722-9e33-e0a2b19d2820"},"type":"Request","kind":"Http","inputs":{"schema":{"type":"object","properties":{"cr85a_calculationid":{"type":"string"},"assetid":{"type":"string"},"mortgageid":{"type":"string"},"cr85a_relatieid":{"type":"string"},"source":{"type":"string"}}},"method":"POST","relativePath":"deleteMortgage"}}},"actions":{"Delete_a_row":{"runAfter":{"Condition_Authentication_+_Authorization":["Succeeded"]},"metadata":{"operationMetadataId":"c984d6f5-9b3a-441b-a535-96fe7154180f"},"type":"OpenApiConnection","inputs":{"host":{"connectionName":"shared_commondataserviceforapps","operationId":"DeleteRecord","apiId":"/providers/Microsoft.PowerApps/apis/shared_commondataserviceforapps"},"parameters":{"entityName":"cr85a_vermogenscomponents","recordId":"@triggerBody()?['assetid']"},"authentication":"@parameters('$authentication')"}},"Delete_a_row_":{"runAfter":{"Delete_a_row":["Succeeded"]},"metadata":{"operationMetadataId":"cd8571c2-18a1-4128-ade5-96291a87cc3a"},"type":"OpenApiConnection","inputs":{"host":{"connectionName":"shared_commondataserviceforapps","operationId":"DeleteRecord","apiId":"/providers/Microsoft.PowerApps/apis/shared_commondataserviceforapps"},"parameters":{"entityName":"cr85a_hypotheeks","recordId":"@triggerBody()?['mortgageid']"},"authentication":"@parameters('$authentication')"}},"Response_OK":{"runAfter":{"Rebuild_Index":["Succeeded"]},"metadata":{"operationMetadataId":"dbf3e5e6-2d06-4cee-b870-73416a6afc7e"},"type":"Response","kind":"Http","inputs":{"statusCode":200}},"Response_FAIL":{"runAfter":{"Response_OK":["Failed","Skipped","TimedOut"]},"metadata":{"operationMetadataId":"6b1664af-1990-422e-8781-b334e92a2896"},"type":"Response","kind":"Http","inputs":{"statusCode":400}},"Rebuild_Index":{"actions":{"List_Assets":{"runAfter":{},"metadata":{"operationMetadataId":"3d5a6f33-5698-4b1e-bd96-dfc43ec68583"},"type":"OpenApiConnection","inputs":{"host":{"connectionName":"shared_commondataserviceforapps_1","operationId":"ListRecords","apiId":"/providers/Microsoft.PowerApps/apis/shared_commondataserviceforapps"},"parameters":{"entityName":"cr85a_vermogenscomponents","$select":"cr85a_vermogenscomponentid","$filter":"(_cr85a_relatievermogenscomponent_value eq @{triggerBody()?['cr85a_relatieid']} and cr85a_bezitschuldwoning eq 469280001 and cr85a_eigenaarnascheiding eq 469280000)"},"authentication":"@parameters('$authentication')"}},"Apply_to_each":{"foreach":"@outputs('List_Assets')?['body/value']","actions":{"List_Mortgage":{"runAfter":{},"metadata":{"operationMetadataId":"6c36eb23-4527-4b03-b39f-57326dd39a21"},"type":"OpenApiConnection","inputs":{"host":{"connectionName":"shared_commondataserviceforapps_1","operationId":"ListRecords","apiId":"/providers/Microsoft.PowerApps/apis/shared_commondataserviceforapps"},"parameters":{"entityName":"cr85a_hypotheeks","$filter":"(_cr85a_vermogenscomponent_value eq @{items('Apply_to_each')?['cr85a_vermogenscomponentid']})"},"authentication":"@parameters('$authentication')"}},"Apply_to_each_2":{"foreach":"@outputs('List_Mortgage')?['body/value']","actions":{"Update_Mortgage_for_user":{"runAfter":{},"metadata":{"operationMetadataId":"33975054-a675-40ed-b026-8aa8e105e7a8"},"type":"OpenApiConnection","inputs":{"host":{"connectionName":"shared_commondataserviceforapps_1","operationId":"UpdateRecord","apiId":"/providers/Microsoft.PowerApps/apis/shared_commondataserviceforapps"},"parameters":{"entityName":"cr85a_hypotheeks","recordId":"@items('Apply_to_each_2')?['cr85a_hypotheekid']","item/cr85a_hypotheekvolgorde":"@variables('CountMortgage')","item/cr85a_hypotheekvolgordenaam":"Loan part @{variables('CountMortgage')}"},"authentication":"@parameters('$authentication')"}},"Increment_variable":{"runAfter":{"Update_Mortgage_for_user":["Succeeded"]},"metadata":{"operationMetadataId":"3a022fd8-6bb9-409f-a5a6-ef6712337479"},"type":"IncrementVariable","inputs":{"name":"CountMortgage","value":1}}},"runAfter":{"List_Mortgage":["Succeeded"]},"metadata":{"operationMetadataId":"2bfbfeeb-c2f5-4376-8e60-142602061299"},"type":"Foreach"}},"runAfter":{"List_Assets":["Succeeded"]},"metadata":{"operationMetadataId":"98eeb234-b6ae-4ca7-ab88-d02fa2bac34f"},"type":"Foreach"}},"runAfter":{"Initialize_CountMortgage":["Succeeded"]},"else":{"actions":{"List_Assets_Partner":{"runAfter":{},"metadata":{"operationMetadataId":"46d147c3-9729-4f66-b23a-322e067e412f"},"type":"OpenApiConnection","inputs":{"host":{"connectionName":"shared_commondataserviceforapps_1","operationId":"ListRecords","apiId":"/providers/Microsoft.PowerApps/apis/shared_commondataserviceforapps"},"parameters":{"entityName":"cr85a_vermogenscomponents","$select":"cr85a_vermogenscomponentid","$filter":"(_cr85a_relatievermogenscomponent_value eq @{triggerBody()?['cr85a_relatieid']} and cr85a_bezitschuldwoning eq 469280001 and cr85a_eigenaarnascheiding eq 469280001)"},"authentication":"@parameters('$authentication')"}},"Apply_to_each_3":{"foreach":"@outputs('List_Assets_Partner')?['body/value']","actions":{"List_Mortgage_2":{"runAfter":{},"metadata":{"operationMetadataId":"bff0875f-669b-40ae-8ef2-bd6f71a96a13"},"type":"OpenApiConnection","inputs":{"host":{"connectionName":"shared_commondataserviceforapps_1","operationId":"ListRecords","apiId":"/providers/Microsoft.PowerApps/apis/shared_commondataserviceforapps"},"parameters":{"entityName":"cr85a_hypotheeks","$filter":"(_cr85a_vermogenscomponent_value eq @{items('Apply_to_each_3')?['cr85a_vermogenscomponentid']})"},"authentication":"@parameters('$authentication')"}},"Apply_to_each_4":{"foreach":"@outputs('List_Mortgage_2')?['body/value']","actions":{"Update_Mortgage_for_user_2":{"runAfter":{},"metadata":{"operationMetadataId":"9b075868-6c9a-4378-ad12-9586cc809142"},"type":"OpenApiConnection","inputs":{"host":{"connectionName":"shared_commondataserviceforapps_1","operationId":"UpdateRecord","apiId":"/providers/Microsoft.PowerApps/apis/shared_commondataserviceforapps"},"parameters":{"entityName":"cr85a_hypotheeks","recordId":"@items('Apply_to_each_4')?['cr85a_hypotheekid']","item/cr85a_hypotheekvolgorde":"@variables('CountMortgage')","item/cr85a_hypotheekvolgordenaam":"Loan part @{variables('CountMortgage')}"},"authentication":"@parameters('$authentication')"}},"Increment_variable_2":{"runAfter":{"Update_Mortgage_for_user_2":["Succeeded"]},"metadata":{"operationMetadataId":"8696ebce-2327-4338-bab6-402c10eda85d"},"type":"IncrementVariable","inputs":{"name":"CountMortgage","value":1}}},"runAfter":{"List_Mortgage_2":["Succeeded"]},"metadata":{"operationMetadataId":"51efe717-ae1f-4802-a9b2-2c0e4552c32a"},"type":"Foreach"}},"runAfter":{"List_Assets_Partner":["Succeeded"]},"metadata":{"operationMetadataId":"caffc112-2540-4154-bdea-3f6e6b2f794b"},"type":"Foreach"}}},"expression":{"equals":["@triggerBody()?['source']","1"]},"metadata":{"operationMetadataId":"3a0027fe-2459-46e4-9495-b5e27f22f334"},"type":"If"},"Initialize_CountMortgage":{"runAfter":{"Delete_a_row_":["Succeeded"]},"metadata":{"operationMetadataId":"674b56a7-1933-430e-b398-6320f6235622"},"type":"InitializeVariable","inputs":{"variables":[{"name":"CountMortgage","type":"integer","value":1}]}},"Authentication_+_Authorization":{"runAfter":{},"metadata":{"operationMetadataId":"6156e4da-100d-49f8-9c85-ff72ddde6368"},"type":"OpenApiConnection","inputs":{"host":{"connectionName":"shared_commondataserviceforapps","operationId":"PerformUnboundAction","apiId":"/providers/Microsoft.PowerApps/apis/shared_commondataserviceforapps"},"parameters":{"actionName":"cr85a_AuthenticationAuthorizationProcess","item/PortalAuthToken":"@triggerOutputs()['headers']['portalauthtoken']","item/CalculationId":"@triggerBody()?['cr85a_calculationid']","item/StepId":"8db06f81-9473-eb11-a812-000d3a22c008","item/RelationId":"@triggerBody()?['cr85a_relatieid']"},"authentication":"@parameters('$authentication')"}},"Condition_Authentication_+_Authorization":{"actions":{},"runAfter":{"Authentication_+_Authorization":["Succeeded"]},"else":{"actions":{"Response_Authentication_+_Authorization":{"runAfter":{},"metadata":{"operationMetadataId":"a28db4f1-5fe9-4710-810a-7ffbd6894cfd"},"type":"Response","kind":"Http","inputs":{"statusCode":"@outputs('Authentication_+_Authorization')?['body/HttpCode']","body":"@outputs('Authentication_+_Authorization')?['body/ErrorMessage']"}},"Terminate":{"runAfter":{"Response_Authentication_+_Authorization":["Succeeded"]},"metadata":{"operationMetadataId":"1e03b376-ad7f-4fa9-8d49-4003dc2fab7a"},"type":"Terminate","inputs":{"runStatus":"Succeeded"}}}},"expression":{"equals":["@outputs('Authentication_+_Authorization')?['body/AuthResult']","@true"]},"metadata":{"operationMetadataId":"e595db21-018d-4d35-93dc-c14924caaa6e"},"type":"If"}}}},"schemaVersion":"1.0.0.0"}