{"properties":{"connectionReferences":{"shared_commondataserviceforapps":{"runtimeSource":"embedded","connection":{"connectionReferenceLogicalName":"cr85a_sharedcommondataserviceforapps_472b0"},"api":{"name":"shared_commondataserviceforapps"}}},"definition":{"$schema":"https://schema.management.azure.com/providers/Microsoft.Logic/schemas/2016-06-01/workflowdefinition.json#","contentVersion":"1.0.0.0","parameters":{"$connections":{"defaultValue":{},"type":"Object"},"$authentication":{"defaultValue":{},"type":"SecureObject"}},"triggers":{"manual":{"metadata":{"operationMetadataId":"709e8b47-d7c7-4c7e-86c5-f6560096a2bf"},"type":"Request","kind":"Http","inputs":{"schema":{"type":"object","properties":{"cr85a_calculationid":{"type":"string"}}},"method":"POST","relativePath":"deleteCalculation"}}},"actions":{"Response_OK":{"runAfter":{"Delete_a_Calculation":["Succeeded"]},"metadata":{"operationMetadataId":"899a756a-a3f5-4057-8d52-e53309c2da96"},"type":"Response","kind":"Http","inputs":{"statusCode":200}},"Response_Fail":{"runAfter":{"Delete_Situation_AD":["Failed","Skipped","TimedOut"]},"metadata":{"operationMetadataId":"b2156996-df48-4636-ac0a-9a6354b0d5c4"},"type":"Response","kind":"Http","inputs":{"statusCode":400}},"Get_Calculation":{"runAfter":{"Condition_Authentication_+_Authorization":["Succeeded"]},"metadata":{"operationMetadataId":"c88ccd40-1399-4d08-97a3-be404b51c365"},"type":"OpenApiConnection","inputs":{"host":{"connectionName":"shared_commondataserviceforapps","operationId":"GetItem","apiId":"/providers/Microsoft.PowerApps/apis/shared_commondataserviceforapps"},"parameters":{"entityName":"cr85a_calculations","recordId":"@triggerBody()?['cr85a_calculationid']","$select":"cr85a_calculationid, _cr85a_calculation_value"},"authentication":"@parameters('$authentication')"}},"Delete_General_Data":{"actions":{"Exist_Partner":{"actions":{"Get_Partner":{"runAfter":{},"metadata":{"operationMetadataId":"a06db8e1-20bc-423e-971c-0563ec954f2e"},"type":"OpenApiConnection","inputs":{"host":{"connectionName":"shared_commondataserviceforapps","operationId":"GetItem","apiId":"/providers/Microsoft.PowerApps/apis/shared_commondataserviceforapps"},"parameters":{"entityName":"cr85a_partners","recordId":"@outputs('Get_Case')?['body/_cr85a_casepartner_value']","$select":"_cr85a_behoeftepartner_value,_cr85a_inkbehfiscaalpartner_value,_cr85a_rs_fiscalegegpartner_value,_cr85a_methodebuijspartner_value,_cr85a_rs_draagkrachtpartner_value"},"authentication":"@parameters('$authentication')"}},"Delete_Partner":{"runAfter":{"RedSheets":["Succeeded"]},"metadata":{"operationMetadataId":"71828398-1eb4-4c1f-9010-75f2cb70bd7e"},"type":"OpenApiConnection","inputs":{"host":{"connectionName":"shared_commondataserviceforapps","operationId":"DeleteRecord","apiId":"/providers/Microsoft.PowerApps/apis/shared_commondataserviceforapps"},"parameters":{"entityName":"cr85a_partners","recordId":"@outputs('Get_Case')?['body/_cr85a_casepartner_value']"},"authentication":"@parameters('$authentication')"}},"RedSheets":{"actions":{"Exist_inkbehfiscaal_partner":{"actions":{"Delete_InkBehFiscaals_partner":{"runAfter":{},"metadata":{"operationMetadataId":"746f3aa3-784e-40d9-af63-c7eecff40f25"},"type":"OpenApiConnection","inputs":{"host":{"connectionName":"shared_commondataserviceforapps","operationId":"DeleteRecord","apiId":"/providers/Microsoft.PowerApps/apis/shared_commondataserviceforapps"},"parameters":{"entityName":"cr85a_inkbehfiscaals","recordId":"@outputs('Get_Partner')?['body/_cr85a_inkbehfiscaalpartner_value']"},"authentication":"@parameters('$authentication')"}}},"runAfter":{},"expression":{"not":{"equals":["@outputs('Get_Partner')?['body/_cr85a_inkbehfiscaalpartner_value']","@null"]}},"metadata":{"operationMetadataId":"6fff0be2-9839-4ec3-9953-7874727f2c01"},"type":"If"},"Exist_methodebuijs_partner":{"actions":{"Delete_MethodeBuijs_Partner":{"runAfter":{},"metadata":{"operationMetadataId":"81a6e41e-2548-4d6a-9300-339f87533852"},"type":"OpenApiConnection","inputs":{"host":{"connectionName":"shared_commondataserviceforapps","operationId":"DeleteRecord","apiId":"/providers/Microsoft.PowerApps/apis/shared_commondataserviceforapps"},"parameters":{"entityName":"cr85a_methodebuijses","recordId":"@outputs('Get_Partner')?['body/_cr85a_methodebuijspartner_value']"},"authentication":"@parameters('$authentication')"}}},"runAfter":{"Exist_inkbehfiscaal_partner":["Succeeded"]},"expression":{"not":{"equals":["@outputs('Get_Partner')?['body/_cr85a_methodebuijspartner_value']","@null"]}},"metadata":{"operationMetadataId":"0ae238eb-faee-4866-b180-614ff8201311"},"type":"If"},"Exist_behoefte_partner":{"actions":{"Get_Behoeftes_partner":{"runAfter":{},"metadata":{"operationMetadataId":"ed231b90-5111-4f67-9193-9e4e3e2f4f61"},"type":"OpenApiConnection","inputs":{"host":{"connectionName":"shared_commondataserviceforapps","operationId":"GetItem","apiId":"/providers/Microsoft.PowerApps/apis/shared_commondataserviceforapps"},"parameters":{"entityName":"cr85a_behoeftes","recordId":"@outputs('Get_Partner')?['body/_cr85a_behoeftepartner_value']","$select":"_cr85a_outputbehoefteref_value, cr85a_behoefteid"},"authentication":"@parameters('$authentication')"}},"Exist_OutputBehoeftes_partner":{"actions":{"Delete_OutputBehoeftes_partner":{"runAfter":{},"metadata":{"operationMetadataId":"75c79e04-d9c4-4520-a97b-d77c32ccc4f6"},"type":"OpenApiConnection","inputs":{"host":{"connectionName":"shared_commondataserviceforapps","operationId":"DeleteRecord","apiId":"/providers/Microsoft.PowerApps/apis/shared_commondataserviceforapps"},"parameters":{"entityName":"cr85a_outputbehoeftes","recordId":"@outputs('Get_Behoeftes_partner')?['body/_cr85a_outputbehoefteref_value']"},"authentication":"@parameters('$authentication')"}}},"runAfter":{"Get_Behoeftes_partner":["Succeeded"]},"expression":{"not":{"equals":["@outputs('Get_Behoeftes_partner')?['body/_cr85a_outputbehoefteref_value']","@null"]}},"metadata":{"operationMetadataId":"f7db2be9-3392-49eb-bf5f-90e1493595de"},"type":"If"},"Delete_Behoeftes_partner":{"runAfter":{"Exist_OutputBehoeftes_partner":["Succeeded"]},"metadata":{"operationMetadataId":"41885aa3-bf55-4d87-ba41-cc8c3b3f6ba1"},"type":"OpenApiConnection","inputs":{"host":{"connectionName":"shared_commondataserviceforapps","operationId":"DeleteRecord","apiId":"/providers/Microsoft.PowerApps/apis/shared_commondataserviceforapps"},"parameters":{"entityName":"cr85a_behoeftes","recordId":"@outputs('Get_Behoeftes_partner')?['body/cr85a_behoefteid']"},"authentication":"@parameters('$authentication')"}}},"runAfter":{"Exist_methodebuijs_partner":["Succeeded"]},"expression":{"not":{"equals":["@outputs('Get_Partner')?['body/_cr85a_behoeftepartner_value']","@null"]}},"metadata":{"operationMetadataId":"01d19872-d9b5-4f3f-88de-c7d5ebf8e9db"},"type":"If"},"Exist_rsDraagkracht_partner":{"actions":{"Get_rsDraagkracht_partner":{"runAfter":{},"metadata":{"operationMetadataId":"d1b5dc94-1369-47ff-b842-8120de451202"},"type":"OpenApiConnection","inputs":{"host":{"connectionName":"shared_commondataserviceforapps","operationId":"GetItem","apiId":"/providers/Microsoft.PowerApps/apis/shared_commondataserviceforapps"},"parameters":{"entityName":"cr85a_rs_draagkrachts","recordId":"@outputs('Get_Partner')?['body/_cr85a_rs_draagkrachtpartner_value']","$select":"cr85a_rs_draagkrachtid"},"authentication":"@parameters('$authentication')"}},"Delete_Draagkrachts_partner":{"runAfter":{"Apply_to_each_DraagkrachtKAPAS_partner":["Succeeded"]},"metadata":{"operationMetadataId":"e3acded8-08fe-48c8-b88f-d3b68b1fdbcb"},"type":"OpenApiConnection","inputs":{"host":{"connectionName":"shared_commondataserviceforapps","operationId":"DeleteRecord","apiId":"/providers/Microsoft.PowerApps/apis/shared_commondataserviceforapps"},"parameters":{"entityName":"cr85a_rs_draagkrachts","recordId":"@outputs('Get_rsDraagkracht_partner')?['body/cr85a_rs_draagkrachtid']"},"authentication":"@parameters('$authentication')"}},"List_DraagkrachtKAPAS_Partner":{"runAfter":{"Get_rsDraagkracht_partner":["Succeeded"]},"metadata":{"operationMetadataId":"fbec33b3-3da3-4202-a7b3-0519ddae4794"},"type":"OpenApiConnection","inputs":{"host":{"connectionName":"shared_commondataserviceforapps","operationId":"ListRecords","apiId":"/providers/Microsoft.PowerApps/apis/shared_commondataserviceforapps"},"parameters":{"entityName":"cr85a_draagkrachtkapas","$select":"cr85a_draagkrachtkapaid","$filter":"(_cr85a_draagkrachtref_value eq @{outputs('Get_rsDraagkracht_partner')?['body/cr85a_rs_draagkrachtid']})"},"authentication":"@parameters('$authentication')"}},"Apply_to_each_DraagkrachtKAPAS_partner":{"foreach":"@outputs('List_DraagkrachtKAPAS_Partner')?['body/value']","actions":{"Delete_DraagkrachtKAPAS_Partner":{"runAfter":{},"metadata":{"operationMetadataId":"9c029749-774b-42ab-a7b6-22a0f40fdd29"},"type":"OpenApiConnection","inputs":{"host":{"connectionName":"shared_commondataserviceforapps","operationId":"DeleteRecord","apiId":"/providers/Microsoft.PowerApps/apis/shared_commondataserviceforapps"},"parameters":{"entityName":"cr85a_draagkrachtkapas","recordId":"@items('Apply_to_each_DraagkrachtKAPAS_partner')?['cr85a_draagkrachtkapaid']"},"authentication":"@parameters('$authentication')"}}},"runAfter":{"List_DraagkrachtKAPAS_Partner":["Succeeded"]},"metadata":{"operationMetadataId":"8ec1d25b-0edb-472a-b24c-388d52a1cac5"},"type":"Foreach"}},"runAfter":{"Exist_behoefte_partner":["Succeeded"]},"expression":{"not":{"equals":["@outputs('Get_Partner')?['body/_cr85a_rs_draagkrachtpartner_value']","@null"]}},"metadata":{"operationMetadataId":"bd9fa6e6-294e-44ff-9463-0ead482f28c5"},"type":"If"},"Exist_rsFiscalegegpartner":{"actions":{"Get_rsFiscaleGegevens_Partner":{"runAfter":{},"metadata":{"operationMetadataId":"87f4d907-053c-4f34-9a56-764f81189b03"},"type":"OpenApiConnection","inputs":{"host":{"connectionName":"shared_commondataserviceforapps","operationId":"GetItem","apiId":"/providers/Microsoft.PowerApps/apis/shared_commondataserviceforapps"},"parameters":{"entityName":"cr85a_rs_fiscalegegevenses","recordId":"@outputs('Get_Partner')?['body/_cr85a_rs_fiscalegegpartner_value']","$select":"_cr85a_fiscalegegevenseigenwoningna_value,_cr85a_fiscalegegspaarbelegbox3_value,_cr85a_fiscalegegevenswwbox1_value,_cr85a_fiscalegegevensibheffinglh_value,cr85a_rs_fiscalegegevensid"},"authentication":"@parameters('$authentication')"}},"Delete_rsFiscaleGegevens_Partner":{"runAfter":{"Exist_IBHeffingLHS":["Succeeded"]},"metadata":{"operationMetadataId":"540f42d5-9d9a-49f4-ab1b-a76cfa8f4660"},"type":"OpenApiConnection","inputs":{"host":{"connectionName":"shared_commondataserviceforapps","operationId":"DeleteRecord","apiId":"/providers/Microsoft.PowerApps/apis/shared_commondataserviceforapps"},"parameters":{"entityName":"cr85a_rs_fiscalegegevenses","recordId":"@outputs('Get_rsFiscaleGegevens_Partner')?['body/cr85a_rs_fiscalegegevensid']"},"authentication":"@parameters('$authentication')"}},"Exist_GegevensEigenwoningNas_partner":{"actions":{"Delete_eigenwoningna_partner":{"runAfter":{},"metadata":{"operationMetadataId":"88bd9c34-ea46-43df-8426-22954366d56e"},"type":"OpenApiConnection","inputs":{"host":{"connectionName":"shared_commondataserviceforapps","operationId":"DeleteRecord","apiId":"/providers/Microsoft.PowerApps/apis/shared_commondataserviceforapps"},"parameters":{"entityName":"cr85a_gegevenseigenwoningnas","recordId":"@outputs('Get_rsFiscaleGegevens_Partner')?['body/_cr85a_fiscalegegevenseigenwoningna_value']"},"authentication":"@parameters('$authentication')"}}},"runAfter":{"Get_rsFiscaleGegevens_Partner":["Succeeded"]},"expression":{"not":{"equals":["@outputs('Get_rsFiscaleGegevens_Partner')?['body/_cr85a_fiscalegegevenseigenwoningna_value']","@null"]}},"metadata":{"operationMetadataId":"a13db57c-c448-4d5b-9600-1bbdf5713fea"},"type":"If"},"Exist_InkomenBelastSpaarBelegBox3S_partner":{"actions":{"Delete_fiscalegegspaarbelegbox3_partner":{"runAfter":{},"metadata":{"operationMetadataId":"b4df445d-e4a0-474c-976d-0a1292faf807"},"type":"OpenApiConnection","inputs":{"host":{"connectionName":"shared_commondataserviceforapps","operationId":"DeleteRecord","apiId":"/providers/Microsoft.PowerApps/apis/shared_commondataserviceforapps"},"parameters":{"entityName":"cr85a_inkomenbelastspaarbelegbox3s","recordId":"@outputs('Get_rsFiscaleGegevens_Partner')?['body/_cr85a_fiscalegegspaarbelegbox3_value']"},"authentication":"@parameters('$authentication')"}}},"runAfter":{"Exist_GegevensEigenwoningNas_partner":["Succeeded"]},"expression":{"not":{"equals":["@outputs('Get_rsFiscaleGegevens_Partner')?['body/_cr85a_fiscalegegspaarbelegbox3_value@Microsoft.Dynamics.CRM.lookuplogicalname']","@null"]}},"metadata":{"operationMetadataId":"b1eead67-a378-45ce-a22a-f208234ca025"},"type":"If"},"Exist_InkomenBelastWerkWoningBox1S_partner":{"actions":{"Delete_fiscalegegevenswwbox1_partner":{"runAfter":{},"metadata":{"operationMetadataId":"19af9eaf-c619-4f04-8e79-8e3a5c42caa3"},"type":"OpenApiConnection","inputs":{"host":{"connectionName":"shared_commondataserviceforapps","operationId":"DeleteRecord","apiId":"/providers/Microsoft.PowerApps/apis/shared_commondataserviceforapps"},"parameters":{"entityName":"cr85a_inkomenbelastwerkwoningbox1s","recordId":"@outputs('Get_rsFiscaleGegevens_Partner')?['body/_cr85a_fiscalegegevenswwbox1_value']"},"authentication":"@parameters('$authentication')"}}},"runAfter":{"Exist_InkomenBelastSpaarBelegBox3S_partner":["Succeeded"]},"expression":{"not":{"equals":["@outputs('Get_rsFiscaleGegevens_Partner')?['body/_cr85a_fiscalegegevenswwbox1_value']","@null"]}},"metadata":{"operationMetadataId":"28975fe1-8bca-4825-9014-fe90b8797f7c"},"type":"If"},"Exist_IBHeffingLHS":{"actions":{"Delete_fiscalegegevensibheffinglh_partner":{"runAfter":{},"metadata":{"operationMetadataId":"1840fa30-abda-40cd-a850-82080a321c9f"},"type":"OpenApiConnection","inputs":{"host":{"connectionName":"shared_commondataserviceforapps","operationId":"DeleteRecord","apiId":"/providers/Microsoft.PowerApps/apis/shared_commondataserviceforapps"},"parameters":{"entityName":"cr85a_ibheffinglhs","recordId":"@outputs('Get_rsFiscaleGegevens_Partner')?['body/_cr85a_fiscalegegevensibheffinglh_value']"},"authentication":"@parameters('$authentication')"}}},"runAfter":{"Exist_InkomenBelastWerkWoningBox1S_partner":["Succeeded"]},"expression":{"not":{"equals":["@outputs('Get_rsFiscaleGegevens_Partner')?['body/_cr85a_fiscalegegevensibheffinglh_value']","@null"]}},"metadata":{"operationMetadataId":"7379b373-e588-4b83-8906-97bd75d862d6"},"type":"If"}},"runAfter":{"Exist_rsDraagkracht_partner":["Succeeded"]},"expression":{"not":{"equals":["@outputs('Get_Partner')?['body/_cr85a_rs_fiscalegegpartner_value']","@null"]}},"metadata":{"operationMetadataId":"04f3d91e-ed74-4c69-b99c-ac6f01fa885a"},"type":"If"}},"runAfter":{"Get_Partner":["Succeeded"]},"metadata":{"operationMetadataId":"233c88c9-a61f-422b-af2f-7320063f444c"},"type":"Scope"}},"runAfter":{"Exist_UserDetails":["Succeeded"]},"expression":{"not":{"equals":["@outputs('Get_Case')?['body/_cr85a_casepartner_value']","@null"]}},"metadata":{"operationMetadataId":"e095f2c8-43b2-495e-b3e5-7499133190a7"},"type":"If"},"Exist_UserDetails":{"actions":{"Get_User_Details":{"runAfter":{},"metadata":{"operationMetadataId":"d42a932b-a97f-4115-acdd-7f79e6147a0c"},"type":"OpenApiConnection","inputs":{"host":{"connectionName":"shared_commondataserviceforapps","operationId":"GetItem","apiId":"/providers/Microsoft.PowerApps/apis/shared_commondataserviceforapps"},"parameters":{"entityName":"cr85a_gebruikers","recordId":"@outputs('Get_Case')?['body/_cr85a_casegebruiker_value']","$select":"_cr85a_inkbehfiscaalgebruiker_value,_cr85a_behoeftegebruiker_value,_cr85a_methodebuijsgebruiker_value,_cr85a_rsdraagkrachtgebruiker_value,_cr85a_rs_fiscalegeggebruiker_value"},"authentication":"@parameters('$authentication')"}},"RedSheets_User":{"actions":{"Exist_inkbehfiscaal_user":{"actions":{"Delete_InkBehFiscaals_user":{"runAfter":{},"metadata":{"operationMetadataId":"1c674817-83e4-495a-a5ea-2ce6737708fd"},"type":"OpenApiConnection","inputs":{"host":{"connectionName":"shared_commondataserviceforapps","operationId":"DeleteRecord","apiId":"/providers/Microsoft.PowerApps/apis/shared_commondataserviceforapps"},"parameters":{"entityName":"cr85a_inkbehfiscaals","recordId":"@outputs('Get_User_Details')?['body/_cr85a_inkbehfiscaalgebruiker_value']"},"authentication":"@parameters('$authentication')"}}},"runAfter":{},"expression":{"not":{"equals":["@outputs('Get_User_Details')?['body/_cr85a_inkbehfiscaalgebruiker_value']","@null"]}},"metadata":{"operationMetadataId":"ed102aab-86a7-471c-81fa-79662f0a9622"},"type":"If"},"Exist_methodebuijs_user":{"actions":{"Delete_MethodeBuijs_user":{"runAfter":{},"metadata":{"operationMetadataId":"28ac9d21-dc66-4e46-b5a1-e00a4436e876"},"type":"OpenApiConnection","inputs":{"host":{"connectionName":"shared_commondataserviceforapps","operationId":"DeleteRecord","apiId":"/providers/Microsoft.PowerApps/apis/shared_commondataserviceforapps"},"parameters":{"entityName":"cr85a_methodebuijses","recordId":"@outputs('Get_User_Details')?['body/_cr85a_methodebuijsgebruiker_value']"},"authentication":"@parameters('$authentication')"}}},"runAfter":{"Exist_inkbehfiscaal_user":["Succeeded"]},"expression":{"not":{"equals":["@outputs('Get_User_Details')?['body/_cr85a_methodebuijsgebruiker_value']","@null"]}},"metadata":{"operationMetadataId":"f5425427-5467-4fb7-bd17-45f214123998"},"type":"If"},"Exist_behoefte_user":{"actions":{"Get_Behoeftes_User":{"runAfter":{},"metadata":{"operationMetadataId":"571ac0d9-6009-4e07-a9d1-bb468997d3be"},"type":"OpenApiConnection","inputs":{"host":{"connectionName":"shared_commondataserviceforapps","operationId":"GetItem","apiId":"/providers/Microsoft.PowerApps/apis/shared_commondataserviceforapps"},"parameters":{"entityName":"cr85a_behoeftes","recordId":"@outputs('Get_User_Details')?['body/_cr85a_behoeftegebruiker_value']","$select":"_cr85a_outputbehoefteref_value, cr85a_behoefteid"},"authentication":"@parameters('$authentication')"}},"Exist_OutputBehoeftes_User":{"actions":{"Delete_OutputBehoeftes_User":{"runAfter":{},"metadata":{"operationMetadataId":"980606f0-d70f-4086-9b54-992bb0120e86"},"type":"OpenApiConnection","inputs":{"host":{"connectionName":"shared_commondataserviceforapps","operationId":"DeleteRecord","apiId":"/providers/Microsoft.PowerApps/apis/shared_commondataserviceforapps"},"parameters":{"entityName":"cr85a_outputbehoeftes","recordId":"@outputs('Get_Behoeftes_User')?['body/_cr85a_outputbehoefteref_value']"},"authentication":"@parameters('$authentication')"}}},"runAfter":{"Get_Behoeftes_User":["Succeeded"]},"expression":{"not":{"equals":["","@null"]}},"metadata":{"operationMetadataId":"ab42450e-4120-4d71-af11-c294a39f6bad"},"type":"If"},"Delete_Behoeftes_User":{"runAfter":{"Exist_OutputBehoeftes_User":["Succeeded"]},"metadata":{"operationMetadataId":"6f414df0-f12f-4b0b-8f60-3a1fe9a43969"},"type":"OpenApiConnection","inputs":{"host":{"connectionName":"shared_commondataserviceforapps","operationId":"DeleteRecord","apiId":"/providers/Microsoft.PowerApps/apis/shared_commondataserviceforapps"},"parameters":{"entityName":"cr85a_behoeftes","recordId":"@outputs('Get_Behoeftes_User')?['body/cr85a_behoefteid']"},"authentication":"@parameters('$authentication')"}}},"runAfter":{"Exist_methodebuijs_user":["Succeeded"]},"expression":{"not":{"equals":["@outputs('Get_User_Details')?['body/_cr85a_behoeftegebruiker_value']","@null"]}},"metadata":{"operationMetadataId":"6a2b444f-bfd6-4286-a183-fa81b9154d95"},"type":"If"},"Exist_rsDraagkracht_user":{"actions":{"Get_rsDraagkracht_User":{"runAfter":{},"metadata":{"operationMetadataId":"40768142-e5e7-4cb3-934e-b1b411bc64a4"},"type":"OpenApiConnection","inputs":{"host":{"connectionName":"shared_commondataserviceforapps","operationId":"GetItem","apiId":"/providers/Microsoft.PowerApps/apis/shared_commondataserviceforapps"},"parameters":{"entityName":"cr85a_rs_draagkrachts","recordId":"@outputs('Get_User_Details')?['body/_cr85a_rsdraagkrachtgebruiker_value']","$select":"cr85a_rs_draagkrachtid"},"authentication":"@parameters('$authentication')"}},"Delete_Draagkrachts_User":{"runAfter":{"Apply_to_each_Draagkrachtkapa_User":["Succeeded"]},"metadata":{"operationMetadataId":"9a5886e0-36a7-4cd5-a529-ce7a64f45404"},"type":"OpenApiConnection","inputs":{"host":{"connectionName":"shared_commondataserviceforapps","operationId":"DeleteRecord","apiId":"/providers/Microsoft.PowerApps/apis/shared_commondataserviceforapps"},"parameters":{"entityName":"cr85a_rs_draagkrachts","recordId":"@outputs('Get_rsDraagkracht_User')?['body/cr85a_rs_draagkrachtid']"},"authentication":"@parameters('$authentication')"}},"List_Draagkrachtkapa_User":{"runAfter":{"Get_rsDraagkracht_User":["Succeeded"]},"metadata":{"operationMetadataId":"cbbaa90f-cb0b-431a-912d-4cab1f76659d"},"type":"OpenApiConnection","inputs":{"host":{"connectionName":"shared_commondataserviceforapps","operationId":"ListRecords","apiId":"/providers/Microsoft.PowerApps/apis/shared_commondataserviceforapps"},"parameters":{"entityName":"cr85a_draagkrachtkapas","$select":"cr85a_draagkrachtkapaid","$filter":"(_cr85a_draagkrachtref_value eq @{outputs('Get_rsDraagkracht_User')?['body/cr85a_rs_draagkrachtid']})"},"authentication":"@parameters('$authentication')"}},"Apply_to_each_Draagkrachtkapa_User":{"foreach":"@outputs('List_Draagkrachtkapa_User')?['body/value']","actions":{"Delete_DraagkrachtKAPAS_User":{"runAfter":{},"metadata":{"operationMetadataId":"cf27b7ff-a20f-4b1e-998c-6114184b1eab"},"type":"OpenApiConnection","inputs":{"host":{"connectionName":"shared_commondataserviceforapps","operationId":"DeleteRecord","apiId":"/providers/Microsoft.PowerApps/apis/shared_commondataserviceforapps"},"parameters":{"entityName":"cr85a_draagkrachtkapas","recordId":"@items('Apply_to_each_Draagkrachtkapa_User')?['cr85a_draagkrachtkapaid']"},"authentication":"@parameters('$authentication')"}}},"runAfter":{"List_Draagkrachtkapa_User":["Succeeded"]},"metadata":{"operationMetadataId":"47255853-8524-448d-8330-5e9c446cb047"},"type":"Foreach"}},"runAfter":{"Exist_behoefte_user":["Succeeded"]},"expression":{"not":{"equals":["","@null"]}},"metadata":{"operationMetadataId":"4a0e1e04-2951-4959-9af1-d5b6189c4f00"},"type":"If"},"Exist_rsFiscalegeg_user":{"actions":{"Get_rsFiscaleGegevens_User":{"runAfter":{},"metadata":{"operationMetadataId":"8005f236-a3d8-41a6-8ea9-3e89e839c829"},"type":"OpenApiConnection","inputs":{"host":{"connectionName":"shared_commondataserviceforapps","operationId":"GetItem","apiId":"/providers/Microsoft.PowerApps/apis/shared_commondataserviceforapps"},"parameters":{"entityName":"cr85a_rs_fiscalegegevenses","recordId":"@outputs('Get_User_Details')?['body/_cr85a_rs_fiscalegeggebruiker_value']","$select":"_cr85a_fiscalegegevenseigenwoningna_value,_cr85a_fiscalegegspaarbelegbox3_value,_cr85a_fiscalegegevenswwbox1_value,_cr85a_fiscalegegevensibheffinglh_value,cr85a_rs_fiscalegegevensid"},"authentication":"@parameters('$authentication')"}},"Delete_rsFiscaleGegevens_User":{"runAfter":{"Exist_IBHeffingLHS_User":["Succeeded"]},"metadata":{"operationMetadataId":"d8380183-c922-44b9-afe7-9a617036389c"},"type":"OpenApiConnection","inputs":{"host":{"connectionName":"shared_commondataserviceforapps","operationId":"DeleteRecord","apiId":"/providers/Microsoft.PowerApps/apis/shared_commondataserviceforapps"},"parameters":{"entityName":"cr85a_rs_fiscalegegevenses","recordId":"@outputs('Get_rsFiscaleGegevens_User')?['body/cr85a_rs_fiscalegegevensid']"},"authentication":"@parameters('$authentication')"}},"Exist_GegevensEigenwoningNas_User":{"actions":{"Delete_eigenwoningna_User":{"runAfter":{},"metadata":{"operationMetadataId":"240f2c76-b990-4ffd-bec7-eae380a527b1"},"type":"OpenApiConnection","inputs":{"host":{"connectionName":"shared_commondataserviceforapps","operationId":"DeleteRecord","apiId":"/providers/Microsoft.PowerApps/apis/shared_commondataserviceforapps"},"parameters":{"entityName":"cr85a_gegevenseigenwoningnas","recordId":"@outputs('Get_rsFiscaleGegevens_User')?['body/_cr85a_fiscalegegevenseigenwoningna_value']"},"authentication":"@parameters('$authentication')"}}},"runAfter":{"Get_rsFiscaleGegevens_User":["Succeeded"]},"expression":{"not":{"equals":["","@null"]}},"metadata":{"operationMetadataId":"dacaf7d5-9c11-4ef0-80f6-84cc092aa05e"},"type":"If"},"Exist_InkomenBelastSpaarBelegBox3S_User":{"actions":{"Delete_fiscalegegspaarbelegbox3_User":{"runAfter":{},"metadata":{"operationMetadataId":"60daf637-889b-4f36-9bee-96fcfaf6d567"},"type":"OpenApiConnection","inputs":{"host":{"connectionName":"shared_commondataserviceforapps","operationId":"DeleteRecord","apiId":"/providers/Microsoft.PowerApps/apis/shared_commondataserviceforapps"},"parameters":{"entityName":"cr85a_inkomenbelastspaarbelegbox3s","recordId":"@outputs('Get_rsFiscaleGegevens_User')?['body/_cr85a_fiscalegegspaarbelegbox3_value']"},"authentication":"@parameters('$authentication')"}}},"runAfter":{"Exist_GegevensEigenwoningNas_User":["Succeeded"]},"expression":{"not":{"equals":["@outputs('Get_rsFiscaleGegevens_User')?['body/_cr85a_fiscalegegspaarbelegbox3_value']","@null"]}},"metadata":{"operationMetadataId":"b05cbe01-e471-4c51-a73f-be07a63c5359"},"type":"If"},"Exist_InkomenBelastWerkWoningBox1S_user":{"actions":{"Delete_fiscalegegevenswwbox1_User":{"runAfter":{},"metadata":{"operationMetadataId":"01c2ad7b-e60b-4405-99b7-3d6901d90f5a"},"type":"OpenApiConnection","inputs":{"host":{"connectionName":"shared_commondataserviceforapps","operationId":"DeleteRecord","apiId":"/providers/Microsoft.PowerApps/apis/shared_commondataserviceforapps"},"parameters":{"entityName":"cr85a_inkomenbelastwerkwoningbox1s","recordId":"@outputs('Get_rsFiscaleGegevens_User')?['body/_cr85a_fiscalegegevenswwbox1_value']"},"authentication":"@parameters('$authentication')"}}},"runAfter":{"Exist_InkomenBelastSpaarBelegBox3S_User":["Succeeded"]},"expression":{"not":{"equals":["","@null"]}},"metadata":{"operationMetadataId":"62d73441-97da-4584-b82e-da375589ddd2"},"type":"If"},"Exist_IBHeffingLHS_User":{"actions":{"Delete_fiscalegegevensibheffinglh_User":{"runAfter":{},"metadata":{"operationMetadataId":"a45c30f4-0ef3-43ba-b634-6214ad7c8ca6"},"type":"OpenApiConnection","inputs":{"host":{"connectionName":"shared_commondataserviceforapps","operationId":"DeleteRecord","apiId":"/providers/Microsoft.PowerApps/apis/shared_commondataserviceforapps"},"parameters":{"entityName":"cr85a_ibheffinglhs","recordId":"@outputs('Get_rsFiscaleGegevens_User')?['body/_cr85a_fiscalegegevensibheffinglh_value']"},"authentication":"@parameters('$authentication')"}}},"runAfter":{"Exist_InkomenBelastWerkWoningBox1S_user":["Succeeded"]},"expression":{"not":{"equals":["","@null"]}},"metadata":{"operationMetadataId":"6752e2da-b5ad-41c9-b19c-851b9f61752e"},"type":"If"}},"runAfter":{"Exist_rsDraagkracht_user":["Succeeded"]},"expression":{"not":{"equals":["@outputs('Get_User_Details')?['body/_cr85a_rs_fiscalegeggebruiker_value']","@null"]}},"metadata":{"operationMetadataId":"e0ba93dd-84ff-41ab-94fd-a29197118cce"},"type":"If"}},"runAfter":{"Get_User_Details":["Succeeded"]},"metadata":{"operationMetadataId":"6ba19f03-970c-44e2-ad3e-7e3356bed3be"},"type":"Scope"},"Delete_UserDetails":{"runAfter":{"RedSheets_User":["Succeeded"]},"metadata":{"operationMetadataId":"42ae9525-f627-475e-b4e6-f4e5167828f1"},"type":"OpenApiConnection","inputs":{"host":{"connectionName":"shared_commondataserviceforapps","operationId":"DeleteRecord","apiId":"/providers/Microsoft.PowerApps/apis/shared_commondataserviceforapps"},"parameters":{"entityName":"cr85a_gebruikers","recordId":"@outputs('Get_Case')?['body/_cr85a_casegebruiker_value']"},"authentication":"@parameters('$authentication')"}}},"runAfter":{},"expression":{"not":{"equals":["@outputs('Get_Case')?['body/_cr85a_casepartner_value']","@null"]}},"metadata":{"operationMetadataId":"62c2c250-dc6d-4895-9a2a-1770557a1ec9"},"type":"If"},"Exist_Relation":{"actions":{"Get_Relation":{"runAfter":{},"metadata":{"operationMetadataId":"3e5b2a81-c60e-497b-9391-c13c5e7840e4"},"type":"OpenApiConnection","inputs":{"host":{"connectionName":"shared_commondataserviceforapps","operationId":"GetItem","apiId":"/providers/Microsoft.PowerApps/apis/shared_commondataserviceforapps"},"parameters":{"entityName":"cr85a_relaties","recordId":"@outputs('Get_Case')?['body/_cr85a_caserelatie_value']","$select":"_cr85a_relatiewoonsituatienieuw_value,_cr85a_behoefterelatieref_value,cr85a_relatieid,_cr85a_woonsituatiehuidig_value,_cr85a_overonderbedeling_value,_cr85a_tremarelatieref_value"},"authentication":"@parameters('$authentication')"}},"Delete_Relation":{"runAfter":{"Exist_Residential_AD":["Succeeded"]},"metadata":{"operationMetadataId":"b40478a8-cf9c-4bcc-b508-01a827618b62"},"type":"OpenApiConnection","inputs":{"host":{"connectionName":"shared_commondataserviceforapps","operationId":"DeleteRecord","apiId":"/providers/Microsoft.PowerApps/apis/shared_commondataserviceforapps"},"parameters":{"entityName":"cr85a_relaties","recordId":"@outputs('Get_Relation')?['body/cr85a_relatieid']"},"authentication":"@parameters('$authentication')"}},"List_Children":{"runAfter":{"Exist_Distribution":["Succeeded"]},"metadata":{"operationMetadataId":"3f3f47ea-59d6-43bb-8610-501284bc15dc"},"type":"OpenApiConnection","inputs":{"host":{"connectionName":"shared_commondataserviceforapps","operationId":"ListRecords","apiId":"/providers/Microsoft.PowerApps/apis/shared_commondataserviceforapps"},"parameters":{"entityName":"cr85a_kinds","$select":"cr85a_kindid,_cr85a_kindtremakind_value,_cr85a_kbswsfkind_value","$filter":"(_cr85a_relatiekind_value eq @{outputs('Get_Relation')?['body/cr85a_relatieid']})"},"authentication":"@parameters('$authentication')"}},"Apply_to_each_Child":{"foreach":"@outputs('List_Children')?['body/value']","actions":{"Delete_Child":{"runAfter":{"Exist_KBSWSFS":["Succeeded"]},"metadata":{"operationMetadataId":"986c6e07-3722-46e7-b920-b0c7779e317b"},"type":"OpenApiConnection","inputs":{"host":{"connectionName":"shared_commondataserviceforapps","operationId":"DeleteRecord","apiId":"/providers/Microsoft.PowerApps/apis/shared_commondataserviceforapps"},"parameters":{"entityName":"cr85a_kinds","recordId":"@items('Apply_to_each_Child')?['cr85a_kindid']"},"authentication":"@parameters('$authentication')"}},"List_Child_Alimony":{"runAfter":{},"metadata":{"operationMetadataId":"bc226847-62bb-4791-a778-7db7107b8268"},"type":"OpenApiConnection","inputs":{"host":{"connectionName":"shared_commondataserviceforapps","operationId":"ListRecords","apiId":"/providers/Microsoft.PowerApps/apis/shared_commondataserviceforapps"},"parameters":{"entityName":"cr85a_kawerkelijkbedragkinds","$select":"cr85a_kawerkelijkbedragkindid","$filter":"(_cr85a_kakindref_value eq @{items('Apply_to_each_Child')?['cr85a_kindid']})"},"authentication":"@parameters('$authentication')"}},"Apply_to_each_Child_Alimony":{"foreach":"@outputs('List_Child_Alimony')?['body/value']","actions":{"Delete_Child_Alimony":{"runAfter":{},"metadata":{"operationMetadataId":"a5bc27e3-ffe0-4f93-8bff-cb48f5bb2274"},"type":"OpenApiConnection","inputs":{"host":{"connectionName":"shared_commondataserviceforapps","operationId":"DeleteRecord","apiId":"/providers/Microsoft.PowerApps/apis/shared_commondataserviceforapps"},"parameters":{"entityName":"cr85a_kawerkelijkbedragkinds","recordId":"@items('Apply_to_each_Child_Alimony')?['cr85a_kawerkelijkbedragkindid']"},"authentication":"@parameters('$authentication')"}}},"runAfter":{"List_Child_Alimony":["Succeeded"]},"metadata":{"operationMetadataId":"7b1ea858-b91e-4144-99c9-3836aca99932"},"type":"Foreach"},"Exist_TremaKinds":{"actions":{"Delete_TremaKinds":{"runAfter":{},"metadata":{"operationMetadataId":"3a28dd95-a84a-42ac-abe6-bd5cb9549888"},"type":"OpenApiConnection","inputs":{"host":{"connectionName":"shared_commondataserviceforapps","operationId":"DeleteRecord","apiId":"/providers/Microsoft.PowerApps/apis/shared_commondataserviceforapps"},"parameters":{"entityName":"cr85a_tremakinds","recordId":"@items('Apply_to_each_Child')?['_cr85a_kindtremakind_value']"},"authentication":"@parameters('$authentication')"}}},"runAfter":{"Apply_to_each_Child_Alimony":["Succeeded"]},"expression":{"not":{"equals":["@items('Apply_to_each_Child')?['_cr85a_kindtremakind_value']","@null"]}},"metadata":{"operationMetadataId":"4b2378e4-f515-49c4-a966-6b23181766ef"},"type":"If"},"Exist_KBSWSFS":{"actions":{"Delete_KBSWSFS":{"runAfter":{},"metadata":{"operationMetadataId":"1d3dff65-bc9a-4740-80a5-02d9022b8f50"},"type":"OpenApiConnection","inputs":{"host":{"connectionName":"shared_commondataserviceforapps","operationId":"DeleteRecord","apiId":"/providers/Microsoft.PowerApps/apis/shared_commondataserviceforapps"},"parameters":{"entityName":"cr85a_kbswsfs","recordId":"@items('Apply_to_each_Child')?['_cr85a_kbswsfkind_value']"},"authentication":"@parameters('$authentication')"}}},"runAfter":{"Exist_TremaKinds":["Succeeded"]},"expression":{"not":{"equals":["@items('Apply_to_each_Child')?['_cr85a_kbswsfkind_value']","@null"]}},"metadata":{"operationMetadataId":"a7c1c029-dd83-4d36-9b75-e09c097ec6a7"},"type":"If"}},"runAfter":{"List_Children":["Succeeded"]},"metadata":{"operationMetadataId":"395c8eaf-5023-404b-bf53-3b5fc78d18c7"},"type":"Foreach"},"List_Partner_Alimony":{"runAfter":{"Apply_to_each_Asset":["Succeeded"]},"metadata":{"operationMetadataId":"2725d32b-508a-460d-ab65-5fb43adbc973"},"type":"OpenApiConnection","inputs":{"host":{"connectionName":"shared_commondataserviceforapps","operationId":"ListRecords","apiId":"/providers/Microsoft.PowerApps/apis/shared_commondataserviceforapps"},"parameters":{"entityName":"cr85a_partneralimentaties","$select":"cr85a_partneralimentatieid","$filter":"(_cr85a_parelatieref_value eq @{outputs('Get_Relation')?['body/cr85a_relatieid']})","$top":1},"authentication":"@parameters('$authentication')"}},"Apply_to_each_Partner_Alimony":{"foreach":"@outputs('List_Partner_Alimony')?['body/value']","actions":{"Delete_Partner_Alimony":{"runAfter":{},"metadata":{"operationMetadataId":"0b059cd1-e70d-4a41-bc3e-f54610a0813f"},"type":"OpenApiConnection","inputs":{"host":{"connectionName":"shared_commondataserviceforapps","operationId":"DeleteRecord","apiId":"/providers/Microsoft.PowerApps/apis/shared_commondataserviceforapps"},"parameters":{"entityName":"cr85a_partneralimentaties","recordId":"@items('Apply_to_each_Partner_Alimony')?['cr85a_partneralimentatieid']"},"authentication":"@parameters('$authentication')"}}},"runAfter":{"List_Partner_Alimony":["Succeeded"]},"metadata":{"operationMetadataId":"8d68854a-cf69-4c9d-92b3-710e4cdcc1f1"},"type":"Foreach"},"List_Assets":{"runAfter":{"Apply_to_each_Child":["Succeeded"]},"metadata":{"operationMetadataId":"857fc658-659f-4690-8758-8a8af6d2ca93"},"type":"OpenApiConnection","inputs":{"host":{"connectionName":"shared_commondataserviceforapps","operationId":"ListRecords","apiId":"/providers/Microsoft.PowerApps/apis/shared_commondataserviceforapps"},"parameters":{"entityName":"cr85a_vermogenscomponents","$select":"cr85a_vermogenscomponentid","$filter":"(_cr85a_relatievermogenscomponent_value eq @{outputs('Get_Relation')?['body/cr85a_relatieid']})"},"authentication":"@parameters('$authentication')"}},"Apply_to_each_Asset":{"foreach":"@outputs('List_Assets')?['body/value']","actions":{"List_Mortgage":{"runAfter":{},"metadata":{"operationMetadataId":"dde1244d-cde6-4d16-9849-d059bfb9dbad"},"type":"OpenApiConnection","inputs":{"host":{"connectionName":"shared_commondataserviceforapps","operationId":"ListRecords","apiId":"/providers/Microsoft.PowerApps/apis/shared_commondataserviceforapps"},"parameters":{"entityName":"cr85a_hypotheeks","$select":"cr85a_hypotheekid","$filter":"(_cr85a_vermogenscomponent_value eq @{items('Apply_to_each_Asset')?['cr85a_vermogenscomponentid']})"},"authentication":"@parameters('$authentication')"}},"Apply_to_each_Mortgage":{"foreach":"@outputs('List_Mortgage')?['body/value']","actions":{"Delete_Mortgage":{"runAfter":{},"metadata":{"operationMetadataId":"edb6d3d8-fa1c-45e4-88ae-48a2ab19529c"},"type":"OpenApiConnection","inputs":{"host":{"connectionName":"shared_commondataserviceforapps","operationId":"DeleteRecord","apiId":"/providers/Microsoft.PowerApps/apis/shared_commondataserviceforapps"},"parameters":{"entityName":"cr85a_hypotheeks","recordId":"@items('Apply_to_each_Mortgage')?['cr85a_hypotheekid']"},"authentication":"@parameters('$authentication')"}}},"runAfter":{"List_Mortgage":["Succeeded"]},"metadata":{"operationMetadataId":"5210aa34-858e-46e8-8efb-4f1aadc8ad33"},"type":"Foreach"},"List_Houses":{"runAfter":{"Apply_to_each_Mortgage":["Succeeded"]},"metadata":{"operationMetadataId":"b9406f0d-66cc-4427-a462-9c8857002679"},"type":"OpenApiConnection","inputs":{"host":{"connectionName":"shared_commondataserviceforapps","operationId":"ListRecords","apiId":"/providers/Microsoft.PowerApps/apis/shared_commondataserviceforapps"},"parameters":{"entityName":"cr85a_wonings","$select":"cr85a_woningid","$filter":"(_cr85a_vermogenscomponentref_value eq @{items('Apply_to_each_Asset')?['cr85a_vermogenscomponentid']})"},"authentication":"@parameters('$authentication')"}},"Apply_to_each_House":{"foreach":"@outputs('List_Houses')?['body/value']","actions":{"Delete_House":{"runAfter":{},"metadata":{"operationMetadataId":"5fcdf061-f118-40e0-a7e4-f15996a0e620"},"type":"OpenApiConnection","inputs":{"host":{"connectionName":"shared_commondataserviceforapps","operationId":"DeleteRecord","apiId":"/providers/Microsoft.PowerApps/apis/shared_commondataserviceforapps"},"parameters":{"entityName":"cr85a_wonings","recordId":"@items('Apply_to_each_House')?['cr85a_woningid']"},"authentication":"@parameters('$authentication')"}}},"runAfter":{"List_Houses":["Succeeded"]},"metadata":{"operationMetadataId":"e79c3f77-df82-4086-80d1-887361aef322"},"type":"Foreach"},"Delete_Asset":{"runAfter":{"Apply_to_each_House":["Succeeded"]},"metadata":{"operationMetadataId":"adef1430-f642-4f3c-a9c0-f51314cf8a54"},"type":"OpenApiConnection","inputs":{"host":{"connectionName":"shared_commondataserviceforapps","operationId":"DeleteRecord","apiId":"/providers/Microsoft.PowerApps/apis/shared_commondataserviceforapps"},"parameters":{"entityName":"cr85a_vermogenscomponents","recordId":"@items('Apply_to_each_Asset')?['cr85a_vermogenscomponentid']"},"authentication":"@parameters('$authentication')"}}},"runAfter":{"List_Assets":["Succeeded"]},"metadata":{"operationMetadataId":"a1afb369-1a6d-420d-984f-7b0f227529a8"},"type":"Foreach"},"Exist_Distribution":{"actions":{"Delete_Distribution":{"runAfter":{},"metadata":{"operationMetadataId":"887a1d29-ea72-4b96-9100-b9bca20f3878"},"type":"OpenApiConnection","inputs":{"host":{"connectionName":"shared_commondataserviceforapps","operationId":"DeleteRecord","apiId":"/providers/Microsoft.PowerApps/apis/shared_commondataserviceforapps"},"parameters":{"entityName":"cr85a_overonderbedelings","recordId":"@outputs('Get_Relation')?['body/_cr85a_overonderbedeling_value']"},"authentication":"@parameters('$authentication')"}}},"runAfter":{"Get_Relation":["Succeeded"]},"expression":{"not":{"equals":["@outputs('Get_Relation')?['body/_cr85a_overonderbedeling_value']","@null"]}},"metadata":{"operationMetadataId":"03b10ebc-45ec-49ed-b7ef-64e61ee37ba7"},"type":"If"},"Exist_TremaRelaties":{"actions":{"Delete_TremaRelaties":{"runAfter":{},"metadata":{"operationMetadataId":"6754a134-4aa9-4ab8-902d-46356ccf4853"},"type":"OpenApiConnection","inputs":{"host":{"connectionName":"shared_commondataserviceforapps","operationId":"DeleteRecord","apiId":"/providers/Microsoft.PowerApps/apis/shared_commondataserviceforapps"},"parameters":{"entityName":"cr85a_tremarelaties","recordId":"@outputs('Get_Relation')?['body/_cr85a_tremarelatieref_value']"},"authentication":"@parameters('$authentication')"}}},"runAfter":{"Apply_to_each_Partner_Alimony":["Succeeded"]},"expression":{"not":{"equals":["@outputs('Get_Relation')?['body/_cr85a_tremarelatieref_value']","@null"]}},"metadata":{"operationMetadataId":"4d2cfb1f-aff4-4939-88d1-04a334490c76"},"type":"If"},"Exist_BehoefteRelaties":{"actions":{"Get_BehoefteRelaties":{"runAfter":{},"metadata":{"operationMetadataId":"d54fc477-c1a2-47dc-91a1-52fe8219eee6"},"type":"OpenApiConnection","inputs":{"host":{"connectionName":"shared_commondataserviceforapps","operationId":"GetItem","apiId":"/providers/Microsoft.PowerApps/apis/shared_commondataserviceforapps"},"parameters":{"entityName":"cr85a_behoefterelaties","recordId":"@outputs('Get_Relation')?['body/_cr85a_behoefterelatieref_value']","$select":"_cr85a_outputbehrelatieref_value"},"authentication":"@parameters('$authentication')"}},"Delete_BehoefteRelaties":{"runAfter":{"Exist_OutputBehRelaties":["Succeeded"]},"metadata":{"operationMetadataId":"a42f9108-cd57-49d6-bf41-4ca0ba70fe17"},"type":"OpenApiConnection","inputs":{"host":{"connectionName":"shared_commondataserviceforapps","operationId":"DeleteRecord","apiId":"/providers/Microsoft.PowerApps/apis/shared_commondataserviceforapps"},"parameters":{"entityName":"cr85a_behoefterelaties","recordId":"@outputs('Get_Relation')?['body/_cr85a_behoefterelatieref_value']"},"authentication":"@parameters('$authentication')"}},"Exist_OutputBehRelaties":{"actions":{"Delete_OutputBehRelaties":{"runAfter":{},"metadata":{"operationMetadataId":"0c0cab0e-6d76-4f6b-b288-b4daf9782646"},"type":"OpenApiConnection","inputs":{"host":{"connectionName":"shared_commondataserviceforapps","operationId":"DeleteRecord","apiId":"/providers/Microsoft.PowerApps/apis/shared_commondataserviceforapps"},"parameters":{"entityName":"cr85a_outputbehrelaties","recordId":"@outputs('Get_BehoefteRelaties')?['body/_cr85a_outputbehrelatieref_value']"},"authentication":"@parameters('$authentication')"}}},"runAfter":{"Get_BehoefteRelaties":["Succeeded"]},"expression":{"not":{"equals":["@outputs('Get_BehoefteRelaties')?['body/_cr85a_outputbehrelatieref_value']","@null"]}},"metadata":{"operationMetadataId":"4639bbbc-541d-4958-aacc-00824e3295ab"},"type":"If"}},"runAfter":{"Exist_TremaRelaties":["Succeeded"]},"expression":{"not":{"equals":["@outputs('Get_Relation')?['body/_cr85a_behoefterelatieref_value']","@null"]}},"metadata":{"operationMetadataId":"26b0d828-c24b-4ab8-b8ba-677d7d224be7"},"type":"If"},"Exist_Residential_BD":{"actions":{"Delete_Residential":{"runAfter":{},"metadata":{"operationMetadataId":"2b97cee9-d3e3-4bd5-9a67-a9a8b9622df4"},"type":"OpenApiConnection","inputs":{"host":{"connectionName":"shared_commondataserviceforapps","operationId":"DeleteRecord","apiId":"/providers/Microsoft.PowerApps/apis/shared_commondataserviceforapps"},"parameters":{"entityName":"cr85a_woonsituatiehuidigs","recordId":"@outputs('Get_Relation')?['body/_cr85a_woonsituatiehuidig_value']"},"authentication":"@parameters('$authentication')"}}},"runAfter":{"Exist_BehoefteRelaties":["Succeeded"]},"expression":{"not":{"equals":["@outputs('Get_Relation')?['body/_cr85a_woonsituatiehuidig_value']","@null"]}},"metadata":{"operationMetadataId":"edf70bab-e99b-4a77-9ac5-a7cee982cbe1"},"type":"If"},"Exist_Residential_AD":{"actions":{"Delete_Residential_AD":{"runAfter":{},"metadata":{"operationMetadataId":"1526497d-89b6-4eed-ba2a-0428e29a3aab"},"type":"OpenApiConnection","inputs":{"host":{"connectionName":"shared_commondataserviceforapps","operationId":"DeleteRecord","apiId":"/providers/Microsoft.PowerApps/apis/shared_commondataserviceforapps"},"parameters":{"entityName":"cr85a_woonsituatienieuws","recordId":"@outputs('Get_Relation')?['body/_cr85a_relatiewoonsituatienieuw_value']"},"authentication":"@parameters('$authentication')"}}},"runAfter":{"Exist_Residential_BD":["Succeeded"]},"expression":{"not":{"equals":["@outputs('Get_Relation')?['body/_cr85a_relatiewoonsituatienieuw_value']","@null"]}},"metadata":{"operationMetadataId":"24ba90d5-a87a-405e-8c06-43ce0f8d1430"},"type":"If"}},"runAfter":{"Exist_Partner":["Succeeded"]},"expression":{"not":{"equals":["@outputs('Get_Case')?['body/_cr85a_caserelatie_value']","@null"]}},"metadata":{"operationMetadataId":"d92bf544-e556-4e7d-b8fb-cdc6db9394be"},"type":"If"}},"runAfter":{"Exist_Case":["Succeeded"]},"metadata":{"operationMetadataId":"15c5bdc9-04e3-4445-990d-9e8736d35933"},"type":"Scope"},"Delete_Situation_BD":{"actions":{"List_Income":{"runAfter":{},"metadata":{"operationMetadataId":"b892ad8a-d3bd-4244-bc5b-bc8fd0eee825"},"type":"OpenApiConnection","inputs":{"host":{"connectionName":"shared_commondataserviceforapps","operationId":"ListRecords","apiId":"/providers/Microsoft.PowerApps/apis/shared_commondataserviceforapps"},"parameters":{"entityName":"cr85a_inkomens","$select":"cr85a_inkomenid, cr85a_inkomentype","$filter":"(_cr85a_calculationidref_value eq @{outputs('Get_Calculation')?['body/cr85a_calculationid']})"},"authentication":"@parameters('$authentication')"}},"Apply_to_each_Income":{"foreach":"@outputs('List_Income')?['body/value']","actions":{"Delete_Income":{"runAfter":{"Switch":["Succeeded"]},"metadata":{"operationMetadataId":"706c4c42-a01e-43e1-8f7a-447bef3bda31"},"type":"OpenApiConnection","inputs":{"host":{"connectionName":"shared_commondataserviceforapps","operationId":"DeleteRecord","apiId":"/providers/Microsoft.PowerApps/apis/shared_commondataserviceforapps"},"parameters":{"entityName":"cr85a_inkomens","recordId":"@items('Apply_to_each_Income')?['cr85a_inkomenid']"},"authentication":"@parameters('$authentication')"}},"Switch":{"runAfter":{},"cases":{"Salary":{"case":469280000,"actions":{"List_Salary":{"runAfter":{},"type":"OpenApiConnection","inputs":{"host":{"connectionName":"shared_commondataserviceforapps","operationId":"ListRecords","apiId":"/providers/Microsoft.PowerApps/apis/shared_commondataserviceforapps"},"parameters":{"entityName":"cr85a_inkomenarbeids","$select":"cr85a_inkomenarbeidid","$filter":"_cr85a_inkomenuitarbeidref_value eq @{items('Apply_to_each_Income')?['cr85a_inkomenid']}"},"authentication":"@parameters('$authentication')"}},"Apply_to_each_Salary":{"foreach":"@outputs('List_Salary')?['body/value']","actions":{"Delete_Salary":{"runAfter":{},"type":"OpenApiConnection","inputs":{"host":{"connectionName":"shared_commondataserviceforapps","operationId":"DeleteRecord","apiId":"/providers/Microsoft.PowerApps/apis/shared_commondataserviceforapps"},"parameters":{"entityName":"cr85a_inkomenarbeids","recordId":"@items('Apply_to_each_Salary')?['cr85a_inkomenarbeidid']"},"authentication":"@parameters('$authentication')"}}},"runAfter":{"List_Salary":["Succeeded"]},"type":"Foreach"}}},"Pension":{"case":469280001,"actions":{"List_Pension":{"runAfter":{},"type":"OpenApiConnection","inputs":{"host":{"connectionName":"shared_commondataserviceforapps","operationId":"ListRecords","apiId":"/providers/Microsoft.PowerApps/apis/shared_commondataserviceforapps"},"parameters":{"entityName":"cr85a_pensioenuitkerings","$select":"cr85a_pensioenuitkeringid","$filter":"_cr85a_inkomenpensioenuitk_value eq @{items('Apply_to_each_Income')?['cr85a_inkomenid']}"},"authentication":"@parameters('$authentication')"}},"Apply_to_each_Pension_Allowance":{"foreach":"@outputs('List_Pension')?['body/value']","actions":{"Delete_Pension_Allowance":{"runAfter":{},"type":"OpenApiConnection","inputs":{"host":{"connectionName":"shared_commondataserviceforapps","operationId":"DeleteRecord","apiId":"/providers/Microsoft.PowerApps/apis/shared_commondataserviceforapps"},"parameters":{"entityName":"cr85a_pensioenuitkerings","recordId":"@items('Apply_to_each_Pension_Allowance')?['cr85a_pensioenuitkeringid']"},"authentication":"@parameters('$authentication')"}}},"runAfter":{"List_Pension":["Succeeded"]},"type":"Foreach"}}},"Social_Allowance":{"case":469280004,"actions":{"List_Social_Allowance":{"runAfter":{},"type":"OpenApiConnection","inputs":{"host":{"connectionName":"shared_commondataserviceforapps","operationId":"ListRecords","apiId":"/providers/Microsoft.PowerApps/apis/shared_commondataserviceforapps"},"parameters":{"entityName":"cr85a_ovgsocuitkerings","$select":"cr85a_ovgsocuitkeringid","$filter":"_cr85a_inkomenovgsocuitkering_value eq @{items('Apply_to_each_Income')?['cr85a_inkomenid']}"},"authentication":"@parameters('$authentication')"}},"Apply_to_each_Social_Allowance":{"foreach":"@outputs('List_Social_Allowance')?['body/value']","actions":{"Delete_Other_Social_Allowance":{"runAfter":{},"type":"OpenApiConnection","inputs":{"host":{"connectionName":"shared_commondataserviceforapps","operationId":"DeleteRecord","apiId":"/providers/Microsoft.PowerApps/apis/shared_commondataserviceforapps"},"parameters":{"entityName":"cr85a_ovgsocuitkerings","recordId":"@items('Apply_to_each_Social_Allowance')?['cr85a_ovgsocuitkeringid']"},"authentication":"@parameters('$authentication')"}}},"runAfter":{"List_Social_Allowance":["Succeeded"]},"type":"Foreach"}}},"Assets_(incomeBox3)":{"case":469280003,"actions":{"List_incomebox3":{"runAfter":{},"type":"OpenApiConnection","inputs":{"host":{"connectionName":"shared_commondataserviceforapps","operationId":"ListRecords","apiId":"/providers/Microsoft.PowerApps/apis/shared_commondataserviceforapps"},"parameters":{"entityName":"cr85a_inkomenvermogenbox3s","$select":"cr85a_inkomenvermogenbox3id","$filter":"(_cr85a_inkomenbox3partnerref_value eq @{items('Apply_to_each_Income')?['cr85a_inkomenid']} or cr85a_inkomenbox3partnerrefname eq @{items('Apply_to_each_Income')?['cr85a_inkomenid']})"},"authentication":"@parameters('$authentication')"}},"Apply_to_each_IncomeBox3":{"foreach":"@outputs('List_incomebox3')?['body/value']","actions":{"Delete_IncomeBox3":{"runAfter":{},"type":"OpenApiConnection","inputs":{"host":{"connectionName":"shared_commondataserviceforapps","operationId":"DeleteRecord","apiId":"/providers/Microsoft.PowerApps/apis/shared_commondataserviceforapps"},"parameters":{"entityName":"cr85a_inkomenvermogenbox3s","recordId":"@items('Apply_to_each_IncomeBox3')?['cr85a_inkomenvermogenbox3id']"},"authentication":"@parameters('$authentication')"}}},"runAfter":{"List_incomebox3":["Succeeded"]},"type":"Foreach"}}}},"default":{"actions":{}},"expression":"@items('Apply_to_each_Income')?['cr85a_inkomentype']","metadata":{"operationMetadataId":"957b49f8-f976-4020-afc1-6536cc68be28"},"type":"Switch"}},"runAfter":{"List_Income":["Succeeded"]},"metadata":{"operationMetadataId":"bb4cd42f-de41-4f75-966f-b4ccad2853b0"},"type":"Foreach"}},"runAfter":{"Delete_General_Data":["Succeeded"]},"metadata":{"operationMetadataId":"56850ab0-33cb-4c7d-a3d2-efce5ce11cfb"},"type":"Scope"},"Delete_Situation_AD":{"actions":{"List_Other_Income_and_Costs":{"runAfter":{"Apply_to_each_Assets_AD":["Succeeded"]},"metadata":{"operationMetadataId":"c33586b6-18bf-4c28-8520-b515bb7ca7e9"},"type":"OpenApiConnection","inputs":{"host":{"connectionName":"shared_commondataserviceforapps","operationId":"ListRecords","apiId":"/providers/Microsoft.PowerApps/apis/shared_commondataserviceforapps"},"parameters":{"entityName":"cr85a_ovginkomenlastens","$select":"cr85a_ovginkomenlastenid","$filter":"(_cr85a_ovginkomenlastencaseref_value eq @{outputs('Get_Case')?['body/cr85a_caseid']})"},"authentication":"@parameters('$authentication')"}},"Apply_to_each_Other_Income_and_Costs":{"foreach":"@outputs('List_Other_Income_and_Costs')?['body/value']","actions":{"Delete_Other_Income_and_Costs":{"runAfter":{},"metadata":{"operationMetadataId":"c5d745c5-c035-403b-974e-a186161940fe"},"type":"OpenApiConnection","inputs":{"host":{"connectionName":"shared_commondataserviceforapps","operationId":"DeleteRecord","apiId":"/providers/Microsoft.PowerApps/apis/shared_commondataserviceforapps"},"parameters":{"entityName":"cr85a_ovginkomenlastens","recordId":"@items('Apply_to_each_Other_Income_and_Costs')?['cr85a_ovginkomenlastenid']"},"authentication":"@parameters('$authentication')"}}},"runAfter":{"List_Other_Income_and_Costs":["Succeeded"]},"metadata":{"operationMetadataId":"8d216a6b-05fa-4b42-ad7d-fb07c54efde0"},"type":"Foreach"},"List_Assets_AD":{"runAfter":{},"metadata":{"operationMetadataId":"2c98c2c0-ffdb-4434-8d71-742c43886eda"},"type":"OpenApiConnection","inputs":{"host":{"connectionName":"shared_commondataserviceforapps","operationId":"ListRecords","apiId":"/providers/Microsoft.PowerApps/apis/shared_commondataserviceforapps"},"parameters":{"entityName":"cr85a_vermogennas","$select":"cr85a_vermogennaid","$filter":"(_cr85a_vermogennacalculationref_value eq @{outputs('Get_Calculation')?['body/cr85a_calculationid']})"},"authentication":"@parameters('$authentication')"}},"Apply_to_each_Assets_AD":{"foreach":"@outputs('List_Assets_AD')?['body/value']","actions":{"Delete_Assets_AD":{"runAfter":{},"metadata":{"operationMetadataId":"955563ec-d762-4417-b05e-dd01a949957c"},"type":"OpenApiConnection","inputs":{"host":{"connectionName":"shared_commondataserviceforapps","operationId":"DeleteRecord","apiId":"/providers/Microsoft.PowerApps/apis/shared_commondataserviceforapps"},"parameters":{"entityName":"cr85a_vermogennas","recordId":"@items('Apply_to_each_Assets_AD')?['cr85a_vermogennaid']"},"authentication":"@parameters('$authentication')"}}},"runAfter":{"List_Assets_AD":["Succeeded"]},"metadata":{"operationMetadataId":"219f1125-789a-46a4-bcae-18749e527669"},"type":"Foreach"},"List_Wallet":{"runAfter":{"Apply_to_each_Other_Income_and_Costs":["Succeeded"]},"metadata":{"operationMetadataId":"ec800014-f57e-49db-bd85-ce9d7eb462f3"},"type":"OpenApiConnection","inputs":{"host":{"connectionName":"shared_commondataserviceforapps","operationId":"ListRecords","apiId":"/providers/Microsoft.PowerApps/apis/shared_commondataserviceforapps"},"parameters":{"entityName":"cr85a_portemonnees","$select":"cr85a_portemonneeid","$filter":"(_cr85a_portemonneecalculationref_value eq @{outputs('Get_Calculation')?['body/cr85a_calculationid']})"},"authentication":"@parameters('$authentication')"}},"Apply_to_each_Wallet":{"foreach":"@outputs('List_Wallet')?['body/value']","actions":{"Delete_Wallet":{"runAfter":{},"metadata":{"operationMetadataId":"61a0c628-a9ea-46d1-8742-626a24c79768"},"type":"OpenApiConnection","inputs":{"host":{"connectionName":"shared_commondataserviceforapps","operationId":"DeleteRecord","apiId":"/providers/Microsoft.PowerApps/apis/shared_commondataserviceforapps"},"parameters":{"entityName":"cr85a_portemonnees","recordId":"@items('Apply_to_each_Wallet')?['cr85a_portemonneeid']"},"authentication":"@parameters('$authentication')"}}},"runAfter":{"List_Wallet":["Succeeded"]},"metadata":{"operationMetadataId":"e17221fb-305c-45a2-93e2-341326dca88b"},"type":"Foreach"}},"runAfter":{"Delete_Situation_BD":["Succeeded"]},"metadata":{"operationMetadataId":"694bc449-095a-4723-87fa-97024bc7150a"},"type":"Scope"},"Delete_a_Calculation":{"runAfter":{"Get_Calculation":["Succeeded"]},"metadata":{"operationMetadataId":"ca182dda-2d22-4cfb-b295-0fdce72ffda6"},"type":"OpenApiConnection","inputs":{"host":{"connectionName":"shared_commondataserviceforapps","operationId":"DeleteRecord","apiId":"/providers/Microsoft.PowerApps/apis/shared_commondataserviceforapps"},"parameters":{"entityName":"cr85a_calculations","recordId":"@outputs('Get_Calculation')?['body/cr85a_calculationid']"},"authentication":"@parameters('$authentication')"}},"Response_Fail_2":{"runAfter":{"Response_OK":["Failed","Skipped","TimedOut"]},"metadata":{"operationMetadataId":"30378e99-d4db-407b-8d4e-5dce73f59655"},"type":"Response","kind":"Http","inputs":{"statusCode":400}},"Exist_Case":{"actions":{"Get_Case":{"runAfter":{},"metadata":{"operationMetadataId":"0bc5d3aa-d2f2-44ac-aaee-2decc1ac4cce"},"type":"OpenApiConnection","inputs":{"host":{"connectionName":"shared_commondataserviceforapps","operationId":"GetItem","apiId":"/providers/Microsoft.PowerApps/apis/shared_commondataserviceforapps"},"parameters":{"entityName":"cr85a_cases","recordId":"@outputs('Get_Calculation')?['body/_cr85a_calculation_value']","$select":"cr85a_caseid,_cr85a_casegebruiker_value,_cr85a_caserelatie_value,_cr85a_casepartner_value"},"authentication":"@parameters('$authentication')"}},"Delete_Case":{"runAfter":{"Get_Case":["Succeeded"]},"metadata":{"operationMetadataId":"c6594cc8-5828-439a-849d-96ae50235a0f"},"type":"OpenApiConnection","inputs":{"host":{"connectionName":"shared_commondataserviceforapps","operationId":"DeleteRecord","apiId":"/providers/Microsoft.PowerApps/apis/shared_commondataserviceforapps"},"parameters":{"entityName":"cr85a_cases","recordId":"@outputs('Get_Calculation')?['body/_cr85a_calculation_value']"},"authentication":"@parameters('$authentication')"}}},"runAfter":{"Response_Fail_2":["Failed","Skipped","TimedOut"]},"expression":{"not":{"equals":["@outputs('Get_Calculation')?['body/_cr85a_calculation_value']","@null"]}},"metadata":{"operationMetadataId":"6bc28d89-cce3-495a-9819-a4bd025b95fe"},"type":"If"},"Authentication_+_Authorization":{"runAfter":{},"metadata":{"operationMetadataId":"6156e4da-100d-49f8-9c85-ff72ddde6368"},"type":"OpenApiConnection","inputs":{"host":{"connectionName":"shared_commondataserviceforapps","operationId":"PerformUnboundAction","apiId":"/providers/Microsoft.PowerApps/apis/shared_commondataserviceforapps"},"parameters":{"actionName":"cr85a_AuthenticationAuthorizationProcess","item/PortalAuthToken":"@triggerOutputs()['headers']['portalauthtoken']","item/CalculationId":"@triggerBody()?['cr85a_calculationid']"},"authentication":"@parameters('$authentication')"}},"Condition_Authentication_+_Authorization":{"actions":{},"runAfter":{"Authentication_+_Authorization":["Succeeded"]},"else":{"actions":{"Response_Authentication_+_Authorization":{"runAfter":{},"metadata":{"operationMetadataId":"a28db4f1-5fe9-4710-810a-7ffbd6894cfd"},"type":"Response","kind":"Http","inputs":{"statusCode":"@outputs('Authentication_+_Authorization')?['body/HttpCode']","body":"@outputs('Authentication_+_Authorization')?['body/ErrorMessage']"}},"Terminate":{"runAfter":{"Response_Authentication_+_Authorization":["Succeeded"]},"metadata":{"operationMetadataId":"1e03b376-ad7f-4fa9-8d49-4003dc2fab7a"},"type":"Terminate","inputs":{"runStatus":"Succeeded"}}}},"expression":{"equals":["@outputs('Authentication_+_Authorization')?['body/AuthResult']","@true"]},"metadata":{"operationMetadataId":"e595db21-018d-4d35-93dc-c14924caaa6e"},"type":"If"}},"outputs":{}}},"schemaVersion":"1.0.0.0"}