{"properties":{"connectionReferences":{"shared_commondataserviceforapps":{"runtimeSource":"embedded","connection":{"connectionReferenceLogicalName":"cr85a_sharedcommondataserviceforapps_81ac3"},"api":{"name":"shared_commondataserviceforapps"}},"shared_commondataserviceforapps_1":{"runtimeSource":"embedded","connection":{"connectionReferenceLogicalName":"cr85a_sharedcommondataserviceforapps_472b0"},"api":{"name":"shared_commondataserviceforapps"}}},"definition":{"$schema":"https://schema.management.azure.com/providers/Microsoft.Logic/schemas/2016-06-01/workflowdefinition.json#","contentVersion":"1.0.0.0","parameters":{"$connections":{"defaultValue":{},"type":"Object"},"$authentication":{"defaultValue":{},"type":"SecureObject"}},"triggers":{"manual":{"metadata":{"operationMetadataId":"5c9e3bd0-4297-4cca-b796-3433bc4b66bf"},"type":"Request","kind":"Button","inputs":{"schema":{"type":"object","properties":{"text":{"title":"ContactId","type":"string","x-ms-dynamically-added":true,"description":"Please enter your input","x-ms-content-hint":"TEXT"},"text_1":{"title":"DossierId","type":"string","x-ms-dynamically-added":true,"description":"Please enter your input","x-ms-content-hint":"TEXT"}},"required":["text","text_1"]}}}},"actions":{"List_the_calculations":{"runAfter":{"Update_Dossier_to_expired":["Succeeded"]},"metadata":{"operationMetadataId":"b49387aa-88d2-49bc-a69e-300f06d9daa3"},"type":"OpenApiConnection","inputs":{"host":{"connectionName":"shared_commondataserviceforapps","operationId":"ListRecords","apiId":"/providers/Microsoft.PowerApps/apis/shared_commondataserviceforapps"},"parameters":{"entityName":"cr85a_calculations","$select":"cr85a_calculationid,cr85a_description,cr85a_name","$filter":"(_cr85a_contact_value eq @{triggerBody()['text']})"},"authentication":{"type":"Raw","value":"@json(decodeBase64(triggerOutputs().headers['X-MS-APIM-Tokens']))['$ConnectionKey']"}}},"For_Each_Calculations":{"foreach":"@outputs('List_the_calculations')?['body/value']","actions":{"Delink_name_and_description":{"runAfter":{},"metadata":{"operationMetadataId":"2c35b714-43df-444f-9121-eef2daaf30ec"},"type":"OpenApiConnection","inputs":{"host":{"connectionName":"shared_commondataserviceforapps","operationId":"UpdateRecord","apiId":"/providers/Microsoft.PowerApps/apis/shared_commondataserviceforapps"},"parameters":{"entityName":"cr85a_calculations","recordId":"@items('For_Each_Calculations')?['cr85a_calculationid']","item/cr85a_name":"@null","item/cr85a_Contact@odata.bind":"@null","item/cr85a_description":"@null"},"authentication":{"type":"Raw","value":"@json(decodeBase64(triggerOutputs().headers['X-MS-APIM-Tokens']))['$ConnectionKey']"}}},"Get_CaseInfo":{"runAfter":{"Delink_name_and_description":["Succeeded"]},"metadata":{"operationMetadataId":"e48e655c-cb09-4626-be4f-054d7d048870"},"type":"OpenApiConnection","inputs":{"host":{"connectionName":"shared_commondataserviceforapps","operationId":"GetItem","apiId":"/providers/Microsoft.PowerApps/apis/shared_commondataserviceforapps"},"parameters":{"entityName":"cr85a_cases","recordId":"@outputs('Delink_name_and_description')?['body/_cr85a_calculation_value']"},"authentication":{"type":"Raw","value":"@json(decodeBase64(triggerOutputs().headers['X-MS-APIM-Tokens']))['$ConnectionKey']"}}},"Delink_User_Details":{"runAfter":{"Get_CaseInfo":["Succeeded"]},"metadata":{"operationMetadataId":"255fa99d-8cbb-4f0a-a75c-2bf94a9135ab"},"type":"OpenApiConnection","inputs":{"host":{"connectionName":"shared_commondataserviceforapps","operationId":"UpdateRecord","apiId":"/providers/Microsoft.PowerApps/apis/shared_commondataserviceforapps"},"parameters":{"entityName":"cr85a_gebruikers","recordId":"@outputs('Get_CaseInfo')?['body/_cr85a_casegebruiker_value']","item/cr85a_gebruiker":"@null","item/cr85a_vlgebruiker":"@null","item/cr85a_nmgebruiker":"@null","item/cr85a_woonplaatsgebruiker":"@null","item/cr85a_huisnummergebruiker":"@null","item/cr85a_huisnrtoevoeginggebruiker":"@null","item/cr85a_voorvgebruiker":"@null","item/cr85a_straatgebruiker":"@null"},"authentication":{"type":"Raw","value":"@json(decodeBase64(triggerOutputs().headers['X-MS-APIM-Tokens']))['$ConnectionKey']"}}},"Delink_Partner_Details":{"runAfter":{"Delink_User_Details":["Succeeded"]},"metadata":{"operationMetadataId":"e3812db1-3080-4bcb-9ce4-f18f339e8de9"},"type":"OpenApiConnection","inputs":{"host":{"connectionName":"shared_commondataserviceforapps","operationId":"UpdateRecord","apiId":"/providers/Microsoft.PowerApps/apis/shared_commondataserviceforapps"},"parameters":{"entityName":"cr85a_partners","recordId":"@outputs('Get_CaseInfo')?['body/_cr85a_casepartner_value']","item/cr85a_partner":"@null","item/cr85a_vlpartner":"@null","item/cr85a_nmpartner":"@null","item/cr85a_voorvpartner":"@null"},"authentication":{"type":"Raw","value":"@json(decodeBase64(triggerOutputs().headers['X-MS-APIM-Tokens']))['$ConnectionKey']"}}},"Get_RelationInfo":{"runAfter":{"Delink_Partner_Details":["Succeeded"]},"metadata":{"operationMetadataId":"473c106f-e01d-4780-bacc-afe92399cf11"},"type":"OpenApiConnection","inputs":{"host":{"connectionName":"shared_commondataserviceforapps","operationId":"GetItem","apiId":"/providers/Microsoft.PowerApps/apis/shared_commondataserviceforapps"},"parameters":{"entityName":"cr85a_relaties","recordId":"@outputs('Get_CaseInfo')?['body/_cr85a_caserelatie_value']"},"authentication":{"type":"Raw","value":"@json(decodeBase64(triggerOutputs().headers['X-MS-APIM-Tokens']))['$ConnectionKey']"}}},"List_Assets_and_Liabilities":{"runAfter":{"If_has_children":["Succeeded"]},"metadata":{"operationMetadataId":"a7296b21-e64e-4cfb-a65e-4c7b98b0df0e"},"type":"OpenApiConnection","inputs":{"host":{"connectionName":"shared_commondataserviceforapps","operationId":"ListRecords","apiId":"/providers/Microsoft.PowerApps/apis/shared_commondataserviceforapps"},"parameters":{"entityName":"cr85a_vermogenscomponents","$select":"cr85a_componentomschrijving,cr85a_vermogenscomponentid","$filter":"(_cr85a_relatievermogenscomponent_value eq @{outputs('Get_RelationInfo')?['body/cr85a_relatieid']})"},"authentication":{"type":"Raw","value":"@json(decodeBase64(triggerOutputs().headers['X-MS-APIM-Tokens']))['$ConnectionKey']"}}},"Delink_Contact_Relation":{"runAfter":{"If_has_assests":["Succeeded"]},"metadata":{"operationMetadataId":"609de59b-8f49-4a71-9434-834cf6fc870e"},"type":"OpenApiConnection","inputs":{"host":{"connectionName":"shared_commondataserviceforapps","operationId":"UpdateRecord","apiId":"/providers/Microsoft.PowerApps/apis/shared_commondataserviceforapps"},"parameters":{"entityName":"cr85a_relaties","recordId":"@outputs('Get_RelationInfo')?['body/cr85a_relatieid']","item/cr85a_ModifiedbyContact@odata.bind":"@null"},"authentication":{"type":"Raw","value":"@json(decodeBase64(triggerOutputs().headers['X-MS-APIM-Tokens']))['$ConnectionKey']"}}},"List_of_children":{"runAfter":{"Get_RelationInfo":["Succeeded"]},"metadata":{"operationMetadataId":"56e50801-f531-4a8a-a1b7-a944a901bdad"},"type":"OpenApiConnection","inputs":{"host":{"connectionName":"shared_commondataserviceforapps","operationId":"ListRecords","apiId":"/providers/Microsoft.PowerApps/apis/shared_commondataserviceforapps"},"parameters":{"entityName":"cr85a_kinds","$select":"cr85a_kindid","$filter":"(_cr85a_relatiekind_value eq @{outputs('Get_RelationInfo')?['body/cr85a_relatieid']})"},"authentication":{"type":"Raw","value":"@json(decodeBase64(triggerOutputs().headers['X-MS-APIM-Tokens']))['$ConnectionKey']"}}},"List_Inkome_Information":{"runAfter":{"Delink_Contact_Relation":["Succeeded"]},"metadata":{"operationMetadataId":"5e19cc7e-aa14-43ec-aa5b-5c092d2cf6d9"},"type":"OpenApiConnection","inputs":{"host":{"connectionName":"shared_commondataserviceforapps","operationId":"ListRecords","apiId":"/providers/Microsoft.PowerApps/apis/shared_commondataserviceforapps"},"parameters":{"entityName":"cr85a_inkomens","$select":"cr85a_inkomenid","$filter":"(_cr85a_calculationidref_value eq @{items('For_Each_Calculations')?['cr85a_calculationid']})"},"authentication":{"type":"Raw","value":"@json(decodeBase64(triggerOutputs().headers['X-MS-APIM-Tokens']))['$ConnectionKey']"}}},"If_has_children":{"actions":{"For_each_Child":{"foreach":"@outputs('List_of_children')?['body/value']","actions":{"Delink_Children_Details":{"runAfter":{},"metadata":{"operationMetadataId":"0fb5f63a-5d43-4306-b64c-e9ab8340308e"},"type":"OpenApiConnection","inputs":{"host":{"connectionName":"shared_commondataserviceforapps","operationId":"UpdateRecord","apiId":"/providers/Microsoft.PowerApps/apis/shared_commondataserviceforapps"},"parameters":{"entityName":"cr85a_kinds","recordId":"@items('For_each_Child')?['cr85a_kindid']","item/cr85a_ModifiedbyContact@odata.bind":"@null","item/cr85a_nmkind":"@null"},"authentication":{"type":"Raw","value":"@json(decodeBase64(triggerOutputs().headers['X-MS-APIM-Tokens']))['$ConnectionKey']"}}}},"runAfter":{},"metadata":{"operationMetadataId":"48c7e5a1-704b-4a92-bab4-66fb4604072d"},"type":"Foreach"}},"runAfter":{"List_of_children":["Succeeded"]},"expression":{"not":{"equals":["@length(outputs('List_of_children')?['body/value'])",0]}},"metadata":{"operationMetadataId":"4d3b4578-74b7-4a8f-9841-d9e56fe6c3fe"},"type":"If"},"If_has_assests":{"actions":{"For_each_assests_and_liabilities":{"foreach":"@outputs('List_Assets_and_Liabilities')?['body/value']","actions":{"If_mortgage_is_there":{"actions":{"Delink_mortgage_description":{"runAfter":{},"metadata":{"operationMetadataId":"b4a94bde-c2db-435d-82ab-3eef9554ac61"},"type":"OpenApiConnection","inputs":{"host":{"connectionName":"shared_commondataserviceforapps","operationId":"UpdateRecord","apiId":"/providers/Microsoft.PowerApps/apis/shared_commondataserviceforapps"},"parameters":{"entityName":"cr85a_hypotheeks","recordId":"@outputs('Get_Mortage_info')?['body/cr85a_hypotheekid']","item/cr85a_hypotheekomschrijving":"@null"},"authentication":{"type":"Raw","value":"@json(decodeBase64(triggerOutputs().headers['X-MS-APIM-Tokens']))['$ConnectionKey']"}}}},"runAfter":{"Get_Mortage_info":["Succeeded"]},"expression":{"not":{"equals":["@length(outputs('Get_Mortage_info')?['body'])",0]}},"metadata":{"operationMetadataId":"3accd807-f9de-4f2c-932e-c91190437d51"},"type":"If"},"Get_the_assests_info":{"runAfter":{},"metadata":{"operationMetadataId":"46b6fe60-23c8-47a7-b7f8-8de153566931"},"type":"OpenApiConnection","inputs":{"host":{"connectionName":"shared_commondataserviceforapps","operationId":"GetItem","apiId":"/providers/Microsoft.PowerApps/apis/shared_commondataserviceforapps"},"parameters":{"entityName":"cr85a_vermogenscomponents","recordId":"@items('For_each_assests_and_liabilities')?['cr85a_vermogenscomponentid']"},"authentication":{"type":"Raw","value":"@json(decodeBase64(triggerOutputs().headers['X-MS-APIM-Tokens']))['$ConnectionKey']"}}},"Delink_description_of_assest_and_lia":{"runAfter":{"Get_the_assests_info":["Succeeded"]},"metadata":{"operationMetadataId":"d127ddb4-18a1-40ba-88f2-d7649940926d"},"type":"OpenApiConnection","inputs":{"host":{"connectionName":"shared_commondataserviceforapps","operationId":"UpdateRecord","apiId":"/providers/Microsoft.PowerApps/apis/shared_commondataserviceforapps"},"parameters":{"entityName":"cr85a_vermogenscomponents","recordId":"@outputs('Get_the_assests_info')?['body/cr85a_vermogenscomponentid']","item/cr85a_componentomschrijving":"@null"},"authentication":{"type":"Raw","value":"@json(decodeBase64(triggerOutputs().headers['X-MS-APIM-Tokens']))['$ConnectionKey']"}}},"Get_Mortage_info":{"runAfter":{"Delink_description_of_assest_and_lia":["Succeeded"]},"metadata":{"operationMetadataId":"02a19cc9-9637-497d-9d81-2bb63b851c70"},"type":"OpenApiConnection","inputs":{"host":{"connectionName":"shared_commondataserviceforapps","operationId":"GetItem","apiId":"/providers/Microsoft.PowerApps/apis/shared_commondataserviceforapps"},"parameters":{"entityName":"cr85a_hypotheeks","recordId":"@outputs('Get_the_assests_info')?['body/cr85a_vermogenscomponentid']"},"authentication":{"type":"Raw","value":"@json(decodeBase64(triggerOutputs().headers['X-MS-APIM-Tokens']))['$ConnectionKey']"}}}},"runAfter":{},"metadata":{"operationMetadataId":"5dfd021c-5446-4b97-9c36-58496c879493"},"type":"Foreach"}},"runAfter":{"List_Assets_and_Liabilities":["Succeeded"]},"expression":{"not":{"equals":["@length(outputs('List_Assets_and_Liabilities')?['body/value'])",0]}},"metadata":{"operationMetadataId":"72998591-0571-4b18-ba91-136d9f8999dc"},"type":"If"},"If_has_income":{"actions":{"Foreach_Income":{"foreach":"@outputs('List_Inkome_Information')?['body/value']","actions":{"SalraryInfo":{"runAfter":{},"metadata":{"operationMetadataId":"775b6ad7-5ba0-4d8f-a3b3-cfec8691b944"},"type":"OpenApiConnection","inputs":{"host":{"connectionName":"shared_commondataserviceforapps","operationId":"ListRecords","apiId":"/providers/Microsoft.PowerApps/apis/shared_commondataserviceforapps"},"parameters":{"entityName":"cr85a_inkomenarbeids","$select":"cr85a_inkomenarbeidid","$filter":"(_cr85a_inkomenuitarbeidref_value eq @{items('Foreach_Income')?['cr85a_inkomenid']})"},"authentication":{"type":"Raw","value":"@json(decodeBase64(triggerOutputs().headers['X-MS-APIM-Tokens']))['$ConnectionKey']"}}},"Foreach_Salary":{"foreach":"@outputs('SalraryInfo')?['body/value']","actions":{"Delink_salary_contact":{"runAfter":{},"metadata":{"operationMetadataId":"daf00d29-a0e1-4513-b5bf-5235b01388d4"},"type":"OpenApiConnection","inputs":{"host":{"connectionName":"shared_commondataserviceforapps","operationId":"UpdateRecord","apiId":"/providers/Microsoft.PowerApps/apis/shared_commondataserviceforapps"},"parameters":{"entityName":"cr85a_inkomenarbeids","recordId":"@items('Foreach_Salary')?['cr85a_inkomenarbeidid']","item/cr85a_ModifiedByContact@odata.bind":"@null"},"authentication":{"type":"Raw","value":"@json(decodeBase64(triggerOutputs().headers['X-MS-APIM-Tokens']))['$ConnectionKey']"}}}},"runAfter":{"SalraryInfo":["Succeeded"]},"metadata":{"operationMetadataId":"7feabd6f-920f-4c4a-b914-fc99fe9fc81b"},"type":"Foreach"},"PensionInfo":{"runAfter":{"Foreach_Salary":["Succeeded"]},"metadata":{"operationMetadataId":"1851bba1-9363-4def-aa56-a8a090f17342"},"type":"OpenApiConnection","inputs":{"host":{"connectionName":"shared_commondataserviceforapps","operationId":"ListRecords","apiId":"/providers/Microsoft.PowerApps/apis/shared_commondataserviceforapps"},"parameters":{"entityName":"cr85a_pensioenuitkerings","$select":"cr85a_pensioenuitkeringid","$filter":"(_cr85a_inkomenpensioenuitk_value eq @{items('Foreach_Income')?['cr85a_inkomenid']})"},"authentication":{"type":"Raw","value":"@json(decodeBase64(triggerOutputs().headers['X-MS-APIM-Tokens']))['$ConnectionKey']"}}},"Foreach_Pension":{"foreach":"@outputs('PensionInfo')?['body/value']","actions":{"Delink_Pension_contact":{"runAfter":{},"metadata":{"operationMetadataId":"ab424980-e9a1-4a82-a442-48bff8d77dad"},"type":"OpenApiConnection","inputs":{"host":{"connectionName":"shared_commondataserviceforapps","operationId":"UpdateRecord","apiId":"/providers/Microsoft.PowerApps/apis/shared_commondataserviceforapps"},"parameters":{"entityName":"cr85a_pensioenuitkerings","recordId":"@items('Foreach_Pension')?['cr85a_pensioenuitkeringid']","item/cr85a_ModifiedByContact@odata.bind":"@null"},"authentication":{"type":"Raw","value":"@json(decodeBase64(triggerOutputs().headers['X-MS-APIM-Tokens']))['$ConnectionKey']"}}}},"runAfter":{"PensionInfo":["Succeeded"]},"metadata":{"operationMetadataId":"a05df41d-ee95-4cca-a0d8-ac19a1507327"},"type":"Foreach"},"OtherSocialAllowanceInfo":{"runAfter":{"Foreach_Pension":["Succeeded"]},"metadata":{"operationMetadataId":"21335a05-8552-47dc-a9d5-621db4341b53"},"type":"OpenApiConnection","inputs":{"host":{"connectionName":"shared_commondataserviceforapps","operationId":"ListRecords","apiId":"/providers/Microsoft.PowerApps/apis/shared_commondataserviceforapps"},"parameters":{"entityName":"cr85a_ovgsocuitkerings","$select":"cr85a_ovgsocuitkeringid","$filter":"(_cr85a_inkomenovgsocuitkering_value eq @{items('Foreach_Income')?['cr85a_inkomenid']})"},"authentication":{"type":"Raw","value":"@json(decodeBase64(triggerOutputs().headers['X-MS-APIM-Tokens']))['$ConnectionKey']"}}},"Foreach_Other_SocialAllowance":{"foreach":"@outputs('OtherSocialAllowanceInfo')?['body/value']","actions":{"Delink_Social_Allowance_and_Contact":{"runAfter":{},"metadata":{"operationMetadataId":"c65eb0c4-8071-440c-83da-021f921bd34c"},"type":"OpenApiConnection","inputs":{"host":{"connectionName":"shared_commondataserviceforapps","operationId":"UpdateRecord","apiId":"/providers/Microsoft.PowerApps/apis/shared_commondataserviceforapps"},"parameters":{"entityName":"cr85a_ovgsocuitkerings","recordId":"@items('Foreach_Other_SocialAllowance')?['cr85a_ovgsocuitkeringid']","item/cr85a_ModifiedByContact@odata.bind":"@null"},"authentication":{"type":"Raw","value":"@json(decodeBase64(triggerOutputs().headers['X-MS-APIM-Tokens']))['$ConnectionKey']"}}}},"runAfter":{"OtherSocialAllowanceInfo":["Succeeded"]},"metadata":{"operationMetadataId":"d6fa84b9-ef01-4c62-aedd-cc3b7b806736"},"type":"Foreach"},"IncomeBox3Info":{"runAfter":{"Foreach_Other_SocialAllowance":["Succeeded"]},"metadata":{"operationMetadataId":"f8969644-3af0-4364-842a-982d9e708999"},"type":"OpenApiConnection","inputs":{"host":{"connectionName":"shared_commondataserviceforapps","operationId":"ListRecords","apiId":"/providers/Microsoft.PowerApps/apis/shared_commondataserviceforapps"},"parameters":{"entityName":"cr85a_inkomenvermogenbox3s","$select":"cr85a_inkomenvermogenbox3id","$filter":"(_cr85a_inkomenbox3ref_value eq @{items('Foreach_Income')?['cr85a_inkomenid']})"},"authentication":{"type":"Raw","value":"@json(decodeBase64(triggerOutputs().headers['X-MS-APIM-Tokens']))['$ConnectionKey']"}}},"Foreach_Incomebox3":{"foreach":"@outputs('IncomeBox3Info')?['body/value']","actions":{"Delink_Inomebox3_and_Contact":{"runAfter":{},"metadata":{"operationMetadataId":"f7aca3bf-979d-408d-acd2-d3c6b532b870"},"type":"OpenApiConnection","inputs":{"host":{"connectionName":"shared_commondataserviceforapps","operationId":"UpdateRecord","apiId":"/providers/Microsoft.PowerApps/apis/shared_commondataserviceforapps"},"parameters":{"entityName":"cr85a_inkomenvermogenbox3s","recordId":"@items('Foreach_Incomebox3')?['cr85a_inkomenvermogenbox3id']","item/cr85a_ModifiedByContact@odata.bind":"@null"},"authentication":{"type":"Raw","value":"@json(decodeBase64(triggerOutputs().headers['X-MS-APIM-Tokens']))['$ConnectionKey']"}}}},"runAfter":{"IncomeBox3Info":["Succeeded"]},"metadata":{"operationMetadataId":"81517e4d-3fff-40dc-86f9-80faf5359684"},"type":"Foreach"}},"runAfter":{},"metadata":{"operationMetadataId":"a7fb6246-537c-4a79-993d-5659e73b01cd"},"type":"Foreach"}},"runAfter":{"List_Inkome_Information":["Succeeded"]},"expression":{"not":{"equals":["@length(outputs('List_Inkome_Information')?['body/value'])",0]}},"metadata":{"operationMetadataId":"b61a8a8c-cebe-4632-93e4-08d9c5b435db"},"type":"If"}},"runAfter":{"List_the_calculations":["Succeeded"]},"metadata":{"operationMetadataId":"588a3e1a-d9f6-466f-9d21-0bdf158a4360"},"type":"Foreach"},"Respond_to_a_PowerApp_or_flow":{"runAfter":{"Delink_Dossier_Number":["Succeeded"]},"metadata":{"operationMetadataId":"e1f8342e-f50f-4b0c-b0cf-38d3a03aaa52"},"type":"Response","kind":"PowerApp","inputs":{"statusCode":200,"body":{"result":"@{true}"},"schema":{"type":"object","properties":{"result":{"title":"Result","x-ms-dynamically-added":true,"type":"string"}}}}},"Delink_Dossier_Number":{"runAfter":{"Has_Authorizations":["Succeeded"]},"metadata":{"operationMetadataId":"5c31a834-bd3c-49ba-b426-91ce7ff58c58"},"type":"OpenApiConnection","inputs":{"host":{"connectionName":"shared_commondataserviceforapps","operationId":"UpdateRecord","apiId":"/providers/Microsoft.PowerApps/apis/shared_commondataserviceforapps"},"parameters":{"entityName":"cr85a_dossiers","recordId":"@triggerBody()['text_1']","item/cr85a_dossiernummer":"@null"},"authentication":{"type":"Raw","value":"@json(decodeBase64(triggerOutputs().headers['X-MS-APIM-Tokens']))['$ConnectionKey']"}}},"Delete_ContactscanInformation":{"runAfter":{"Delink_Contact_relationships":["Succeeded"]},"metadata":{"operationMetadataId":"7e76f9b8-5c0d-4cfc-bb2a-f0bddcacfed2"},"type":"OpenApiConnection","inputs":{"host":{"connectionName":"shared_commondataserviceforapps","operationId":"DeleteRecord","apiId":"/providers/Microsoft.PowerApps/apis/shared_commondataserviceforapps"},"parameters":{"entityName":"cr85a_contactscaninformations","recordId":"@outputs('Get_Contact_Details')?['body/_cr85a_contact_contactscan_value']"},"authentication":{"type":"Raw","value":"@json(decodeBase64(triggerOutputs().headers['X-MS-APIM-Tokens']))['$ConnectionKey']"}}},"Get_Contact_Details":{"runAfter":{"For_Each_Calculations":["Succeeded"]},"metadata":{"operationMetadataId":"4fdfe02b-ef8a-47a0-8e70-ef7576b2a677"},"type":"OpenApiConnection","inputs":{"host":{"connectionName":"shared_commondataserviceforapps","operationId":"GetItem","apiId":"/providers/Microsoft.PowerApps/apis/shared_commondataserviceforapps"},"parameters":{"entityName":"contacts","recordId":"@triggerBody()['text']"},"authentication":{"type":"Raw","value":"@json(decodeBase64(triggerOutputs().headers['X-MS-APIM-Tokens']))['$ConnectionKey']"}}},"Delink_Contact_relationships":{"runAfter":{"Get_Contact_Details":["Succeeded"]},"metadata":{"operationMetadataId":"58db1402-3863-4a7e-8fe7-d557baacd1ae"},"type":"OpenApiConnection","inputs":{"host":{"connectionName":"shared_commondataserviceforapps","operationId":"UpdateRecord","apiId":"/providers/Microsoft.PowerApps/apis/shared_commondataserviceforapps"},"parameters":{"entityName":"contacts","recordId":"@triggerBody()['text']","item/cr85a_Contact_ContactScan@odata.bind":"@null","item/cr85a_dossierref@odata.bind":"@null"},"authentication":{"type":"Raw","value":"@json(decodeBase64(triggerOutputs().headers['X-MS-APIM-Tokens']))['$ConnectionKey']"}}},"List_Attachments":{"runAfter":{"Delete_ContactscanInformation":["Succeeded"]},"metadata":{"operationMetadataId":"dd659ba4-7085-46d1-af3f-1cfeef0a1b34"},"type":"OpenApiConnection","inputs":{"host":{"connectionName":"shared_commondataserviceforapps","operationId":"ListRecords","apiId":"/providers/Microsoft.PowerApps/apis/shared_commondataserviceforapps"},"parameters":{"entityName":"cr85a_calculationattachments","$select":"cr85a_calculationattachmentid","$filter":"(_cr85a_attachment_dossier_value eq @{triggerBody()['text_1']})"},"authentication":{"type":"Raw","value":"@json(decodeBase64(triggerOutputs().headers['X-MS-APIM-Tokens']))['$ConnectionKey']"}}},"List_Authorizations":{"runAfter":{"If_has_attachments":["Succeeded"]},"metadata":{"operationMetadataId":"7b111e48-e439-47c3-ba8e-4478c1afdeb2"},"type":"OpenApiConnection","inputs":{"host":{"connectionName":"shared_commondataserviceforapps","operationId":"ListRecords","apiId":"/providers/Microsoft.PowerApps/apis/shared_commondataserviceforapps"},"parameters":{"entityName":"cr85a_authorizationses","$select":"cr85a_authorizationsid","$filter":"(_cr85a_contactref_value eq @{triggerBody()['text']} )"},"authentication":{"type":"Raw","value":"@json(decodeBase64(triggerOutputs().headers['X-MS-APIM-Tokens']))['$ConnectionKey']"}}},"Update_Dossier_to_expired":{"runAfter":{"Get_Dossier_Details":["Succeeded"]},"metadata":{"operationMetadataId":"c77b84ce-b936-43da-9b3b-13395a883b5e"},"type":"OpenApiConnection","inputs":{"host":{"connectionName":"shared_commondataserviceforapps","operationId":"UpdateRecord","apiId":"/providers/Microsoft.PowerApps/apis/shared_commondataserviceforapps"},"parameters":{"entityName":"cr85a_dossiers","recordId":"@triggerBody()['text_1']","item/cr85a_scanstatus":469280004,"item/cr85a_laststatusbeforeexpired":"@outputs('Get_Dossier_Details')?['body/cr85a_scanstatus']"},"authentication":{"type":"Raw","value":"@json(decodeBase64(triggerOutputs().headers['X-MS-APIM-Tokens']))['$ConnectionKey']"}}},"Get_Dossier_Details":{"runAfter":{},"metadata":{"operationMetadataId":"9bb63a01-1047-4b5d-b6b0-e434597524a4"},"type":"OpenApiConnection","inputs":{"host":{"connectionName":"shared_commondataserviceforapps","operationId":"GetItem","apiId":"/providers/Microsoft.PowerApps/apis/shared_commondataserviceforapps"},"parameters":{"entityName":"cr85a_dossiers","recordId":"@triggerBody()['text_1']"},"authentication":{"type":"Raw","value":"@json(decodeBase64(triggerOutputs().headers['X-MS-APIM-Tokens']))['$ConnectionKey']"}}},"If_has_attachments":{"actions":{"For_each_Attachment":{"foreach":"@outputs('List_Attachments')?['body/value']","actions":{"Delete_Attachments":{"runAfter":{},"metadata":{"operationMetadataId":"1af981a5-fe4f-4f46-a589-4c124cae6ed3"},"type":"OpenApiConnection","inputs":{"host":{"connectionName":"shared_commondataserviceforapps","operationId":"DeleteRecord","apiId":"/providers/Microsoft.PowerApps/apis/shared_commondataserviceforapps"},"parameters":{"entityName":"cr85a_calculationattachments","recordId":"@items('For_each_Attachment')?['cr85a_calculationattachmentid']"},"authentication":{"type":"Raw","value":"@json(decodeBase64(triggerOutputs().headers['X-MS-APIM-Tokens']))['$ConnectionKey']"}}}},"runAfter":{},"metadata":{"operationMetadataId":"e3187c48-0d74-4db4-aff7-ee8a4f04b10a"},"type":"Foreach"}},"runAfter":{"List_Attachments":["Succeeded"]},"expression":{"not":{"equals":["@length(outputs('List_Attachments')?['body/value'])",0]}},"metadata":{"operationMetadataId":"7229e3d3-09b2-4575-af13-f2da5d032a6d"},"type":"If"},"Has_Authorizations":{"actions":{"For_each_Authorization":{"foreach":"@outputs('List_Authorizations')?['body/value']","actions":{"Delink_contactrelations":{"runAfter":{},"metadata":{"operationMetadataId":"69d3f574-4bd0-4a22-999e-07335311e5b4"},"type":"OpenApiConnection","inputs":{"host":{"connectionName":"shared_commondataserviceforapps","operationId":"UpdateRecord","apiId":"/providers/Microsoft.PowerApps/apis/shared_commondataserviceforapps"},"parameters":{"entityName":"cr85a_authorizationses","recordId":"@items('For_each_Authorization')?['cr85a_authorizationsid']","item/cr85a_contactref@odata.bind":"@null"},"authentication":{"type":"Raw","value":"@json(decodeBase64(triggerOutputs().headers['X-MS-APIM-Tokens']))['$ConnectionKey']"}}},"List_the_Invites":{"runAfter":{"Update_Authorization_status_-_Revoked":["Succeeded"]},"metadata":{"operationMetadataId":"0d1f6baa-407b-46c6-a8d9-2a10d17c34e4"},"type":"OpenApiConnection","inputs":{"host":{"connectionName":"shared_commondataserviceforapps","operationId":"ListRecords","apiId":"/providers/Microsoft.PowerApps/apis/shared_commondataserviceforapps"},"parameters":{"entityName":"cr85a_inviteses","$select":"cr85a_invitesid","$filter":"(_cr85a_authorizationref_value eq @{items('For_each_Authorization')?['cr85a_authorizationsid']})"},"authentication":{"type":"Raw","value":"@json(decodeBase64(triggerOutputs().headers['X-MS-APIM-Tokens']))['$ConnectionKey']"}}},"For_each_Invites":{"foreach":"@outputs('List_the_Invites')?['body/value']","actions":{"Update_the_Invites":{"runAfter":{},"metadata":{"operationMetadataId":"055df508-23c4-4528-ba54-d3fbcc48fa02"},"type":"OpenApiConnection","inputs":{"host":{"connectionName":"shared_commondataserviceforapps","operationId":"UpdateRecord","apiId":"/providers/Microsoft.PowerApps/apis/shared_commondataserviceforapps"},"parameters":{"entityName":"cr85a_inviteses","recordId":"@items('For_each_Invites')?['cr85a_invitesid']","item/cr85a_email":"@null","item/cr85a_name":"@null"},"authentication":{"type":"Raw","value":"@json(decodeBase64(triggerOutputs().headers['X-MS-APIM-Tokens']))['$ConnectionKey']"}}}},"runAfter":{"List_the_Invites":["Succeeded"]},"metadata":{"operationMetadataId":"910a9c01-0828-46cc-aa98-3d470fabb335"},"type":"Foreach"},"Update_Authorization_status_-_Revoked":{"runAfter":{"Delink_contactrelations":["Succeeded"]},"metadata":{"operationMetadataId":"13742b83-7db1-47e8-af69-948cd64bedc5"},"type":"OpenApiConnection","inputs":{"host":{"connectionName":"shared_commondataserviceforapps_1","operationId":"UpdateRecord","apiId":"/providers/Microsoft.PowerApps/apis/shared_commondataserviceforapps"},"parameters":{"entityName":"cr85a_authorizationses","recordId":"@items('For_each_Authorization')?['cr85a_authorizationsid']","item/cr85a_statusaut":469280003},"authentication":{"type":"Raw","value":"@json(decodeBase64(triggerOutputs().headers['X-MS-APIM-Tokens']))['$ConnectionKey']"}}}},"runAfter":{},"metadata":{"operationMetadataId":"fd9be12b-bb24-45c1-8c29-bc764861ea07"},"type":"Foreach"}},"runAfter":{"List_Authorizations":["Succeeded"]},"expression":{"not":{"equals":["@length(outputs('List_Authorizations')?['body/value'])",0]}},"metadata":{"operationMetadataId":"d6f7556c-cf68-4afe-9f09-b44a917cb91c"},"type":"If"}}}},"schemaVersion":"1.0.0.0"}