{"properties":{"connectionReferences":{"shared_commondataservice":{"runtimeSource":"invoker","connection":{"connectionReferenceLogicalName":"cr85a_sharedcommondataservice_fa191"},"api":{"name":"shared_commondataservice"}}},"definition":{"$schema":"https://schema.management.azure.com/providers/Microsoft.Logic/schemas/2016-06-01/workflowdefinition.json#","contentVersion":"1.0.0.0","parameters":{"$connections":{"defaultValue":{},"type":"Object"},"$authentication":{"defaultValue":{},"type":"SecureObject"}},"triggers":{"manual":{"splitOn":"@triggerBody()['rows']","metadata":{"operationMetadataId":"b8544eda-0332-4e2f-ab51-0fc5154adb21"},"type":"Request","kind":"ApiConnection","inputs":{"schema":{"type":"object","properties":{"rows":{"type":"array","items":{"type":"object","properties":{"entity":{"type":"object","properties":{"contactid":{"title":"Contact","type":"string","format":"guid"},"_cr85a_dossierref_value":{"title":"Contact_Dossier","type":"string","format":"guid"}},"required":["contactid","_cr85a_dossierref_value"]}},"required":["entity"]}}},"required":["rows"]},"host":{"connection":{"name":"@parameters('$connections')['shared_commondataservice']['connectionId']"}},"operationId":"GetOnNewItems_V2","parameters":{"dataset":"default.cds","table":"contacts"}}}},"actions":{"Call_Disconnect_Dossier_to_Account_Flow":{"runAfter":{},"metadata":{"operationMetadataId":"11c19c23-5e12-4667-933f-fef2e7ca084b"},"type":"Workflow","inputs":{"host":{"workflowReferenceName":"d9efd80f-a443-ec11-8c62-6045bd8cd703"},"body":{"text":"@triggerBody()?['entity']?['contactid']","text_1":"@triggerBody()?['entity']?['_cr85a_dossierref_value']"},"retryPolicy":{"type":"none"}}}}}},"schemaVersion":"1.0.0.0"}