{"properties":{"connectionReferences":{"shared_commondataserviceforapps":{"runtimeSource":"embedded","connection":{"connectionReferenceLogicalName":"cr85a_sharedcommondataserviceforapps_eef4d"},"api":{"name":"shared_commondataserviceforapps"}}},"definition":{"$schema":"https://schema.management.azure.com/providers/Microsoft.Logic/schemas/2016-06-01/workflowdefinition.json#","contentVersion":"1.0.0.0","parameters":{"$connections":{"defaultValue":{},"type":"Object"},"$authentication":{"defaultValue":{},"type":"SecureObject"}},"triggers":{"manual":{"metadata":{"operationMetadataId":"67c66a44-31fa-4298-9589-3030074ea226"},"type":"Request","kind":"Button","inputs":{"schema":{"type":"object","properties":{"text":{"title":"RelationId","type":"string","x-ms-dynamically-added":true,"description":"","x-ms-content-hint":"TEXT"},"text_1":{"title":"EntityToBlock","type":"string","x-ms-dynamically-added":true,"description":"","x-ms-content-hint":"TEXT","enum":["Relation","Kids","Income"]},"text_2":{"title":"CalculationId","type":"string","x-ms-dynamically-added":true,"description":"","x-ms-content-hint":"TEXT"}},"required":[]}}}},"actions":{"Block_Relation":{"actions":{"Update_-_Block_Relation":{"runAfter":{},"metadata":{"operationMetadataId":"1c4ef89b-262b-46c6-afd9-e25d35046db3"},"type":"OpenApiConnection","inputs":{"host":{"connectionName":"shared_commondataserviceforapps","operationId":"UpdateRecord","apiId":"/providers/Microsoft.PowerApps/apis/shared_commondataserviceforapps"},"parameters":{"entityName":"cr85a_dossiers","recordId":"@variables('Dossier Id')","item/cr85a_blockedrelation":true},"authentication":"@parameters('$authentication')"}}},"runAfter":{"Condition_-_Calculation_VS_Relation":["Succeeded"]},"expression":{"equals":["@triggerBody()['text_1']","Relation"]},"metadata":{"operationMetadataId":"548bb8ab-53aa-41c6-9a79-b0c5b0a8c97c"},"type":"If"},"Block_Kids":{"actions":{"Update_-_Block_Kids":{"runAfter":{},"metadata":{"operationMetadataId":"724f48da-439d-414c-8ff9-05469de2b926"},"type":"OpenApiConnection","inputs":{"host":{"connectionName":"shared_commondataserviceforapps","operationId":"UpdateRecord","apiId":"/providers/Microsoft.PowerApps/apis/shared_commondataserviceforapps"},"parameters":{"entityName":"cr85a_dossiers","recordId":"@variables('Dossier Id')","item/cr85a_blockedkids":true},"authentication":"@parameters('$authentication')"}}},"runAfter":{"Block_Relation":["Succeeded"]},"expression":{"equals":["@triggerBody()['text_1']","Kids"]},"metadata":{"operationMetadataId":"0611d2a3-3838-456c-9dcb-4c20bdba4966"},"type":"If"},"Block_Income":{"actions":{"Update_-_Block_Income":{"runAfter":{},"metadata":{"operationMetadataId":"16050434-1ccc-40d7-98e2-39df72b27484"},"type":"OpenApiConnection","inputs":{"host":{"connectionName":"shared_commondataserviceforapps","operationId":"UpdateRecord","apiId":"/providers/Microsoft.PowerApps/apis/shared_commondataserviceforapps"},"parameters":{"entityName":"cr85a_dossiers","recordId":"@variables('Dossier Id')","item/cr85a_blockedincome":true},"authentication":"@parameters('$authentication')"}}},"runAfter":{"Block_Kids":["Succeeded"]},"expression":{"equals":["@triggerBody()['text_1']","Income"]},"metadata":{"operationMetadataId":"b9a5c063-dfb6-428f-a97c-3cf84eba92ac"},"type":"If"},"Respond_to_a_PowerApp_or_flow":{"runAfter":{"Block_Income":["Succeeded"]},"metadata":{"operationMetadataId":"e96d7815-1813-41f1-8ea2-6038f9743c88"},"type":"Response","kind":"PowerApp","inputs":{"statusCode":200,"body":{"result":"@{true}"},"schema":{"type":"object","properties":{"result":{"title":"Result","x-ms-dynamically-added":true,"type":"boolean"}}}}},"Condition_-_Calculation_VS_Relation":{"actions":{"Get_Dossier_-_By_Calculation":{"runAfter":{},"metadata":{"operationMetadataId":"d6d12b5a-c01a-44e2-8e2a-b04f52b4ff97"},"type":"OpenApiConnection","inputs":{"host":{"connectionName":"shared_commondataserviceforapps","operationId":"ListRecords","apiId":"/providers/Microsoft.PowerApps/apis/shared_commondataserviceforapps"},"parameters":{"entityName":"cr85a_dossiers","$select":"cr85a_dossierid","fetchXml":"<fetch top=\"1\" >\n  <entity name=\"cr85a_dossier\" >\n    <attribute name=\"cr85a_dossierid\" />\n    <link-entity name=\"cr85a_calculation\" from=\"cr85a_dossierref\" to=\"cr85a_dossierid\" link-type=\"inner\" alias=\"ae\" >\n      <filter>\n        <condition attribute=\"cr85a_calculationid\" operator=\"eq\" value=\"@{triggerBody()['text_2']}\" />\n      </filter>\n    </link-entity>\n  </entity>\n</fetch>"},"authentication":"@parameters('$authentication')"}},"Set_variable_-_Calculation_-_Dossier_Id":{"runAfter":{"Get_Dossier_-_By_Calculation":["Succeeded"]},"metadata":{"operationMetadataId":"d38b2196-63fd-4870-ac90-b40a6b9bdf25"},"type":"SetVariable","inputs":{"name":"Dossier Id","value":"@{first(outputs('Get_Dossier_-_By_Calculation')?['body/value'])?.cr85a_dossierid}"}}},"runAfter":{"Initialize_variable_-_Dossier_Id":["Succeeded"]},"else":{"actions":{"Get_Dossier__-_By_Relation":{"runAfter":{},"metadata":{"operationMetadataId":"80997044-dd8f-4e86-bdfa-fafcd57d9fa1"},"type":"OpenApiConnection","inputs":{"host":{"connectionName":"shared_commondataserviceforapps","operationId":"ListRecords","apiId":"/providers/Microsoft.PowerApps/apis/shared_commondataserviceforapps"},"parameters":{"entityName":"cr85a_dossiers","$select":"cr85a_dossierid","fetchXml":"<fetch top=\"1\">\n  <entity name=\"cr85a_dossier\" >\n    <attribute name=\"cr85a_dossierid\" />\n    <link-entity name=\"cr85a_calculation\" from=\"cr85a_dossierref\" to=\"cr85a_dossierid\" link-type=\"inner\" alias=\"ae\" >\n      <link-entity name=\"cr85a_case\" from=\"cr85a_caseid\" to=\"cr85a_calculation\" link-type=\"inner\" alias=\"af\" >\n        <filter type=\"and\" >\n          <condition attribute=\"cr85a_caserelatie\" operator=\"eq\" value=\"@{triggerBody()['text']}\" />\n        </filter>\n      </link-entity>\n    </link-entity>\n  </entity>\n</fetch>"},"authentication":"@parameters('$authentication')"}},"Set_variable_-_Relation_-_Dossier_Id":{"runAfter":{"Get_Dossier__-_By_Relation":["Succeeded"]},"metadata":{"operationMetadataId":"4a8b956d-3ba2-4770-a972-ba774d7d6e7b"},"type":"SetVariable","inputs":{"name":"Dossier Id","value":"@{first(outputs('Get_Dossier__-_By_Relation')?['body/value'])?.cr85a_dossierid}"}}}},"expression":{"equals":["@empty(triggerBody()?['text_2'])","@false"]},"metadata":{"operationMetadataId":"007fc8a9-7121-4f2f-95af-f030148cf322"},"type":"If"},"Initialize_variable_-_Dossier_Id":{"runAfter":{},"metadata":{"operationMetadataId":"42761d2c-f97a-4cb8-b144-40363e020a6b"},"type":"InitializeVariable","inputs":{"variables":[{"name":"Dossier Id","type":"string"}]}}}}},"schemaVersion":"1.0.0.0"}