{"properties":{"connectionReferences":{"shared_commondataserviceforapps":{"runtimeSource":"embedded","connection":{"connectionReferenceLogicalName":"cr85a_sharedcommondataserviceforapps_eef4d"},"api":{"name":"shared_commondataserviceforapps"}}},"definition":{"$schema":"https://schema.management.azure.com/providers/Microsoft.Logic/schemas/2016-06-01/workflowdefinition.json#","contentVersion":"1.0.0.0","parameters":{"$connections":{"defaultValue":{},"type":"Object"},"$authentication":{"defaultValue":{},"type":"SecureObject"}},"triggers":{"manual":{"metadata":{"operationMetadataId":"7fe422d3-d061-4670-80d3-9bb989ba2dab"},"type":"Request","kind":"Http","inputs":{"schema":{"type":"string"},"method":"POST","relativePath":"dossiedpaidchecker"}}},"actions":{"Response":{"runAfter":{"Condition":["Succeeded"]},"metadata":{"operationMetadataId":"ee808b21-1068-4df3-95bc-cc210212c1b5"},"type":"Response","kind":"Http","inputs":{"statusCode":200,"body":{"paid":"@variables('DossierPaid')","status":"@outputs('Get_a_row_by_ID')?['body/cr85a_scanstatus']"},"schema":{"type":"object","properties":{"paid":{"type":"boolean"},"status":{"type":"integer"}}}}},"Get_a_row_by_ID":{"runAfter":{"Initialize_variable":["Succeeded"]},"metadata":{"operationMetadataId":"f54b950f-223f-4edd-a468-ad2b35d4b9d6"},"type":"OpenApiConnection","inputs":{"host":{"connectionName":"shared_commondataserviceforapps","operationId":"GetItem","apiId":"/providers/Microsoft.PowerApps/apis/shared_commondataserviceforapps"},"parameters":{"entityName":"cr85a_dossiers","recordId":"@triggerBody()","$select":"cr85a_scanstatus"},"authentication":"@parameters('$authentication')"}},"Condition":{"actions":{"Set_variable":{"runAfter":{},"metadata":{"operationMetadataId":"49f5e6dc-4e07-45f6-8472-a6aa4d266e2a"},"type":"SetVariable","inputs":{"name":"DossierPaid","value":"@true"}}},"runAfter":{"Get_a_row_by_ID":["Succeeded"]},"expression":{"not":{"equals":["@outputs('Get_a_row_by_ID')?['body/cr85a_scanstatus']",469280000]}},"metadata":{"operationMetadataId":"a5e2e680-9353-4b99-b871-374348c4cd51"},"type":"If"},"Initialize_variable":{"runAfter":{},"metadata":{"operationMetadataId":"84afddfa-fc74-4113-b419-0d5fec4c4099"},"type":"InitializeVariable","inputs":{"variables":[{"name":"DossierPaid","type":"boolean","value":"@false"}]}}},"outputs":{}}},"schemaVersion":"1.0.0.0"}