{"properties":{"connectionReferences":{"shared_commondataserviceforapps":{"runtimeSource":"embedded","connection":{"connectionReferenceLogicalName":"cr85a_sharedcommondataserviceforapps_e38d2"},"api":{"name":"shared_commondataserviceforapps"}}},"definition":{"$schema":"https://schema.management.azure.com/providers/Microsoft.Logic/schemas/2016-06-01/workflowdefinition.json#","contentVersion":"1.0.0.0","parameters":{"$connections":{"defaultValue":{},"type":"Object"},"$authentication":{"defaultValue":{},"type":"SecureObject"}},"triggers":{"When_a_row_is_added,_modified_or_deleted":{"metadata":{"operationMetadataId":"0afbfa54-3683-46c6-b30b-d61a23c3ff21"},"type":"OpenApiConnectionWebhook","inputs":{"host":{"connectionName":"shared_commondataserviceforapps","operationId":"SubscribeWebhookTrigger","apiId":"/providers/Microsoft.PowerApps/apis/shared_commondataserviceforapps"},"parameters":{"subscriptionRequest/message":3,"subscriptionRequest/entityname":"adx_sitesetting","subscriptionRequest/scope":4,"subscriptionRequest/filterexpression":"adx_name eq 'url_webpage_baseURL'"},"authentication":"@parameters('$authentication')"}}},"actions":{"List_Contact_rows":{"runAfter":{},"metadata":{"operationMetadataId":"9baa6ead-1d5b-4dd4-b82d-ace4a07c3bb6"},"type":"OpenApiConnection","inputs":{"host":{"connectionName":"shared_commondataserviceforapps","operationId":"ListRecords","apiId":"/providers/Microsoft.PowerApps/apis/shared_commondataserviceforapps"},"parameters":{"entityName":"contacts","$select":"contactid "},"authentication":"@parameters('$authentication')"}},"Apply_to_each":{"foreach":"@outputs('List_Contact_rows')?['body/value']","actions":{"Update_a_row":{"runAfter":{},"metadata":{"operationMetadataId":"3364121b-ddc7-4ec7-ae18-6c1afa957508"},"type":"OpenApiConnection","inputs":{"host":{"connectionName":"shared_commondataserviceforapps","operationId":"UpdateRecord","apiId":"/providers/Microsoft.PowerApps/apis/shared_commondataserviceforapps"},"parameters":{"entityName":"contacts","recordId":"@items('Apply_to_each')?['contactid']","item/cr85a_dossiermanagementpageurl":"@concat(triggerOutputs()?['body/adx_value'],'/nl-NL/dossier/?userid=',items('Apply_to_each')?['contactid'])"},"authentication":"@parameters('$authentication')"}}},"runAfter":{"List_Contact_rows":["Succeeded"]},"metadata":{"operationMetadataId":"f191de26-e899-44c4-9c10-5a77045339d3"},"type":"Foreach"}}}},"schemaVersion":"1.0.0.0"}