{"properties":{"connectionReferences":{"shared_commondataserviceforapps":{"runtimeSource":"embedded","connection":{"connectionReferenceLogicalName":"cr85a_sharedcommondataserviceforapps_81ac3"},"api":{"name":"shared_commondataserviceforapps"}}},"definition":{"$schema":"https://schema.management.azure.com/providers/Microsoft.Logic/schemas/2016-06-01/workflowdefinition.json#","contentVersion":"1.0.0.0","parameters":{"$connections":{"defaultValue":{},"type":"Object"},"$authentication":{"defaultValue":{},"type":"SecureObject"}},"triggers":{"manual":{"metadata":{"operationMetadataId":"54a894ac-d10b-4099-b296-7e6e7c4ddee5"},"type":"Request","kind":"Http","inputs":{"schema":{"type":"object","properties":{"calculationid":{"type":"string"}}}}}},"actions":{"Set_incomecheck":{"runAfter":{"Get_dossier_details":["Succeeded"]},"metadata":{"operationMetadataId":"bfdb39c0-82b4-4cfa-abca-a932fc781e0b"},"type":"SetVariable","inputs":{"name":"incomecheck","value":"@outputs('Get_dossier_details')?['body/cr85a_inkomenscheck']"}},"initialize_scan_status":{"runAfter":{"Condition_Authentication_+_Authorization":["Succeeded"]},"metadata":{"operationMetadataId":"3f3d89fb-ffbb-49eb-a922-f6c92632755e"},"type":"InitializeVariable","inputs":{"variables":[{"name":"scanstatus","type":"integer"}]}},"initialize_income_check":{"runAfter":{"initialize_scan_status":["Succeeded"]},"metadata":{"operationMetadataId":"1f35dd65-c282-459c-acdb-9a7ef50801de"},"type":"InitializeVariable","inputs":{"variables":[{"name":"incomecheck","type":"boolean","value":false}]}},"Set_dossier_status":{"runAfter":{"Set_incomecheck":["Succeeded"]},"metadata":{"operationMetadataId":"5e3588fb-0ada-4e36-8aae-4e2f56170c35"},"type":"SetVariable","inputs":{"name":"scanstatus","value":"@outputs('Get_dossier_details')?['body/cr85a_scanstatus']"}},"income_check_scan_status":{"actions":{"update_dossier_status_to_not_paid":{"runAfter":{},"metadata":{"operationMetadataId":"25a6523f-c962-4665-9b78-267708f849fd"},"type":"OpenApiConnection","inputs":{"host":{"connectionName":"shared_commondataserviceforapps","operationId":"UpdateRecord","apiId":"/providers/Microsoft.PowerApps/apis/shared_commondataserviceforapps"},"parameters":{"entityName":"cr85a_dossiers","recordId":"@outputs('Get_dossier_details')?['body/cr85a_dossierid']","item/cr85a_scanstatus":469280000},"authentication":"@parameters('$authentication')"}},"Set_variable":{"runAfter":{"update_dossier_status_to_not_paid":["Succeeded"]},"metadata":{"operationMetadataId":"11cd0e98-b13e-4a7e-aa36-94b8e2cf227d"},"type":"SetVariable","inputs":{"name":"result","value":"notpaid"}}},"runAfter":{"Set_dossier_status":["Succeeded"]},"expression":{"and":[{"or":[{"equals":["@variables('scanstatus')",469280001]},{"equals":["@variables('scanstatus')",469280002]}]},{"equals":["@variables('incomecheck')","@false"]}]},"metadata":{"operationMetadataId":"f7c56477-f7ae-4735-8f30-c255fd529f56"},"type":"If"},"result":{"runAfter":{"initialize_income_check":["Succeeded"]},"metadata":{"operationMetadataId":"567f2886-4b6d-4f90-bd1b-60c2e77406d9"},"type":"InitializeVariable","inputs":{"variables":[{"name":"result","type":"string","value":"\"paid\""}]}},"Response_OK":{"runAfter":{"income_check_scan_status":["Succeeded"]},"metadata":{"operationMetadataId":"c7b3f2af-8a3e-4385-8586-f81feabee8bd"},"type":"Response","kind":"Http","inputs":{"statusCode":200,"body":"@variables('result')"}},"Response_not_OK":{"runAfter":{"Response_OK":["Failed","Skipped","TimedOut"]},"metadata":{"operationMetadataId":"198e8f39-ed1d-4e5a-a157-21d0092ce3d8"},"type":"Response","kind":"Http","inputs":{"statusCode":400}},"Get_calculation_details":{"runAfter":{"result":["Succeeded"]},"metadata":{"operationMetadataId":"6c2265f6-5e08-4e0e-80e3-1ddbc5146402"},"type":"OpenApiConnection","inputs":{"host":{"connectionName":"shared_commondataserviceforapps","operationId":"GetItem","apiId":"/providers/Microsoft.PowerApps/apis/shared_commondataserviceforapps"},"parameters":{"entityName":"cr85a_calculations","recordId":"@triggerBody()?['calculationid']"},"authentication":"@parameters('$authentication')"}},"Get_dossier_details":{"runAfter":{"Get_calculation_details":["Succeeded"]},"metadata":{"operationMetadataId":"79ffa0f4-f036-4104-af63-6f404de7ee73"},"type":"OpenApiConnection","inputs":{"host":{"connectionName":"shared_commondataserviceforapps","operationId":"GetItem","apiId":"/providers/Microsoft.PowerApps/apis/shared_commondataserviceforapps"},"parameters":{"entityName":"cr85a_dossiers","recordId":"@outputs('Get_calculation_details')?['body/_cr85a_dossierref_value']"},"authentication":"@parameters('$authentication')"}},"Authentication_+_Authorization":{"runAfter":{},"metadata":{"operationMetadataId":"b6df8b55-1994-40f0-b8a1-740f4d2dc876"},"type":"OpenApiConnection","inputs":{"host":{"connectionName":"shared_commondataserviceforapps","operationId":"PerformUnboundAction","apiId":"/providers/Microsoft.PowerApps/apis/shared_commondataserviceforapps"},"parameters":{"actionName":"cr85a_AuthenticationAuthorizationProcess","item/PortalAuthToken":"@triggerOutputs()['headers']['portalauthtoken']","item/CalculationId":"@triggerBody()?['calculationid']","item/StepId":"dae2258c-9373-eb11-a812-000d3a22c008"},"authentication":"@parameters('$authentication')"}},"Condition_Authentication_+_Authorization":{"actions":{},"runAfter":{"Authentication_+_Authorization":["Succeeded"]},"else":{"actions":{"Response_Authentication_+_Authorization":{"runAfter":{},"metadata":{"operationMetadataId":"a28db4f1-5fe9-4710-810a-7ffbd6894cfd"},"type":"Response","kind":"Http","inputs":{"statusCode":"@outputs('Authentication_+_Authorization')?['body/HttpCode']","body":"@outputs('Authentication_+_Authorization')?['body/ErrorMessage']"}},"Terminate":{"runAfter":{"Response_Authentication_+_Authorization":["Succeeded"]},"metadata":{"operationMetadataId":"1e03b376-ad7f-4fa9-8d49-4003dc2fab7a"},"type":"Terminate","inputs":{"runStatus":"Succeeded"}}}},"expression":{"equals":["@outputs('Authentication_+_Authorization')?['body/AuthResult']","@true"]},"metadata":{"operationMetadataId":"e595db21-018d-4d35-93dc-c14924caaa6e"},"type":"If"}}}},"schemaVersion":"1.0.0.0"}