{"properties":{"connectionReferences":{"shared_commondataserviceforapps":{"runtimeSource":"embedded","connection":{"connectionReferenceLogicalName":"cr85a_sharedcommondataserviceforapps_472b0"},"api":{"name":"shared_commondataserviceforapps"}},"shared_cr85a-5fmollie-20connector-5f40e5b0d8d3303b9d":{"runtimeSource":"embedded","connection":{"connectionReferenceLogicalName":"cr85a_sharedcr85a5fmollie20connector5f40e5b0d8d3303b9d_b083c"},"api":{"name":"shared_cr85a-5fmollie-20connector-5fe395771b7c6c5052","logicalName":"cr85a_5Fmollie-20connector"}}},"definition":{"$schema":"https://schema.management.azure.com/providers/Microsoft.Logic/schemas/2016-06-01/workflowdefinition.json#","contentVersion":"1.0.0.0","parameters":{"$connections":{"defaultValue":{},"type":"Object"},"$authentication":{"defaultValue":{},"type":"SecureObject"}},"triggers":{"manual":{"metadata":{"operationMetadataId":"2bf486dc-9782-4483-bf72-6137202ebda9"},"type":"Request","kind":"Http","inputs":{"method":"POST","relativePath":"getOrderDetails"}}},"actions":{"Response":{"runAfter":{"Exist_Dossier":["Succeeded"]},"metadata":{"operationMetadataId":"679ddc6e-2aac-4983-b99f-eb4998f6aeda"},"type":"Response","kind":"Http","inputs":{"statusCode":200,"body":"order:@{body('Parse_JSON')?['metadata']?['order_id']}, status:@{body('Parse_JSON')?['status']}"}},"Response_Fail":{"runAfter":{"Response":["Failed","Skipped","TimedOut"]},"metadata":{"operationMetadataId":"e0518118-e346-4513-9902-effc4c874975"},"type":"Response","kind":"Http","inputs":{"statusCode":400}},"Parse_JSON":{"runAfter":{"Payment_detail":["Succeeded"]},"metadata":{"operationMetadataId":"448a9636-daa4-4dae-b61b-b896cf9481b9"},"type":"ParseJson","inputs":{"content":"@body('Payment_detail')","schema":{"type":"object","properties":{"id":{"type":"string"},"metadata":{"type":"object","properties":{"order_id":{"type":"string"}}},"status":{"type":"string"}}}}},"Compose":{"runAfter":{},"metadata":{"operationMetadataId":"31612893-0831-440b-afab-7bc5b9e5729c"},"type":"Compose","inputs":"@triggerBody()"},"Initialize_variable_2":{"runAfter":{"Compose":["Succeeded"]},"metadata":{"operationMetadataId":"562ee855-e696-46b7-b83f-c487b5c1fb2c"},"type":"InitializeVariable","inputs":{"variables":[{"name":"value","type":"string","value":"@{outputs('Compose')}"}]}},"List_Dossiers":{"runAfter":{"Parse_JSON":["Succeeded"]},"metadata":{"operationMetadataId":"44c20f73-35b5-4ae2-8802-2987c0d5d932"},"type":"OpenApiConnection","inputs":{"host":{"connectionName":"shared_commondataserviceforapps","operationId":"ListRecords","apiId":"/providers/Microsoft.PowerApps/apis/shared_commondataserviceforapps"},"parameters":{"entityName":"cr85a_dossiers","$select":"cr85a_dossierid","$filter":"(cr85a_dossiernummer eq '@{body('Parse_JSON')?['metadata']?['order_id']}')","$top":1},"authentication":"@parameters('$authentication')"}},"Exist_Dossier":{"actions":{},"runAfter":{"Add_Payment_Log":["Succeeded"]},"else":{"actions":{"Apply_to_each":{"foreach":"@outputs('List_Dossiers')?['body/value']","actions":{"Relate_rows":{"runAfter":{},"metadata":{"operationMetadataId":"f9c5b0bd-406f-45ae-9174-60c4d4422915"},"type":"OpenApiConnection","inputs":{"host":{"connectionName":"shared_commondataserviceforapps","operationId":"AssociateEntities","apiId":"/providers/Microsoft.PowerApps/apis/shared_commondataserviceforapps"},"parameters":{"entityName":"cr85a_dossiers","recordId":"@items('Apply_to_each')?['cr85a_dossierid']","associationEntityRelationship":"cr85a_PaymentLog_dossierref_cr85a_dossier","item/@odata.id":"@outputs('Add_Payment_Log')?['body/@odata.id']"},"authentication":"@parameters('$authentication')"}},"Status_=_paid":{"actions":{"Update_Dossier":{"runAfter":{},"metadata":{"operationMetadataId":"498fcfca-acbe-4e6d-9abe-e61a8de4d8b1"},"type":"OpenApiConnection","inputs":{"host":{"connectionName":"shared_commondataserviceforapps","operationId":"UpdateRecord","apiId":"/providers/Microsoft.PowerApps/apis/shared_commondataserviceforapps"},"parameters":{"entityName":"cr85a_dossiers","recordId":"@items('Apply_to_each')?['cr85a_dossierid']","item/cr85a_scanstatus":469280003},"authentication":"@parameters('$authentication')"}}},"runAfter":{"Relate_rows":["Succeeded"]},"expression":{"equals":["@body('Parse_JSON')?['status']","paid"]},"metadata":{"operationMetadataId":"700b9faf-38be-4d0b-b691-f63b4907763a"},"type":"If"}},"runAfter":{},"metadata":{"operationMetadataId":"80a20076-aae0-4ff0-9893-eca08cb4dbc6"},"type":"Foreach"}}},"expression":{"equals":["@empty(outputs('List_Dossiers')?['body/value'])",true]},"metadata":{"operationMetadataId":"acaeee20-46a1-46c7-bc1a-5dcf1588eefb"},"type":"If"},"Add_Payment_Log":{"runAfter":{"List_Dossiers":["Succeeded"]},"metadata":{"operationMetadataId":"44f138f0-4ae9-4169-984e-964e26bd5857"},"type":"OpenApiConnection","inputs":{"host":{"connectionName":"shared_commondataserviceforapps","operationId":"CreateRecord","apiId":"/providers/Microsoft.PowerApps/apis/shared_commondataserviceforapps"},"parameters":{"entityName":"cr85a_paymentlogs","item/cr85a_name":"Dossier ID @{body('Parse_JSON')?['metadata']?['order_id']}","item/cr85a_paymentstatus":"@body('Parse_JSON')?['status']","item/cr85a_paymentid":"@body('Parse_JSON')?['id']"},"authentication":"@parameters('$authentication')"}},"Payment_detail":{"runAfter":{"Initialize_variable_2":["Succeeded"]},"metadata":{"operationMetadataId":"36eb71dd-4f23-4e1f-a1a6-d0bfc83a33ec"},"type":"OpenApiConnection","inputs":{"host":{"connectionName":"shared_cr85a-5fmollie-20connector-5f40e5b0d8d3303b9d","operationId":"paymentDetail","apiId":""},"parameters":{"id":"@last(split(variables('value'),'='))"},"authentication":"@parameters('$authentication')"}}},"outputs":{}}},"schemaVersion":"1.0.0.0"}