{"properties":{"connectionReferences":{"shared_commondataserviceforapps":{"runtimeSource":"embedded","connection":{"connectionReferenceLogicalName":"cr85a_sharedcommondataserviceforapps_472b0"},"api":{"name":"shared_commondataserviceforapps"}},"shared_cr85a-5fmollie-20connector-5f40e5b0d8d3303b9d":{"runtimeSource":"embedded","connection":{"connectionReferenceLogicalName":"cr85a_sharedcr85a5fmollie20connector5f40e5b0d8d3303b9d_b083c"},"api":{"name":"shared_cr85a-5fmollie-20connector-5fe395771b7c6c5052","logicalName":"cr85a_5Fmollie-20connector"}}},"definition":{"$schema":"https://schema.management.azure.com/providers/Microsoft.Logic/schemas/2016-06-01/workflowdefinition.json#","contentVersion":"1.0.0.0","parameters":{"$connections":{"defaultValue":{},"type":"Object"},"$authentication":{"defaultValue":{},"type":"SecureObject"}},"triggers":{"manual":{"metadata":{"operationMetadataId":"729c41c1-1ca4-4ecc-bc33-9100a22a3286"},"type":"Request","kind":"Http","inputs":{"schema":{"type":"object","properties":{"value":{"type":"string"},"description":{"type":"string"},"redirecturl":{"type":"string"},"webhookURL":{"type":"string"},"dossierNumber":{"type":"string"}}},"method":"POST","relativePath":"createPayment"}}},"actions":{"Response_OK":{"runAfter":{"Parse_JSON":["Succeeded"]},"metadata":{"operationMetadataId":"c07d223c-902b-4cfb-b995-480d48aae623"},"type":"Response","kind":"Http","inputs":{"statusCode":200,"body":"@body('Parse_JSON')?['_links']?['checkout']?['href']"}},"Response_Fail":{"runAfter":{"Response_OK":["Failed","Skipped","TimedOut"]},"metadata":{"operationMetadataId":"ed717d7a-04e1-4414-8f0e-36db57c28be6"},"type":"Response","kind":"Http","inputs":{"statusCode":400}},"Parse_JSON":{"runAfter":{"Create_Payment":["Succeeded"]},"metadata":{"operationMetadataId":"7679fda9-172f-446b-960e-385828ba4e8d"},"type":"ParseJson","inputs":{"content":"@body('Create_Payment')","schema":{"type":"object","properties":{"_links":{"type":"object","properties":{"checkout":{"type":"object","properties":{"href":{"type":"string"},"type":{"type":"string"}}}}}}}}},"Update_-_Pending_Payment":{"runAfter":{"Get_Dossier":["Succeeded"]},"metadata":{"operationMetadataId":"55fff191-2f82-4f35-805d-b5a15d011e23"},"type":"OpenApiConnection","inputs":{"host":{"connectionName":"shared_commondataserviceforapps","operationId":"UpdateRecord","apiId":"/providers/Microsoft.PowerApps/apis/shared_commondataserviceforapps"},"parameters":{"entityName":"cr85a_dossiers","recordId":"@first(outputs('Get_Dossier')?['body/value'])?.cr85a_dossierid","item/cr85a_pendingpayment":"@utcNow()"},"authentication":"@parameters('$authentication')"}},"Get_Dossier":{"runAfter":{},"metadata":{"operationMetadataId":"98c4447c-4885-4b98-9a43-e4bfd45141c1"},"type":"OpenApiConnection","inputs":{"host":{"connectionName":"shared_commondataserviceforapps","operationId":"ListRecords","apiId":"/providers/Microsoft.PowerApps/apis/shared_commondataserviceforapps"},"parameters":{"entityName":"cr85a_dossiers","$select":"cr85a_dossierid","$filter":"(cr85a_dossiernummer eq '@{triggerBody()?['dossierNumber']}')","$top":1},"authentication":"@parameters('$authentication')"}},"Create_Payment":{"runAfter":{"Update_-_Pending_Payment":["Succeeded"]},"metadata":{"operationMetadataId":"0da6b7ea-1d43-4ceb-afb1-614024a05882"},"type":"OpenApiConnection","inputs":{"host":{"connectionName":"shared_cr85a-5fmollie-20connector-5f40e5b0d8d3303b9d","operationId":"payments","apiId":""},"parameters":{"body/amount/currency":"EUR","body/amount/value":"@triggerBody()?['value']","body/description":"Payment for @{triggerBody()?['dossierNumber']}","body/redirectUrl":"@triggerBody()?['redirecturl']","body/webhookUrl":"@triggerBody()?['webhookURL']","body/metadata/order_id":"@triggerBody()?['dossierNumber']"},"authentication":"@parameters('$authentication')"}}},"outputs":{}}},"schemaVersion":"1.0.0.0"}