{"properties":{"connectionReferences":{},"definition":{"$schema":"https://schema.management.azure.com/providers/Microsoft.Logic/schemas/2016-06-01/workflowdefinition.json#","contentVersion":"1.0.0.0","parameters":{"$authentication":{"defaultValue":{},"type":"SecureObject"}},"triggers":{"manual":{"metadata":{"operationMetadataId":"677bda69-2f43-419d-9d39-e1937751b6ea"},"type":"Request","kind":"Http","inputs":{"method":"POST","relativePath":"createOrder"}}},"actions":{"Response":{"runAfter":{"Parse_Mollie_body_JSON":["Succeeded"]},"metadata":{"operationMetadataId":"0919bd63-0367-4837-b021-0fc997d056cc"},"type":"Response","kind":"Http","inputs":{"statusCode":200,"body":"@body('Parse_Mollie_body_JSON')?['_links']?['checkout']?['href']"}},"Response_Fail":{"runAfter":{"Response":["Failed","Skipped","TimedOut"]},"metadata":{"operationMetadataId":"b724927a-77e6-4b70-864d-aedc86319e6f"},"type":"Response","kind":"Http","inputs":{"statusCode":400}},"Parse_Mollie_body_JSON":{"runAfter":{},"metadata":{"operationMetadataId":"ce8020de-7167-4e0e-9910-2eda9a2ac85c"},"type":"ParseJson","inputs":{"content":"@triggerBody()","schema":{"type":"object","properties":{"_links":{"type":"object","properties":{"checkout":{"type":"object","properties":{"href":{"type":"string"},"type":{"type":"string"}}}}}}}}}}}},"schemaVersion":"1.0.0.0"}