{"properties":{"connectionReferences":{"shared_commondataserviceforapps":{"runtimeSource":"embedded","connection":{"connectionReferenceLogicalName":"cr85a_sharedcommondataserviceforapps_eef4d"},"api":{"name":"shared_commondataserviceforapps"}}},"definition":{"$schema":"https://schema.management.azure.com/providers/Microsoft.Logic/schemas/2016-06-01/workflowdefinition.json#","contentVersion":"1.0.0.0","parameters":{"$connections":{"defaultValue":{},"type":"Object"},"$authentication":{"defaultValue":{},"type":"SecureObject"}},"triggers":{"manual":{"metadata":{"operationMetadataId":"58c4f1e1-bbe5-4470-b4ee-47244c3cdc24"},"type":"Request","kind":"Http","inputs":{"schema":{"type":"object","properties":{"CalculationId":{"type":"string"},"StepId":{"type":"string"},"ContentHasChanged":{"type":"boolean"},"IsAdmin":{"type":"boolean"},"IsInnerScreen":{"type":"boolean"}}},"method":"POST","relativePath":"NavigateProcess"}}},"actions":{"Response":{"runAfter":{"Perform_-_Navigate_Process":["Succeeded"]},"metadata":{"operationMetadataId":"66c98ced-7628-40cd-bd4b-ce0ad378e93e"},"type":"Response","kind":"Http","inputs":{"statusCode":200,"body":{"URL":"@outputs('Perform_-_Navigate_Process')?['body/NextURL']"},"schema":{"type":"object","properties":{"URL":{"type":"string"}}}}},"Perform_-_Navigate_Process":{"runAfter":{"Condition_Authentication_+_Authorization":["Succeeded"]},"metadata":{"operationMetadataId":"4feb2b6c-5dc8-4db0-b61e-fc2a2ff1b256"},"type":"OpenApiConnection","inputs":{"host":{"connectionName":"shared_commondataserviceforapps","operationId":"PerformUnboundAction","apiId":"/providers/Microsoft.PowerApps/apis/shared_commondataserviceforapps"},"parameters":{"actionName":"cr85a_NavigateProcess","item/CalculationId":"@triggerBody()?['CalculationId']","item/StepId":"@triggerBody()?['StepId']","item/ContentHasChanged":"@triggerBody()?['ContentHasChanged']","item/IsAdmin":"@triggerBody()?['IsAdmin']","item/IsInnerScreen":"@triggerBody()?['IsInnerScreen']"},"authentication":"@parameters('$authentication')"}},"Authentication_+_Authorization":{"runAfter":{},"metadata":{"operationMetadataId":"6156e4da-100d-49f8-9c85-ff72ddde6368"},"type":"OpenApiConnection","inputs":{"host":{"connectionName":"shared_commondataserviceforapps","operationId":"PerformUnboundAction","apiId":"/providers/Microsoft.PowerApps/apis/shared_commondataserviceforapps"},"parameters":{"actionName":"cr85a_AuthenticationAuthorizationProcess","item/PortalAuthToken":"@triggerOutputs()['headers']['portalauthtoken']","item/CalculationId":"@triggerBody()?['CalculationId']","item/StepId":"@triggerBody()?['StepId']"},"authentication":"@parameters('$authentication')"}},"Condition_Authentication_+_Authorization":{"actions":{},"runAfter":{"Authentication_+_Authorization":["Succeeded"]},"else":{"actions":{"Response_Authentication_+_Authorization":{"runAfter":{},"metadata":{"operationMetadataId":"a28db4f1-5fe9-4710-810a-7ffbd6894cfd"},"type":"Response","kind":"Http","inputs":{"statusCode":"@outputs('Authentication_+_Authorization')?['body/HttpCode']","body":"@outputs('Authentication_+_Authorization')?['body/ErrorMessage']"}},"Terminate":{"runAfter":{"Response_Authentication_+_Authorization":["Succeeded"]},"metadata":{"operationMetadataId":"1e03b376-ad7f-4fa9-8d49-4003dc2fab7a"},"type":"Terminate","inputs":{"runStatus":"Succeeded"}}}},"expression":{"equals":["@outputs('Authentication_+_Authorization')?['body/AuthResult']","@true"]},"metadata":{"operationMetadataId":"e595db21-018d-4d35-93dc-c14924caaa6e"},"type":"If"}},"outputs":{}}},"schemaVersion":"1.0.0.0"}