{"properties":{"connectionReferences":{"shared_commondataserviceforapps":{"runtimeSource":"embedded","connection":{"connectionReferenceLogicalName":"cr85a_sharedcommondataserviceforapps_472b0"},"api":{"name":"shared_commondataserviceforapps"}}},"definition":{"$schema":"https://schema.management.azure.com/providers/Microsoft.Logic/schemas/2016-06-01/workflowdefinition.json#","contentVersion":"1.0.0.0","parameters":{"$connections":{"defaultValue":{},"type":"Object"},"$authentication":{"defaultValue":{},"type":"SecureObject"}},"triggers":{"manual":{"metadata":{"operationMetadataId":"b92389a2-6bcb-480b-8c35-59134e513b26"},"type":"Request","kind":"Http","inputs":{"schema":{"type":"object","properties":{"calculationId":{"type":"string"},"gebruikerId":{"type":"string"},"partnerId":{"type":"string"},"incomeTypeId":{"type":"integer"},"incomeTypeName":{"type":"string"}}}}}},"actions":{"Initialize_CountIncomes":{"runAfter":{},"metadata":{"operationMetadataId":"77b37eb1-77f2-4298-8ef0-75238823a3a0"},"type":"InitializeVariable","inputs":{"variables":[{"name":"CountIncomes","type":"integer","value":1}]}},"Initialize_aux":{"runAfter":{"Initialize_CountIncomes":["Succeeded"]},"metadata":{"operationMetadataId":"a9914381-7ea8-4f8d-ade6-8e0bc6fecb7e"},"type":"InitializeVariable","inputs":{"variables":[{"name":"aux","type":"integer","value":1}]}},"Success_true":{"runAfter":{"If_User":["Succeeded"]},"metadata":{"operationMetadataId":"074e2e40-c884-4812-9b17-8212913d0391"},"type":"Response","kind":"PowerApp","inputs":{"statusCode":200,"body":{"success":"@{true}"},"schema":{"type":"object","properties":{"success":{"title":"Success","x-ms-dynamically-added":true,"type":"boolean"}}}}},"Success_false":{"runAfter":{"Success_true":["Failed","Skipped","TimedOut"]},"metadata":{"operationMetadataId":"7032a9f1-9383-461e-9ec6-0ba411496bd0"},"type":"Response","kind":"PowerApp","inputs":{"statusCode":200,"body":{"success":"@false"},"schema":{"type":"object","properties":{"success":{"title":"Success","x-ms-dynamically-added":true,"type":"boolean"}}}}},"If_User":{"actions":{"Get_User":{"runAfter":{},"metadata":{"operationMetadataId":"b98b0f58-3967-460c-aaa8-afd19eab6245"},"type":"OpenApiConnection","inputs":{"host":{"connectionName":"shared_commondataserviceforapps","operationId":"ListRecords","apiId":"/providers/Microsoft.PowerApps/apis/shared_commondataserviceforapps"},"parameters":{"entityName":"cr85a_inkomens","$filter":"_cr85a_calculationidref_value eq @{triggerBody()?['calculationId']} and cr85a_inkomentype eq @{triggerBody()?['incomeTypeId']} and _cr85a_inkomengebruiker_value eq @{triggerBody()?['gebruikerId']}"},"authentication":"@parameters('$authentication')"}},"Re-Index_Incomes_2":{"foreach":"@outputs('Get_User')?['body/value']","actions":{"Update_a_row_2":{"runAfter":{},"metadata":{"operationMetadataId":"e8d811f9-0c95-4698-a672-c517413268d7"},"type":"OpenApiConnection","inputs":{"host":{"connectionName":"shared_commondataserviceforapps","operationId":"UpdateRecord","apiId":"/providers/Microsoft.PowerApps/apis/shared_commondataserviceforapps"},"parameters":{"entityName":"cr85a_inkomens","recordId":"@items('Re-Index_Incomes_2')?['cr85a_inkomenid']","item/cr85a_observations":"@{triggerBody()?['incomeTypeName']} @{variables('CountIncomes')}"},"authentication":"@parameters('$authentication')"}},"Set_variable_3":{"runAfter":{"Update_a_row_2":["Succeeded"]},"metadata":{"operationMetadataId":"ee928b56-dd44-4237-991f-4210fc7be21c"},"type":"SetVariable","inputs":{"name":"CountIncomes","value":"@add(variables('aux'), 1)"}},"Set_variable_4":{"runAfter":{"Set_variable_3":["Succeeded"]},"metadata":{"operationMetadataId":"c7d2f2bb-b5f8-4195-bcda-7c5495bab719"},"type":"SetVariable","inputs":{"name":"aux","value":"@add(variables('CountIncomes'), 1)"}}},"runAfter":{"Get_User":["Succeeded"]},"metadata":{"operationMetadataId":"1da5d5b4-b062-49f2-b1e2-6a7667bc66d9"},"type":"Foreach"}},"runAfter":{"Initialize_aux":["Succeeded"]},"else":{"actions":{"Get_Partner":{"runAfter":{},"metadata":{"operationMetadataId":"cc67793d-ffb4-4282-a548-ce38161be15a"},"type":"OpenApiConnection","inputs":{"host":{"connectionName":"shared_commondataserviceforapps","operationId":"ListRecords","apiId":"/providers/Microsoft.PowerApps/apis/shared_commondataserviceforapps"},"parameters":{"entityName":"cr85a_inkomens","$filter":"_cr85a_calculationidref_value eq @{triggerBody()?['calculationId']} and cr85a_inkomentype eq @{triggerBody()?['incomeTypeId']} and _cr85a_inkomenpartner_value eq @{triggerBody()?['partnerId']}"},"authentication":"@parameters('$authentication')"}},"Re-Index_Incomes_3":{"foreach":"@outputs('Get_Partner')?['body/value']","actions":{"Update_a_row_3":{"runAfter":{},"metadata":{"operationMetadataId":"e8ba494e-09c8-47a5-9a9d-aa9c4603c53a"},"type":"OpenApiConnection","inputs":{"host":{"connectionName":"shared_commondataserviceforapps","operationId":"UpdateRecord","apiId":"/providers/Microsoft.PowerApps/apis/shared_commondataserviceforapps"},"parameters":{"entityName":"cr85a_inkomens","recordId":"@items('Re-Index_Incomes_3')?['cr85a_inkomenid']","item/cr85a_observations":"@{triggerBody()?['incomeTypeName']} @{variables('CountIncomes')}"},"authentication":"@parameters('$authentication')"}},"Set_variable_5":{"runAfter":{"Update_a_row_3":["Succeeded"]},"metadata":{"operationMetadataId":"1ecad648-61fa-40ce-8454-7e782c3ee525"},"type":"SetVariable","inputs":{"name":"CountIncomes","value":"@add(variables('aux'), 1)"}},"Set_variable_6":{"runAfter":{"Set_variable_5":["Succeeded"]},"metadata":{"operationMetadataId":"5c792451-8830-4019-ab5c-1ea46971e6da"},"type":"SetVariable","inputs":{"name":"aux","value":"@add(variables('CountIncomes'), 1)"}}},"runAfter":{"Get_Partner":["Succeeded"]},"metadata":{"operationMetadataId":"2b2a1a0c-1f2d-445e-8a3f-421e17e6eaae"},"type":"Foreach"}}},"expression":{"equals":["@triggerBody()?['partnerId']",""]},"metadata":{"operationMetadataId":"945ca357-ad38-4582-993f-6e0cb51764a0"},"type":"If"}}}},"schemaVersion":"1.0.0.0"}