{"properties":{"connectionReferences":{"shared_commondataserviceforapps_1":{"runtimeSource":"embedded","connection":{"connectionReferenceLogicalName":"new_sharedcommondataserviceforapps_43e52"},"api":{"name":"shared_commondataserviceforapps"}}},"definition":{"$schema":"https://schema.management.azure.com/providers/Microsoft.Logic/schemas/2016-06-01/workflowdefinition.json#","contentVersion":"1.0.0.0","parameters":{"$connections":{"defaultValue":{},"type":"Object"},"$authentication":{"defaultValue":{},"type":"SecureObject"}},"triggers":{"manual":{"metadata":{"operationMetadataId":"b9c252a4-cfa0-4afa-baaa-a9daad5c580a"},"type":"Request","kind":"Http","inputs":{"schema":{"type":"object","properties":{"source":{"type":"string"},"mortgageTypeName":{"type":"string"},"relatieid":{"type":"string"}}},"method":"POST","relativePath":"rebuildMortgageIndex"}}},"actions":{"Initialize_CountMortgage":{"runAfter":{},"metadata":{"operationMetadataId":"9a75b580-4b4d-4b21-9ff8-29ad38ac9007"},"type":"InitializeVariable","inputs":{"variables":[{"name":"CountMortgage","type":"integer","value":1}]}},"Initialize_aux":{"runAfter":{"Initialize_CountMortgage":["Succeeded"]},"metadata":{"operationMetadataId":"f2fa65e0-a678-45c0-a9d6-11fc137c3b92"},"type":"InitializeVariable","inputs":{"variables":[{"name":"aux","type":"integer","value":1}]}},"Condition":{"actions":{"List_Assets":{"runAfter":{},"metadata":{"operationMetadataId":"34f0fc08-dfc8-435b-803a-45bca9f3d351"},"type":"OpenApiConnection","inputs":{"host":{"connectionName":"shared_commondataserviceforapps_1","operationId":"ListRecords","apiId":"/providers/Microsoft.PowerApps/apis/shared_commondataserviceforapps"},"parameters":{"entityName":"cr85a_vermogenscomponents","$select":"cr85a_vermogenscomponentid","$filter":"(_cr85a_relatievermogenscomponent_value eq @{triggerBody()?['relatieid']} and cr85a_bezitverpandjanee eq true and cr85a_eigenaarnascheiding eq 469280000)"},"authentication":"@parameters('$authentication')"}},"Apply_to_each":{"foreach":"@outputs('List_Assets')?['body/value']","actions":{"List_Mortgage":{"runAfter":{},"metadata":{"operationMetadataId":"29f47cab-9bef-4eaf-9c21-44994a0938b8"},"type":"OpenApiConnection","inputs":{"host":{"connectionName":"shared_commondataserviceforapps_1","operationId":"ListRecords","apiId":"/providers/Microsoft.PowerApps/apis/shared_commondataserviceforapps"},"parameters":{"entityName":"cr85a_hypotheeks","$filter":"(_cr85a_vermogenscomponent_value eq @{items('Apply_to_each')?['cr85a_vermogenscomponentid']})"},"authentication":"@parameters('$authentication')"}},"Apply_to_each_2":{"foreach":"@outputs('List_Mortgage')?['body/value']","actions":{"Update_Mortgage_for_user":{"runAfter":{},"metadata":{"operationMetadataId":"fd489289-c4f9-478a-8fbc-e51829da1a69"},"type":"OpenApiConnection","inputs":{"host":{"connectionName":"shared_commondataserviceforapps_1","operationId":"UpdateRecord","apiId":"/providers/Microsoft.PowerApps/apis/shared_commondataserviceforapps"},"parameters":{"entityName":"cr85a_hypotheeks","recordId":"@items('Apply_to_each_2')?['cr85a_hypotheekid']","item/cr85a_hypotheekvolgorde":"@variables('CountMortgage')","item/cr85a_hypotheekvolgordenaam":"@{triggerBody()?['mortgageTypeName']}@{variables('CountMortgage')}"},"authentication":"@parameters('$authentication')"}},"Set_variable":{"runAfter":{"Update_Mortgage_for_user":["Succeeded"]},"metadata":{"operationMetadataId":"36c0e01e-f442-495e-950f-3080e46917f8"},"type":"SetVariable","inputs":{"name":"CountMortgage","value":"@add(variables('aux'), 1)"}},"Set_variable_2":{"runAfter":{"Set_variable":["Succeeded"]},"metadata":{"operationMetadataId":"47d5ffc2-4e1f-498f-87a9-861a83680085"},"type":"SetVariable","inputs":{"name":"aux","value":"@add(variables('CountMortgage'), 1)"}}},"runAfter":{"List_Mortgage":["Succeeded"]},"metadata":{"operationMetadataId":"47e4340f-bf7b-4d82-b220-3fab5b90b811"},"type":"Foreach"}},"runAfter":{"List_Assets":["Succeeded"]},"metadata":{"operationMetadataId":"2e184376-b99b-4039-9207-34f5163fe817"},"type":"Foreach"}},"runAfter":{"Initialize_aux":["Succeeded"]},"expression":{"equals":["@triggerBody()?['source']",""]},"metadata":{"operationMetadataId":"53cd9354-dc30-4f42-9552-671f5e40792c"},"type":"If"},"Respond_to_a_PowerApp_or_flow":{"runAfter":{"Condition":["Succeeded"]},"metadata":{"operationMetadataId":"397db144-5832-4d59-aa33-d56899363dea"},"type":"Response","kind":"PowerApp","inputs":{"statusCode":200,"body":{"success":"@{true}"},"schema":{"type":"object","properties":{"success":{"title":"Success","x-ms-dynamically-added":true,"type":"boolean"}}}}}}}},"schemaVersion":"1.0.0.0"}