{"properties":{"connectionReferences":{"shared_commondataserviceforapps":{"runtimeSource":"embedded","connection":{"connectionReferenceLogicalName":"cr85a_sharedcommondataserviceforapps_81ac3"},"api":{"name":"shared_commondataserviceforapps"}},"shared_commondataserviceforapps_1":{"runtimeSource":"embedded","connection":{"connectionReferenceLogicalName":"cr85a_sharedcommondataserviceforapps_064ef"},"api":{"name":"shared_commondataserviceforapps"}}},"definition":{"$schema":"https://schema.management.azure.com/providers/Microsoft.Logic/schemas/2016-06-01/workflowdefinition.json#","contentVersion":"1.0.0.0","parameters":{"$connections":{"defaultValue":{},"type":"Object"},"$authentication":{"defaultValue":{},"type":"SecureObject"}},"triggers":{"manual":{"metadata":{"operationMetadataId":"38ee4ca3-cf62-4885-8a46-618d386efbbc"},"type":"Request","kind":"Http","inputs":{"schema":{"type":"object","properties":{"cr85a_calculationid":{"type":"string"},"cr85a_relatieid":{"type":"string"},"cr85a_woonsituatienieuwid":{"type":"string"},"isUser":{"type":"boolean"},"cr85a_woningidAD_user":{"type":"string"},"cr85a_woningidAD_partner":{"type":"string"},"cr85a_aankprew_user":{"type":"number"},"cr85a_wozew_user":{"type":"number"},"cr85a_aankprew_partner":{"type":"number"},"cr85a_wozew_partner":{"type":"number"}}}}}},"actions":{"Update_a_row":{"runAfter":{"Condition_Authentication_+_Authorization":["Succeeded"]},"metadata":{"operationMetadataId":"fba44e63-c250-406d-819c-b25efb3f048f"},"type":"OpenApiConnection","inputs":{"host":{"connectionName":"shared_commondataserviceforapps","operationId":"UpdateRecord","apiId":"/providers/Microsoft.PowerApps/apis/shared_commondataserviceforapps"},"parameters":{"entityName":"cr85a_woonsituatienieuws","recordId":"@triggerBody()?['cr85a_woonsituatienieuwid']"},"authentication":"@parameters('$authentication')"}},"New_Asset_for_User_or_Partner":{"actions":{"Asset_for_User":{"actions":{"Add_New_User_Asset_AD":{"runAfter":{},"metadata":{"operationMetadataId":"3a69d1f3-68f8-42ca-8cb9-c30fd1c75035"},"type":"OpenApiConnection","inputs":{"host":{"connectionName":"shared_commondataserviceforapps","operationId":"CreateRecord","apiId":"/providers/Microsoft.PowerApps/apis/shared_commondataserviceforapps"},"parameters":{"entityName":"cr85a_vermogenscomponents","item/cr85a_vermogensvoornascheiding":469280001,"item/cr85a_eigenaarnascheiding":469280000,"item/cr85a_componentopnaamvan":469280000,"item/cr85a_typecomponent":469280000},"authentication":"@parameters('$authentication')"}},"Add_New_User_House":{"runAfter":{"Relate_User_asset_with_Relations":["Succeeded"]},"metadata":{"operationMetadataId":"254feeb5-9966-4a37-b064-71d369951a64"},"type":"OpenApiConnection","inputs":{"host":{"connectionName":"shared_commondataserviceforapps","operationId":"CreateRecord","apiId":"/providers/Microsoft.PowerApps/apis/shared_commondataserviceforapps"},"parameters":{"entityName":"cr85a_wonings","item/cr85a_aankprew":"@triggerBody()?['cr85a_aankprew_user']","item/cr85a_wozew":"@triggerBody()?['cr85a_wozew_user']"},"authentication":"@parameters('$authentication')"}},"Relate_User_asset_with_Relations":{"runAfter":{"Add_New_User_Asset_AD":["Succeeded"]},"metadata":{"operationMetadataId":"fe4bf494-48cf-46cb-b19c-9ddb1b2f47b5"},"type":"OpenApiConnection","inputs":{"host":{"connectionName":"shared_commondataserviceforapps","operationId":"AssociateEntities","apiId":"/providers/Microsoft.PowerApps/apis/shared_commondataserviceforapps"},"parameters":{"entityName":"cr85a_relaties","recordId":"@triggerBody()?['cr85a_relatieid']","associationEntityRelationship":"cr85a_relatie_relatievermogenscomponent_c","item/@odata.id":"@outputs('Add_New_User_Asset_AD')?['body/@odata.id']"},"authentication":"@parameters('$authentication')"}},"Relate_Asset_with_House_User":{"runAfter":{"Add_New_User_House":["Succeeded"]},"metadata":{"operationMetadataId":"b9b1f8a6-41e4-4c2e-8e90-5222b0327939"},"type":"OpenApiConnection","inputs":{"host":{"connectionName":"shared_commondataserviceforapps","operationId":"AssociateEntities","apiId":"/providers/Microsoft.PowerApps/apis/shared_commondataserviceforapps"},"parameters":{"entityName":"cr85a_vermogenscomponents","recordId":"@outputs('Add_New_User_Asset_AD')?['body/cr85a_vermogenscomponentid']","associationEntityRelationship":"cr85a_Woning_vermogenscomponentref_cr85a_","item/@odata.id":"@outputs('Add_New_User_House')?['body/@odata.id']"},"authentication":"@parameters('$authentication')"}},"Relate_House_with_Residential_After_Divorce_User":{"runAfter":{"Relate_Asset_with_House_User":["Succeeded"]},"metadata":{"operationMetadataId":"3f0592bf-eb3e-4d52-a315-3a6292b7a91c"},"type":"OpenApiConnection","inputs":{"host":{"connectionName":"shared_commondataserviceforapps","operationId":"AssociateEntities","apiId":"/providers/Microsoft.PowerApps/apis/shared_commondataserviceforapps"},"parameters":{"entityName":"cr85a_wonings","recordId":"@outputs('Add_New_User_House')?['body/cr85a_woningid']","associationEntityRelationship":"cr85a_WoonsituatieNieuw_woningnieuw_cr85a","item/@odata.id":"@outputs('Update_a_row')?['body/@odata.id']"},"authentication":"@parameters('$authentication')"}}},"runAfter":{},"else":{"actions":{"Add_New_Partner_Asset_AD":{"runAfter":{},"metadata":{"operationMetadataId":"ab0210fa-d444-4f80-8fab-832ae2115e64"},"type":"OpenApiConnection","inputs":{"host":{"connectionName":"shared_commondataserviceforapps","operationId":"CreateRecord","apiId":"/providers/Microsoft.PowerApps/apis/shared_commondataserviceforapps"},"parameters":{"entityName":"cr85a_vermogenscomponents","item/cr85a_vermogensvoornascheiding":469280001,"item/cr85a_eigenaarnascheiding":469280001,"item/cr85a_componentopnaamvan":469280001,"item/cr85a_typecomponent":469280000},"authentication":"@parameters('$authentication')"}},"Add_a_new_Partner_House":{"runAfter":{"Relate_Partner_Asset_with_Relations":["Succeeded"]},"metadata":{"operationMetadataId":"47f69163-b32a-477d-b968-bb9ea63c7152"},"type":"OpenApiConnection","inputs":{"host":{"connectionName":"shared_commondataserviceforapps","operationId":"CreateRecord","apiId":"/providers/Microsoft.PowerApps/apis/shared_commondataserviceforapps"},"parameters":{"entityName":"cr85a_wonings","item/cr85a_aankprew":"@triggerBody()?['cr85a_aankprew_partner']","item/cr85a_wozew":"@triggerBody()?['cr85a_wozew_partner']"},"authentication":"@parameters('$authentication')"}},"Relate_Partner_Asset_with_Relations":{"runAfter":{"Add_New_Partner_Asset_AD":["Succeeded"]},"metadata":{"operationMetadataId":"8ea5a441-04be-4882-8d28-4e6a32257d2d"},"type":"OpenApiConnection","inputs":{"host":{"connectionName":"shared_commondataserviceforapps","operationId":"AssociateEntities","apiId":"/providers/Microsoft.PowerApps/apis/shared_commondataserviceforapps"},"parameters":{"entityName":"cr85a_relaties","recordId":"@triggerBody()?['cr85a_relatieid']","associationEntityRelationship":"cr85a_relatie_relatievermogenscomponent_c","item/@odata.id":"@outputs('Add_New_Partner_Asset_AD')?['body/@odata.id']"},"authentication":"@parameters('$authentication')"}},"Relate_Asset_with_House_Partner":{"runAfter":{"Add_a_new_Partner_House":["Succeeded"]},"metadata":{"operationMetadataId":"2704e5c9-5570-469e-a952-b26fb607328d"},"type":"OpenApiConnection","inputs":{"host":{"connectionName":"shared_commondataserviceforapps","operationId":"AssociateEntities","apiId":"/providers/Microsoft.PowerApps/apis/shared_commondataserviceforapps"},"parameters":{"entityName":"cr85a_vermogenscomponents","recordId":"@outputs('Add_New_Partner_Asset_AD')?['body/cr85a_vermogenscomponentid']","associationEntityRelationship":"cr85a_Woning_vermogenscomponentref_cr85a_","item/@odata.id":"@outputs('Add_a_new_Partner_House')?['body/@odata.id']"},"authentication":"@parameters('$authentication')"}},"Relate_House_with_Residential_After_Divorce_Partner":{"runAfter":{"Relate_Asset_with_House_Partner":["Succeeded"]},"metadata":{"operationMetadataId":"980f0503-c220-4794-9cbd-50378cb37ac6"},"type":"OpenApiConnection","inputs":{"host":{"connectionName":"shared_commondataserviceforapps","operationId":"AssociateEntities","apiId":"/providers/Microsoft.PowerApps/apis/shared_commondataserviceforapps"},"parameters":{"entityName":"cr85a_wonings","recordId":"@outputs('Add_a_new_Partner_House')?['body/cr85a_woningid']","associationEntityRelationship":"cr85a_WoonsituatieNieuw_woningnieuw_cr85a","item/@odata.id":"@outputs('Update_a_row')?['body/@odata.id']"},"authentication":"@parameters('$authentication')"}}}},"expression":{"equals":["@triggerBody()?['isUser']",true]},"metadata":{"operationMetadataId":"01db28c9-5772-40c2-b385-ed239e0f24dd"},"type":"If"}},"runAfter":{"Update_a_row":["Succeeded"]},"else":{"actions":{"Update_Asset_for_User":{"actions":{"Update_User_House":{"runAfter":{},"metadata":{"operationMetadataId":"027bd927-f750-482f-9252-a9804827a70b"},"type":"OpenApiConnection","inputs":{"host":{"connectionName":"shared_commondataserviceforapps_1","operationId":"UpdateRecord","apiId":"/providers/Microsoft.PowerApps/apis/shared_commondataserviceforapps"},"parameters":{"entityName":"cr85a_wonings","recordId":"@triggerBody()?['cr85a_woningidAD_user']","item/cr85a_aankprew":"@triggerBody()?['cr85a_aankprew_user']","item/cr85a_wozew":"@triggerBody()?['cr85a_wozew_user']"},"authentication":"@parameters('$authentication')"}}},"runAfter":{},"else":{"actions":{"Update_Partner_House":{"runAfter":{},"metadata":{"operationMetadataId":"82af0578-8c57-49f8-94da-2b97f00e3d8f"},"type":"OpenApiConnection","inputs":{"host":{"connectionName":"shared_commondataserviceforapps_1","operationId":"UpdateRecord","apiId":"/providers/Microsoft.PowerApps/apis/shared_commondataserviceforapps"},"parameters":{"entityName":"cr85a_wonings","recordId":"@triggerBody()?['cr85a_woningidAD_partner']","item/cr85a_aankprew":"@triggerBody()?['cr85a_aankprew_partner']","item/cr85a_wozew":"@triggerBody()?['cr85a_wozew_partner']"},"authentication":"@parameters('$authentication')"}}}},"expression":{"equals":["@triggerBody()?['isUser']",true]},"metadata":{"operationMetadataId":"37bdb48c-2932-4c1b-95f2-841bc7b2f7cb"},"type":"If"}}},"expression":{"or":[{"equals":["@triggerBody()?['cr85a_woningidAD_user']",""]},{"equals":["@triggerBody()?['isUser']",true]},{"and":[{"equals":["@triggerBody()?['cr85a_woningidAD_partner']",""]},{"equals":["@triggerBody()?['isUser']",false]}]}]},"metadata":{"operationMetadataId":"aae2e44c-13ce-49f5-b95a-5ec93fa2f0fd"},"type":"If"},"Response_OK":{"runAfter":{"New_Asset_for_User_or_Partner":["Succeeded"]},"metadata":{"operationMetadataId":"4cc150cc-c05f-45ec-b738-8c580088badf"},"type":"Response","kind":"Http","inputs":{"statusCode":200}},"Response_Fail":{"runAfter":{"Response_OK":["Failed","Skipped","TimedOut"]},"metadata":{"operationMetadataId":"a666230f-17c4-47d2-97e7-a27928ba4624"},"type":"Response","kind":"Http","inputs":{"statusCode":400}},"Authentication_+_Authorization":{"runAfter":{},"metadata":{"operationMetadataId":"6156e4da-100d-49f8-9c85-ff72ddde6368"},"type":"OpenApiConnection","inputs":{"host":{"connectionName":"shared_commondataserviceforapps","operationId":"PerformUnboundAction","apiId":"/providers/Microsoft.PowerApps/apis/shared_commondataserviceforapps"},"parameters":{"actionName":"cr85a_AuthenticationAuthorizationProcess","item/PortalAuthToken":"@triggerOutputs()['headers']['portalauthtoken']","item/CalculationId":"@triggerBody()?['cr85a_calculationid']","item/StepId":"84051b37-9473-eb11-a812-000d3a22c008","item/RelationId":"@triggerBody()?['cr85a_relatieid']"},"authentication":"@parameters('$authentication')"}},"Condition_Authentication_+_Authorization":{"actions":{},"runAfter":{"Authentication_+_Authorization":["Succeeded"]},"else":{"actions":{"Response_Authentication_+_Authorization":{"runAfter":{},"metadata":{"operationMetadataId":"a28db4f1-5fe9-4710-810a-7ffbd6894cfd"},"type":"Response","kind":"Http","inputs":{"statusCode":"@outputs('Authentication_+_Authorization')?['body/HttpCode']","body":"@outputs('Authentication_+_Authorization')?['body/ErrorMessage']"}},"Terminate":{"runAfter":{"Response_Authentication_+_Authorization":["Succeeded"]},"metadata":{"operationMetadataId":"1e03b376-ad7f-4fa9-8d49-4003dc2fab7a"},"type":"Terminate","inputs":{"runStatus":"Succeeded"}}}},"expression":{"equals":["@outputs('Authentication_+_Authorization')?['body/AuthResult']","@true"]},"metadata":{"operationMetadataId":"e595db21-018d-4d35-93dc-c14924caaa6e"},"type":"If"}},"outputs":{}}},"schemaVersion":"1.0.0.0"}