{"properties":{"connectionReferences":{"shared_commondataserviceforapps":{"runtimeSource":"embedded","connection":{"connectionReferenceLogicalName":"new_sharedcommondataserviceforapps_43e52"},"api":{"name":"shared_commondataserviceforapps"}}},"definition":{"$schema":"https://schema.management.azure.com/providers/Microsoft.Logic/schemas/2016-06-01/workflowdefinition.json#","contentVersion":"1.0.0.0","parameters":{"$connections":{"defaultValue":{},"type":"Object"},"$authentication":{"defaultValue":{},"type":"SecureObject"}},"triggers":{"manual":{"metadata":{"operationMetadataId":"8ecdc432-d4e6-4622-a1eb-08f59f6a8fb5"},"type":"Request","kind":"Http","inputs":{"schema":{"type":"array","items":{"type":"object","properties":{"cr85a_calculationid":{"type":"string"},"cr85a_relatieid":{"type":"string"},"cr85a_partneralimentatieid":{"type":"string"},"cr85a_pawerkelijkontv":{"type":"integer"},"cr85a_pawerkelijkbedrag":{"type":"number"}},"required":["cr85a_relatieid","cr85a_partneralimentatieid","cr85a_pawerkelijkontv","cr85a_pawerkelijkbedrag"]}},"method":"POST","relativePath":"savePartnerAlimony"}}},"actions":{"Apply_to_each_JSON_object":{"foreach":"@triggerBody()","actions":{"Parse_JSON":{"runAfter":{},"metadata":{"operationMetadataId":"a87f3d7a-9485-4530-a0b7-4a8307861b19"},"type":"ParseJson","inputs":{"content":"@items('Apply_to_each_JSON_object')","schema":{"type":"object","properties":{"cr85a_relatieid":{"type":"string"},"cr85a_partneralimentatieid":{"type":"string"},"cr85a_pawerkelijkontv":{"type":"integer"},"cr85a_pawerkelijkbedrag":{"type":"number"}}}}},"Update_a_row":{"runAfter":{"Parse_JSON":["Succeeded"]},"metadata":{"operationMetadataId":"dd2c422e-8158-4b3e-95e2-a38dc7bf8bbb"},"type":"OpenApiConnection","inputs":{"host":{"connectionName":"shared_commondataserviceforapps","operationId":"UpdateRecord","apiId":"/providers/Microsoft.PowerApps/apis/shared_commondataserviceforapps"},"parameters":{"entityName":"cr85a_partneralimentaties","recordId":"@body('Parse_JSON')?['cr85a_partneralimentatieid']","item/cr85a_pawerkelijkbedrag":"@body('Parse_JSON')?['cr85a_pawerkelijkbedrag']","item/cr85a_hassaved":true,"item/cr85a_pawerkelijkontv":"@body('Parse_JSON')?['cr85a_pawerkelijkontv']"},"authentication":"@parameters('$authentication')"}}},"runAfter":{"Condition_Authentication_+_Authorization":["Succeeded"]},"metadata":{"operationMetadataId":"88801924-a2bd-438c-b68c-c1caba8e9655"},"type":"Foreach"},"Response_OK":{"runAfter":{"Apply_to_each_JSON_object":["Succeeded"]},"metadata":{"operationMetadataId":"97b0720f-d2ca-499a-a53e-580a0cf728fd"},"type":"Response","kind":"Http","inputs":{"statusCode":200}},"Response_FAIL":{"runAfter":{"Response_OK":["Skipped","TimedOut","Failed"]},"metadata":{"operationMetadataId":"2f27d564-cc93-4d3e-9aa4-5407b771e1e8"},"type":"Response","kind":"Http","inputs":{"statusCode":400}},"Authentication_+_Authorization":{"runAfter":{},"metadata":{"operationMetadataId":"6156e4da-100d-49f8-9c85-ff72ddde6368"},"type":"OpenApiConnection","inputs":{"host":{"connectionName":"shared_commondataserviceforapps","operationId":"PerformUnboundAction","apiId":"/providers/Microsoft.PowerApps/apis/shared_commondataserviceforapps"},"parameters":{"actionName":"cr85a_AuthenticationAuthorizationProcess","item/PortalAuthToken":"@triggerOutputs()['headers']['portalauthtoken']","item/CalculationId":"@first(triggerBody())?['cr85a_calculationid']","item/StepId":"71b423c9-9473-eb11-a812-000d3a22c008"},"authentication":"@parameters('$authentication')"}},"Condition_Authentication_+_Authorization":{"actions":{},"runAfter":{"Authentication_+_Authorization":["Succeeded"]},"else":{"actions":{"Response_Authentication_+_Authorization":{"runAfter":{},"metadata":{"operationMetadataId":"a28db4f1-5fe9-4710-810a-7ffbd6894cfd"},"type":"Response","kind":"Http","inputs":{"statusCode":"@outputs('Authentication_+_Authorization')?['body/HttpCode']","body":"@outputs('Authentication_+_Authorization')?['body/ErrorMessage']"}},"Terminate":{"runAfter":{"Response_Authentication_+_Authorization":["Succeeded"]},"metadata":{"operationMetadataId":"1e03b376-ad7f-4fa9-8d49-4003dc2fab7a"},"type":"Terminate","inputs":{"runStatus":"Succeeded"}}}},"expression":{"equals":["@outputs('Authentication_+_Authorization')?['body/AuthResult']","@true"]},"metadata":{"operationMetadataId":"e595db21-018d-4d35-93dc-c14924caaa6e"},"type":"If"}}}},"schemaVersion":"1.0.0.0"}