{"properties":{"connectionReferences":{"shared_commondataserviceforapps":{"runtimeSource":"embedded","connection":{"connectionReferenceLogicalName":"cr85a_sharedcommondataserviceforapps_472b0"},"api":{"name":"shared_commondataserviceforapps"}},"shared_cr85a-5fmollie-20connector-5f40e5b0d8d3303b9d":{"runtimeSource":"embedded","connection":{"connectionReferenceLogicalName":"cr85a_sharedcr85a5fmollie20connector5f40e5b0d8d3303b9d_b083c"},"api":{"name":"shared_cr85a-5fmollie-20connector-5fe395771b7c6c5052","logicalName":"cr85a_5Fmollie-20connector"}}},"definition":{"$schema":"https://schema.management.azure.com/providers/Microsoft.Logic/schemas/2016-06-01/workflowdefinition.json#","contentVersion":"1.0.0.0","parameters":{"$connections":{"defaultValue":{},"type":"Object"},"$authentication":{"defaultValue":{},"type":"SecureObject"}},"triggers":{"manual":{"metadata":{"operationMetadataId":"4eae73c8-6d46-4f37-ad1b-f87b313a6cc5"},"type":"Request","kind":"Http","inputs":{"schema":{"type":"object","properties":{"cr85a_invitesid":{"type":"string"},"base_url":{"type":"string"},"isonline":{"type":"boolean"},"userid":{"type":"string"},"payment_value":{"type":"string"},"payment_redirectUrl":{"type":"string"},"payment_webhookUrl":{"type":"string"}}},"method":"POST","relativePath":"saveRedirect"}}},"actions":{"Check_invitesId":{"actions":{"Get_an_Invite_by_ID":{"runAfter":{},"metadata":{"operationMetadataId":"ae9731c4-fcf1-421a-a8dd-db22db9f646b"},"type":"OpenApiConnection","inputs":{"host":{"connectionName":"shared_commondataserviceforapps","operationId":"GetItem","apiId":"/providers/Microsoft.PowerApps/apis/shared_commondataserviceforapps"},"parameters":{"entityName":"cr85a_inviteses","recordId":"@triggerBody()?['cr85a_invitesid']"},"authentication":"@parameters('$authentication')"}},"Check_invite_expiration_date":{"actions":{"Set_variable_2":{"runAfter":{},"metadata":{"operationMetadataId":"addef7da-6331-40e3-a732-6866422278c4"},"type":"SetVariable","inputs":{"name":"URLtoRedirect","value":"@{triggerBody()?['base_url']}/expiredinvite/"}},"Update_Invite_to_Expired":{"runAfter":{"Set_variable_2":["Succeeded"]},"metadata":{"operationMetadataId":"51114526-63f7-49bb-aaca-a622b43a0c64"},"type":"OpenApiConnection","inputs":{"host":{"connectionName":"shared_commondataserviceforapps","operationId":"UpdateRecord","apiId":"/providers/Microsoft.PowerApps/apis/shared_commondataserviceforapps"},"parameters":{"entityName":"cr85a_inviteses","recordId":"@triggerBody()?['cr85a_invitesid']","item/cr85a_status":469280002},"authentication":"@parameters('$authentication')"}},"Update_Authorization_to_Expired":{"runAfter":{"Update_Invite_to_Expired":["Succeeded"]},"metadata":{"operationMetadataId":"9517e203-ef58-4efd-9c0e-ff9fbd1f51a0"},"type":"OpenApiConnection","inputs":{"host":{"connectionName":"shared_commondataserviceforapps","operationId":"UpdateRecord","apiId":"/providers/Microsoft.PowerApps/apis/shared_commondataserviceforapps"},"parameters":{"entityName":"cr85a_authorizationses","recordId":"@outputs('Update_Invite_to_Expired')?['body/_cr85a_authorizationref_value']","item/cr85a_statusaut":469280002},"authentication":"@parameters('$authentication')"}}},"runAfter":{"Get_an_Invite_by_ID":["Succeeded"]},"else":{"actions":{"Get_an_Auth_by_Id":{"runAfter":{},"metadata":{"operationMetadataId":"8bd40056-0fc0-4384-ad62-05aac756ec26"},"type":"OpenApiConnection","inputs":{"host":{"connectionName":"shared_commondataserviceforapps","operationId":"GetItem","apiId":"/providers/Microsoft.PowerApps/apis/shared_commondataserviceforapps"},"parameters":{"entityName":"cr85a_authorizationses","recordId":"@outputs('Get_an_Invite_by_ID')?['body/_cr85a_authorizationref_value']"},"authentication":"@parameters('$authentication')"}},"List_Contacts_with_existent_email":{"runAfter":{"Get_an_Auth_by_Id":["Succeeded"]},"metadata":{"operationMetadataId":"58a1968c-698e-4b8c-bd76-7f0e7a5d82f0"},"type":"OpenApiConnection","inputs":{"host":{"connectionName":"shared_commondataserviceforapps","operationId":"ListRecords","apiId":"/providers/Microsoft.PowerApps/apis/shared_commondataserviceforapps"},"parameters":{"entityName":"contacts","$filter":"(emailaddress1 eq '@{outputs('Get_an_Invite_by_ID')?['body/cr85a_email']}')"},"authentication":"@parameters('$authentication')"}},"Update_Invite":{"runAfter":{"List_Contacts_with_existent_email":["Succeeded"]},"metadata":{"operationMetadataId":"93724649-98b2-44cd-a195-575d0def139c"},"type":"OpenApiConnection","inputs":{"host":{"connectionName":"shared_commondataserviceforapps","operationId":"UpdateRecord","apiId":"/providers/Microsoft.PowerApps/apis/shared_commondataserviceforapps"},"parameters":{"entityName":"cr85a_inviteses","recordId":"@triggerBody()?['cr85a_invitesid']","item/cr85a_status":469280000},"authentication":"@parameters('$authentication')"}},"No_registration_for_the_email":{"actions":{"Send_to_SignUp":{"runAfter":{},"metadata":{"operationMetadataId":"9e853b51-56f6-4a03-9306-d86f36ef8832"},"type":"SetVariable","inputs":{"name":"URLtoRedirect","value":"@{triggerBody()?['base_url']}/SignUp/?secret=@{triggerBody()?['cr85a_invitesid']}"}}},"runAfter":{"Update_Invite":["Succeeded"]},"else":{"actions":{"IsOnline":{"actions":{"Send_to_Dossier":{"runAfter":{},"metadata":{"operationMetadataId":"17656bf5-97bb-4839-975c-bc9434133370"},"type":"SetVariable","inputs":{"name":"URLtoRedirect","value":"@triggerBody()?['base_url']"}}},"runAfter":{"Update_Authorization":["Succeeded"]},"else":{"actions":{"Send_to_SignIn":{"runAfter":{},"metadata":{"operationMetadataId":"ff995a9e-83b5-4adb-8124-af4436fdeeb2"},"type":"SetVariable","inputs":{"name":"URLtoRedirect","value":"@{triggerBody()?['base_url']}/SignIn/"}}}},"expression":{"equals":["@triggerBody()?['isonline']",true]},"metadata":{"operationMetadataId":"1ee7d1c1-1b9f-4d03-9f36-63298e0f2d19"},"type":"If"},"Update_Authorization":{"runAfter":{},"metadata":{"operationMetadataId":"682f45e4-b2f6-4f58-ad48-3a8eae42d14f"},"type":"OpenApiConnection","inputs":{"host":{"connectionName":"shared_commondataserviceforapps","operationId":"UpdateRecord","apiId":"/providers/Microsoft.PowerApps/apis/shared_commondataserviceforapps"},"parameters":{"entityName":"cr85a_authorizationses","recordId":"@outputs('Get_an_Auth_by_Id')?['body/cr85a_authorizationsid']","item/cr85a_statusaut":469280000},"authentication":"@parameters('$authentication')"}}}},"expression":{"equals":["@empty(outputs('List_Contacts_with_existent_email')?['body/value'])",true]},"metadata":{"operationMetadataId":"d2dbda04-e036-4dad-8410-cce5aefc89de"},"type":"If"}}},"expression":{"less":["@addHours(outputs('Get_an_Invite_by_ID')?['body/cr85a_creationdate'],72)","@utcNow()"]},"metadata":{"operationMetadataId":"5168bddc-c71d-406a-990b-8a5a1f89d5ca"},"type":"If"}},"runAfter":{"Initialize_variable":["Succeeded"]},"else":{"actions":{"Have_user_id":{"actions":{"Get_the_contact_Id":{"runAfter":{},"metadata":{"operationMetadataId":"e1edcfc0-02cd-4ed7-8622-5e7fb9a01c77"},"type":"OpenApiConnection","inputs":{"host":{"connectionName":"shared_commondataserviceforapps","operationId":"GetItem","apiId":"/providers/Microsoft.PowerApps/apis/shared_commondataserviceforapps"},"parameters":{"entityName":"contacts","recordId":"@triggerBody()?['userid']"},"authentication":"@parameters('$authentication')"}},"Has_a_Dossier":{"actions":{"List_dossiers":{"runAfter":{},"metadata":{"operationMetadataId":"ced711d9-1812-43c2-9d9c-b421c6c186f4"},"type":"OpenApiConnection","inputs":{"host":{"connectionName":"shared_commondataserviceforapps","operationId":"ListRecords","apiId":"/providers/Microsoft.PowerApps/apis/shared_commondataserviceforapps"},"parameters":{"entityName":"cr85a_dossiers","$select":"cr85a_dossiernummer,cr85a_scanstatus,cr85a_dossierid","$filter":"(cr85a_dossierid eq @{outputs('Get_the_contact_Id')?['body/_cr85a_dossierref_value']})","$top":1},"authentication":"@parameters('$authentication')"}},"Apply_to_each":{"foreach":"@outputs('List_dossiers')?['body/value']","actions":{"Not_Paid":{"actions":{"Go_to_Mollie":{"runAfter":{"Parse_JSON":["Succeeded"]},"metadata":{"operationMetadataId":"21e7d211-9186-4f56-a0d4-5ce8ace0b945"},"type":"SetVariable","inputs":{"name":"URLtoRedirect","value":"@body('Parse_JSON')?['_links']?['checkout']?['href']"}},"Parse_JSON":{"runAfter":{"Create_Payment":["Succeeded"]},"metadata":{"operationMetadataId":"9e4fb6af-bb7e-4316-acd0-ea1575515e65"},"type":"ParseJson","inputs":{"content":"@body('Create_Payment')","schema":{"type":"object","properties":{"_links":{"type":"object","properties":{"checkout":{"type":"object","properties":{"href":{"type":"string"},"type":{"type":"string"}}}}}}}}},"Create_Payment":{"runAfter":{},"metadata":{"operationMetadataId":"c33bfce9-0592-4300-902f-81020cf9c27b"},"type":"OpenApiConnection","inputs":{"host":{"connectionName":"shared_cr85a-5fmollie-20connector-5f40e5b0d8d3303b9d","operationId":"payments","apiId":"/providers/Microsoft.PowerApps/apis/shared_cr85a-5fmollie-20connector-5fe395771b7c6c5052"},"parameters":{"body/amount/currency":"EUR","body/amount/value":"@triggerBody()?['payment_value']","body/description":"Payment for @{items('Apply_to_each')?['cr85a_dossiernummer']}","body/redirectUrl":"@triggerBody()?['payment_redirectUrl']","body/webhookUrl":"@triggerBody()?['payment_webhookUrl']","body/metadata/order_id":"@items('Apply_to_each')?['cr85a_dossiernummer']"},"authentication":"@parameters('$authentication')"}}},"runAfter":{},"else":{"actions":{"Go_to_dossier_mgmt":{"runAfter":{},"metadata":{"operationMetadataId":"e32e0548-fa7e-4732-928e-05422f951ea6"},"type":"SetVariable","inputs":{"name":"URLtoRedirect","value":"@triggerBody()?['base_url']"}}}},"expression":{"equals":["@items('Apply_to_each')?['cr85a_scanstatus']",469280000]},"metadata":{"operationMetadataId":"9bb659f9-39f5-4f58-8184-3887e2aaa752"},"type":"If"}},"runAfter":{"List_dossiers":["Succeeded"]},"metadata":{"operationMetadataId":"5087ee72-7ae9-4b8c-bfc1-032d03051cc3"},"type":"Foreach"}},"runAfter":{"Get_the_contact_Id":["Succeeded"]},"else":{"actions":{"Set_variable_signin":{"runAfter":{},"metadata":{"operationMetadataId":"718e44d4-47d1-4be4-8c34-816f8524499f"},"type":"SetVariable","inputs":{"name":"URLtoRedirect","value":"@{triggerBody()?['base_url']}/SignIn/"}}}},"expression":{"not":{"equals":["@outputs('Get_the_contact_Id')?['body/_cr85a_dossierref_value']","@null"]}},"metadata":{"operationMetadataId":"1a7d0aa8-63a3-4d5a-9eb1-7a1577430e6e"},"type":"If"}},"runAfter":{},"else":{"actions":{"Set_variable_signin_2":{"runAfter":{},"metadata":{"operationMetadataId":"4e40fc3b-4653-4323-8a42-32da7cd3bc15"},"type":"SetVariable","inputs":{"name":"URLtoRedirect","value":"@{triggerBody()?['base_url']}/SignIn/"}}}},"expression":{"not":{"equals":["@triggerBody()?['userid']","@null"]}},"metadata":{"operationMetadataId":"853239bd-1436-4a05-923f-0ddc1c9a3b36"},"type":"If"}}},"expression":{"not":{"equals":["@triggerBody()?['cr85a_invitesid']",""]}},"metadata":{"operationMetadataId":"a51a8c8f-e27a-4ae8-bd25-7b311a8fc78d"},"type":"If"},"Initialize_variable":{"runAfter":{},"metadata":{"operationMetadataId":"33844669-6027-4736-a595-ef2a8f92d112"},"type":"InitializeVariable","inputs":{"variables":[{"name":"URLtoRedirect","type":"string","value":"@{triggerBody()?['base_url']}/SignUp/"}]}},"Response":{"runAfter":{"Check_invitesId":["Succeeded"]},"metadata":{"operationMetadataId":"783b1023-0828-44ef-9ab2-bb6f3c8a8a00"},"type":"Response","kind":"Http","inputs":{"statusCode":200,"body":"@variables('URLtoRedirect')"}},"Response_Fail":{"runAfter":{"Response":["Failed","Skipped","TimedOut"]},"metadata":{"operationMetadataId":"9ef017f2-c3b4-449b-8031-088ef02e62a7"},"type":"Response","kind":"Http","inputs":{"statusCode":400}}},"outputs":{}}},"schemaVersion":"1.0.0.0"}