{"properties":{"connectionReferences":{"shared_commondataserviceforapps":{"runtimeSource":"embedded","connection":{"connectionReferenceLogicalName":"new_sharedcommondataserviceforapps_43e52"},"api":{"name":"shared_commondataserviceforapps"}},"shared_commondataserviceforapps_1":{"runtimeSource":"embedded","connection":{"connectionReferenceLogicalName":"new_sharedcommondataserviceforapps_43e52"},"api":{"name":"shared_commondataserviceforapps"}},"shared_office365":{"runtimeSource":"embedded","connection":{"connectionReferenceLogicalName":"cr85a_sharedoffice365_0d75f"},"api":{"name":"shared_office365"}}},"definition":{"$schema":"https://schema.management.azure.com/providers/Microsoft.Logic/schemas/2016-06-01/workflowdefinition.json#","contentVersion":"1.0.0.0","parameters":{"$connections":{"defaultValue":{},"type":"Object"},"$authentication":{"defaultValue":{},"type":"SecureObject"}},"triggers":{"manual":{"metadata":{"operationMetadataId":"ac8fd846-cf39-4c54-bc58-d79926a39e78"},"type":"Request","kind":"Http","inputs":{"schema":{"type":"object","properties":{"cr85a_contactid":{"type":"string"},"cr85a_mailaut":{"type":"string"},"cr85a_dossierref":{"type":"string"},"cr85a_statusaut":{"type":"integer"},"cr85a_internalcode":{"type":"string"},"baseURL":{"type":"string"}}},"method":"POST","relativePath":"saveAuthorizations"}}},"actions":{"Add_an_Auth":{"runAfter":{"Condition_Authentication_+_Authorization":["Succeeded"]},"metadata":{"operationMetadataId":"435be6ff-e05a-44fb-8bd5-fca16cc4b336"},"type":"OpenApiConnection","inputs":{"host":{"connectionName":"shared_commondataserviceforapps","operationId":"CreateRecord","apiId":"/providers/Microsoft.PowerApps/apis/shared_commondataserviceforapps"},"parameters":{"entityName":"cr85a_authorizationses","item/cr85a_nameauthorizations":"auth_contact@{triggerBody()?['cr85a_contactid']}","item/cr85a_statusaut":"@triggerBody()?['cr85a_statusaut']"},"authentication":"@parameters('$authentication')"}},"Relate_Auth_with_Dossier":{"runAfter":{"Condition":["Succeeded"]},"metadata":{"operationMetadataId":"b8dcc8c0-0c35-422b-b860-98b820d23d38"},"type":"OpenApiConnection","inputs":{"host":{"connectionName":"shared_commondataserviceforapps","operationId":"AssociateEntities","apiId":"/providers/Microsoft.PowerApps/apis/shared_commondataserviceforapps"},"parameters":{"entityName":"cr85a_dossiers","recordId":"@triggerBody()?['cr85a_dossierref']","associationEntityRelationship":"cr85a_Authorizations_cr85a_dossierref_cr8","item/@odata.id":"@outputs('Add_an_Auth')?['body/@odata.id']"},"authentication":"@parameters('$authentication')"}},"Get_AuthType":{"runAfter":{"Add_an_Auth":["Succeeded"]},"metadata":{"operationMetadataId":"4d69d6b2-9123-4bbd-b2a7-b7bdab9a6e23"},"type":"OpenApiConnection","inputs":{"host":{"connectionName":"shared_commondataserviceforapps","operationId":"ListRecords","apiId":"/providers/Microsoft.PowerApps/apis/shared_commondataserviceforapps"},"parameters":{"entityName":"cr85a_authorizationtypes","$select":"cr85a_authorizationtypeid","$filter":"(cr85a_internalcode eq '@{triggerBody()?['cr85a_internalcode']}')","$top":1},"authentication":"@parameters('$authentication')"}},"Apply_to_each":{"foreach":"@outputs('Get_AuthType')?['body/value']","actions":{"Relate_rows":{"runAfter":{},"metadata":{"operationMetadataId":"f55c285c-b5f3-4b14-8ce2-93332d4195dd"},"type":"OpenApiConnection","inputs":{"host":{"connectionName":"shared_commondataserviceforapps","operationId":"AssociateEntities","apiId":"/providers/Microsoft.PowerApps/apis/shared_commondataserviceforapps"},"parameters":{"entityName":"cr85a_authorizationtypes","recordId":"@items('Apply_to_each')?['cr85a_authorizationtypeid']","associationEntityRelationship":"cr85a_Authorizations_cr85a_authorizationt","item/@odata.id":"@outputs('Add_an_Auth')?['body/@odata.id']"},"authentication":"@parameters('$authentication')"}}},"runAfter":{"Get_AuthType":["Succeeded"]},"metadata":{"operationMetadataId":"9bfffef2-aff2-4d13-a531-04e005109a44"},"type":"Foreach"},"Add_a_new_Invite":{"runAfter":{"Relate_Auth_with_Dossier":["Succeeded"]},"metadata":{"operationMetadataId":"36f66b8b-eda8-4fba-8726-68ed47e93c67"},"type":"OpenApiConnection","inputs":{"host":{"connectionName":"shared_commondataserviceforapps","operationId":"CreateRecord","apiId":"/providers/Microsoft.PowerApps/apis/shared_commondataserviceforapps"},"parameters":{"entityName":"cr85a_inviteses","item/cr85a_creationdate":"@utcNow()","item/cr85a_email":"@triggerBody()?['cr85a_mailaut']","item/cr85a_name":"invite_@{triggerBody()?['cr85a_mailaut']}","item/cr85a_status":469280001},"authentication":"@parameters('$authentication')"}},"Relate_Auth_with_Invite":{"runAfter":{"Add_a_new_Invite":["Succeeded"]},"metadata":{"operationMetadataId":"3a2eda46-305c-4ec1-b2eb-fb1c002f9c45"},"type":"OpenApiConnection","inputs":{"host":{"connectionName":"shared_commondataserviceforapps","operationId":"AssociateEntities","apiId":"/providers/Microsoft.PowerApps/apis/shared_commondataserviceforapps"},"parameters":{"entityName":"cr85a_authorizationses","recordId":"@outputs('Add_an_Auth')?['body/cr85a_authorizationsid']","associationEntityRelationship":"cr85a_invites_authorizationref_cr85a_Auth","item/@odata.id":"@outputs('Add_a_new_Invite')?['body/@odata.id']"},"authentication":"@parameters('$authentication')"}},"List_Contacts":{"runAfter":{"Apply_to_each":["Succeeded"]},"metadata":{"operationMetadataId":"82730933-715a-403a-81a3-2f7a4696ad47"},"type":"OpenApiConnection","inputs":{"host":{"connectionName":"shared_commondataserviceforapps","operationId":"ListRecords","apiId":"/providers/Microsoft.PowerApps/apis/shared_commondataserviceforapps"},"parameters":{"entityName":"contacts","$filter":"(emailaddress1 eq '@{triggerBody()?['cr85a_mailaut']}')","$top":1},"authentication":"@parameters('$authentication')"}},"Condition":{"actions":{"Apply_to_each_Contact":{"foreach":"@outputs('List_Contacts')?['body/value']","actions":{"Relate_Auth_with_Contacts":{"runAfter":{},"metadata":{"operationMetadataId":"969317d3-bb66-4a8a-89ba-5a2b466011f1"},"type":"OpenApiConnection","inputs":{"host":{"connectionName":"shared_commondataserviceforapps","operationId":"AssociateEntities","apiId":"/providers/Microsoft.PowerApps/apis/shared_commondataserviceforapps"},"parameters":{"entityName":"contacts","recordId":"@items('Apply_to_each_Contact')?['contactid']","associationEntityRelationship":"cr85a_Authorizations_cr85a_contactref_Con","item/@odata.id":"@outputs('Add_an_Auth')?['body/@odata.id']"},"authentication":"@parameters('$authentication')"}}},"runAfter":{},"metadata":{"operationMetadataId":"85fd8dd7-deb8-4763-a21d-166544ecb8dd"},"type":"Foreach"}},"runAfter":{"List_Contacts":["Succeeded"]},"expression":{"not":{"equals":["@length(outputs('List_Contacts')?['body/value'])",0]}},"metadata":{"operationMetadataId":"d1df3639-e49b-4167-ae68-8e3ecd6e0cbd"},"type":"If"},"Response_OK":{"runAfter":{"Send_email":["Succeeded"]},"metadata":{"operationMetadataId":"61cc72a3-638c-4670-a442-b453c3f1a3a5"},"type":"Response","kind":"Http","inputs":{"statusCode":200}},"Response_Fail":{"runAfter":{"Response_OK":["Failed","Skipped","TimedOut"]},"metadata":{"operationMetadataId":"613223c9-a732-4f1f-af48-e46f4c79d753"},"type":"Response","kind":"Http","inputs":{"statusCode":400}},"List_contact_for_name":{"runAfter":{"Relate_Auth_with_Invite":["Succeeded"]},"metadata":{"operationMetadataId":"ceee64d8-ed0c-4556-97cc-9db0b41146a3"},"type":"OpenApiConnection","inputs":{"host":{"connectionName":"shared_commondataserviceforapps_1","operationId":"ListRecords","apiId":"/providers/Microsoft.PowerApps/apis/shared_commondataserviceforapps"},"parameters":{"entityName":"contacts","$select":"contactid,firstname,lastname,middlename","$filter":"(_cr85a_dossierref_value eq @{triggerBody()?['cr85a_dossierref']})"},"authentication":"@parameters('$authentication')"}},"Send_email":{"foreach":"@outputs('List_contact_for_name')?['body/value']","actions":{"Send_an_email_from_a_shared_mailbox_(V2)_2":{"runAfter":{},"metadata":{"operationMetadataId":"0418fb7a-40ac-4322-939d-aa8faf8f45da"},"type":"OpenApiConnection","inputs":{"host":{"connectionName":"shared_office365","operationId":"SharedMailboxSendEmailV2","apiId":"/providers/Microsoft.PowerApps/apis/shared_office365"},"parameters":{"emailMessage/MailboxAddress":"@first(outputs('Get_SiteSetting_Email')?['body/value'])?.adx_value","emailMessage/To":"@triggerBody()?['cr85a_mailaut']","emailMessage/Subject":"Machtiging op dossier bij Berekenjescheiding.nl","emailMessage/Body":"<html>\n<head></head>\n<body>\n<p><br>\nHallo,<br>\n<br>\n@{items('Send_email')?['middlename']} @{items('Send_email')?['firstname']} @{items('Send_email')?['lastname']} wil jou machtigen op zijn/haar dossier bij Berekenjescheiding.nl<br>\n<br>\n<a href=\"@{triggerBody()?['baseURL']}/divorceexpertredirect/?secret=@{outputs('Add_a_new_Invite')?['body/cr85a_invitesid']}\">Klik hier</a> om deze machitiging te activeren.<br>\n<br>\n<br>\n<br>\nMet vriendelijke groet,<br>\n<br>\nTeam Berekenjescheiding.nl<br>\n<em>Deze mail is automatisch gegenereerd. Je kunt op deze mail niet reageren, je bericht wordt niet gelezen.</em></p>\n</body>\n</html>\n\n"},"authentication":"@parameters('$authentication')"}}},"runAfter":{"Get_SiteSetting_Email":["Succeeded"]},"metadata":{"operationMetadataId":"21f5c688-c8a7-4e1a-a1d7-e05fe1a7539b"},"type":"Foreach"},"Authentication_+_Authorization":{"runAfter":{},"metadata":{"operationMetadataId":"6156e4da-100d-49f8-9c85-ff72ddde6368"},"type":"OpenApiConnection","inputs":{"host":{"connectionName":"shared_commondataserviceforapps","operationId":"PerformUnboundAction","apiId":"/providers/Microsoft.PowerApps/apis/shared_commondataserviceforapps"},"parameters":{"actionName":"cr85a_AuthenticationAuthorizationProcess","item/PortalAuthToken":"@triggerOutputs()['headers']['portalauthtoken']","item/DossierId":"@triggerBody()?['cr85a_dossierref']","item/ContactId":"@triggerBody()?['cr85a_contactid']"},"authentication":"@parameters('$authentication')"}},"Condition_Authentication_+_Authorization":{"actions":{},"runAfter":{"Authentication_+_Authorization":["Succeeded"]},"else":{"actions":{"Response_Authentication_+_Authorization":{"runAfter":{},"metadata":{"operationMetadataId":"a28db4f1-5fe9-4710-810a-7ffbd6894cfd"},"type":"Response","kind":"Http","inputs":{"statusCode":"@outputs('Authentication_+_Authorization')?['body/HttpCode']","body":"@outputs('Authentication_+_Authorization')?['body/ErrorMessage']"}},"Terminate":{"runAfter":{"Response_Authentication_+_Authorization":["Succeeded"]},"metadata":{"operationMetadataId":"1e03b376-ad7f-4fa9-8d49-4003dc2fab7a"},"type":"Terminate","inputs":{"runStatus":"Succeeded"}}}},"expression":{"equals":["@outputs('Authentication_+_Authorization')?['body/AuthResult']","@true"]},"metadata":{"operationMetadataId":"e595db21-018d-4d35-93dc-c14924caaa6e"},"type":"If"},"Get_SiteSetting_Email":{"runAfter":{"List_contact_for_name":["Succeeded"]},"metadata":{"operationMetadataId":"d20384f1-195d-43a0-ac0e-e3b776c230a3"},"type":"OpenApiConnection","inputs":{"host":{"connectionName":"shared_commondataserviceforapps","operationId":"ListRecords","apiId":"/providers/Microsoft.PowerApps/apis/shared_commondataserviceforapps"},"parameters":{"entityName":"adx_sitesettings","$select":"adx_value","$filter":"(adx_name eq 'DivorceExpertEmailAddress')","$top":1},"authentication":"@parameters('$authentication')"}}}}},"schemaVersion":"1.0.0.0"}