{"properties":{"connectionReferences":{"shared_commondataserviceforapps":{"runtimeSource":"embedded","connection":{"connectionReferenceLogicalName":"new_sharedcommondataserviceforapps_43e52"},"api":{"name":"shared_commondataserviceforapps"}}},"definition":{"$schema":"https://schema.management.azure.com/providers/Microsoft.Logic/schemas/2016-06-01/workflowdefinition.json#","contentVersion":"1.0.0.0","parameters":{"$connections":{"defaultValue":{},"type":"Object"},"$authentication":{"defaultValue":{},"type":"SecureObject"}},"triggers":{"manual":{"metadata":{"operationMetadataId":"232d110d-5215-4963-a25e-72c2f82f7268"},"type":"Request","kind":"Http","inputs":{"schema":{"type":"object","properties":{"cr85a_relatieid":{"type":"string"},"cr85a_calculationid":{"type":"string"},"cr85a_checkprivebezit":{"type":"boolean"},"cr85a_checkpriveinvestering":{"type":"boolean"},"cr85a_checkpriveschuld":{"type":"boolean"},"cr85a_checkprivebezitstartrelatie":{"type":["boolean","null"]},"cr85a_checkpriveschuldstartrelatie":{"type":["boolean","null"]}}},"method":"POST","relativePath":"savePrivateAssetCheck"}}},"actions":{"Update_a_row":{"runAfter":{"Condition_Authentication_+_Authorization":["Succeeded"]},"metadata":{"operationMetadataId":"57afac21-33d6-4a0d-b096-9bc942f595ae"},"type":"OpenApiConnection","inputs":{"host":{"connectionName":"shared_commondataserviceforapps","operationId":"UpdateRecord","apiId":"/providers/Microsoft.PowerApps/apis/shared_commondataserviceforapps"},"parameters":{"entityName":"cr85a_relaties","recordId":"@triggerBody()?['cr85a_relatieid']","item/cr85a_checkprivebezit":"@triggerBody()?['cr85a_checkprivebezit']","item/cr85a_checkprivebezitstartrelatie":"@triggerBody()?['cr85a_checkprivebezitstartrelatie']","item/cr85a_checkpriveschuld":"@triggerBody()?['cr85a_checkpriveschuld']","item/cr85a_checkpriveschuldstartrelatie":"@triggerBody()?['cr85a_checkpriveschuldstartrelatie']","item/cr85a_checkpriveinvestering":"@triggerBody()?['cr85a_checkpriveinvestering']"},"authentication":"@parameters('$authentication')"}},"Update_OK":{"runAfter":{"Update_a_row":["Succeeded"]},"metadata":{"operationMetadataId":"8636e0e7-308f-4378-900d-09dbd8bf3c23"},"type":"Response","kind":"Http","inputs":{"statusCode":200}},"Update_Fail":{"runAfter":{"Update_OK":["Failed","Skipped","TimedOut"]},"metadata":{"operationMetadataId":"a8f37387-dc6a-487e-8d38-6780f5d7e1b7"},"type":"Response","kind":"Http","inputs":{"statusCode":400}},"Authentication_+_Authorization":{"runAfter":{},"metadata":{"operationMetadataId":"6156e4da-100d-49f8-9c85-ff72ddde6368"},"type":"OpenApiConnection","inputs":{"host":{"connectionName":"shared_commondataserviceforapps","operationId":"PerformUnboundAction","apiId":"/providers/Microsoft.PowerApps/apis/shared_commondataserviceforapps"},"parameters":{"actionName":"cr85a_AuthenticationAuthorizationProcess","item/PortalAuthToken":"@triggerOutputs()['headers']['portalauthtoken']","item/CalculationId":"@triggerBody()?['cr85a_calculationid']","item/StepId":"6c124ad8-9373-eb11-a812-000d3a22c008","item/RelationId":"@triggerBody()?['cr85a_relatieid']"},"authentication":"@parameters('$authentication')"}},"Condition_Authentication_+_Authorization":{"actions":{},"runAfter":{"Authentication_+_Authorization":["Succeeded"]},"else":{"actions":{"Response_Authentication_+_Authorization":{"runAfter":{},"metadata":{"operationMetadataId":"a28db4f1-5fe9-4710-810a-7ffbd6894cfd"},"type":"Response","kind":"Http","inputs":{"statusCode":"@outputs('Authentication_+_Authorization')?['body/HttpCode']","body":"@outputs('Authentication_+_Authorization')?['body/ErrorMessage']"}},"Terminate":{"runAfter":{"Response_Authentication_+_Authorization":["Succeeded"]},"metadata":{"operationMetadataId":"1e03b376-ad7f-4fa9-8d49-4003dc2fab7a"},"type":"Terminate","inputs":{"runStatus":"Succeeded"}}}},"expression":{"equals":["@outputs('Authentication_+_Authorization')?['body/AuthResult']","@true"]},"metadata":{"operationMetadataId":"e595db21-018d-4d35-93dc-c14924caaa6e"},"type":"If"}}}},"schemaVersion":"1.0.0.0"}