{"properties":{"connectionReferences":{"shared_commondataserviceforapps":{"runtimeSource":"embedded","connection":{"connectionReferenceLogicalName":"cr85a_sharedcommondataserviceforapps_c91da"},"api":{"name":"shared_commondataserviceforapps"}}},"definition":{"$schema":"https://schema.management.azure.com/providers/Microsoft.Logic/schemas/2016-06-01/workflowdefinition.json#","contentVersion":"1.0.0.0","parameters":{"$connections":{"defaultValue":{},"type":"Object"},"$authentication":{"defaultValue":{},"type":"SecureObject"}},"triggers":{"manual":{"metadata":{"operationMetadataId":"95d22530-602d-4ad7-ae00-4491187b5665"},"type":"Request","kind":"Http","inputs":{"schema":{"type":"object","properties":{"cr85a_calculationid":{"type":"string"},"cr85a_woonsituatienieuwid":{"type":"string"},"cr85a_relatieid":{"type":"string"},"cr85a_aankprew_user":{"type":"number"},"cr85a_aankprew_partner":{"type":"number"},"cr85a_wozew_user":{"type":"number"},"cr85a_wozew_partner":{"type":"number"},"cr85a_woningidAD_user":{"type":"string"},"cr85a_woningidAD_partner":{"type":"string"},"cr85a_huurnieuwgebruiker":{"type":"number"},"cr85a_huurnieuwpartner":{"type":"number"},"isWoningidAD_user":{"type":["boolean","null"]}}},"method":"POST","relativePath":"saveResidentialADscenario5"}}},"actions":{"Update_Residential_AD":{"runAfter":{"Condition_Authentication_+_Authorization":["Succeeded"]},"metadata":{"operationMetadataId":"03a62188-add3-4465-a1dd-151dca5f7633"},"type":"OpenApiConnection","inputs":{"host":{"connectionName":"shared_commondataserviceforapps","operationId":"UpdateRecord","apiId":"/providers/Microsoft.PowerApps/apis/shared_commondataserviceforapps"},"parameters":{"entityName":"cr85a_woonsituatienieuws","recordId":"@triggerBody()?['cr85a_woonsituatienieuwid']","item/cr85a_huurnieuwpartner":"@triggerBody()?['cr85a_huurnieuwpartner']","item/cr85a_huurnieuwgebruiker":"@triggerBody()?['cr85a_huurnieuwgebruiker']"},"authentication":"@parameters('$authentication')"}},"Condition":{"actions":{"Check_if_User_HouseAD":{"actions":{"Add_Asset_for_House_AD_User":{"runAfter":{},"metadata":{"operationMetadataId":"bfa6fcc2-6a58-4257-a823-ac0e363c6439"},"type":"OpenApiConnection","inputs":{"host":{"connectionName":"shared_commondataserviceforapps","operationId":"CreateRecord","apiId":"/providers/Microsoft.PowerApps/apis/shared_commondataserviceforapps"},"parameters":{"entityName":"cr85a_vermogenscomponents","item/cr85a_vermogensvoornascheiding":469280001,"item/cr85a_componentopnaamvan":469280000,"item/cr85a_typecomponent":469280000},"authentication":"@parameters('$authentication')"}},"Relate_Asset_for_House_AD_User_with_Relation":{"runAfter":{"Add_Asset_for_House_AD_User":["Succeeded"]},"metadata":{"operationMetadataId":"dd8daa9f-c312-46ff-842a-9f0e54d65b3a"},"type":"OpenApiConnection","inputs":{"host":{"connectionName":"shared_commondataserviceforapps","operationId":"AssociateEntities","apiId":"/providers/Microsoft.PowerApps/apis/shared_commondataserviceforapps"},"parameters":{"entityName":"cr85a_relaties","recordId":"@triggerBody()?['cr85a_relatieid']","associationEntityRelationship":"cr85a_relatie_relatievermogenscomponent_c","item/@odata.id":"@outputs('Add_Asset_for_House_AD_User')?['body/@odata.id']"},"authentication":"@parameters('$authentication')"}},"Add_House_AD_for_User":{"runAfter":{"Relate_Asset_for_House_AD_User_with_Relation":["Succeeded"]},"metadata":{"operationMetadataId":"24898da5-a6a4-4bbc-92fb-fd08f2cd4341"},"type":"OpenApiConnection","inputs":{"host":{"connectionName":"shared_commondataserviceforapps","operationId":"CreateRecord","apiId":"/providers/Microsoft.PowerApps/apis/shared_commondataserviceforapps"},"parameters":{"entityName":"cr85a_wonings","item/cr85a_aankprew":"@triggerBody()?['cr85a_aankprew_user']","item/cr85a_wozew":"@triggerBody()?['cr85a_wozew_user']"},"authentication":"@parameters('$authentication')"}},"Relate_Asset_with_House_AD_User":{"runAfter":{"Add_House_AD_for_User":["Succeeded"]},"metadata":{"operationMetadataId":"8a4308a3-deba-4213-8431-049e1afc9cee"},"type":"OpenApiConnection","inputs":{"host":{"connectionName":"shared_commondataserviceforapps","operationId":"AssociateEntities","apiId":"/providers/Microsoft.PowerApps/apis/shared_commondataserviceforapps"},"parameters":{"entityName":"cr85a_vermogenscomponents","recordId":"@outputs('Add_Asset_for_House_AD_User')?['body/cr85a_vermogenscomponentid']","associationEntityRelationship":"cr85a_Woning_vermogenscomponentref_cr85a_","item/@odata.id":"@outputs('Add_House_AD_for_User')?['body/@odata.id']"},"authentication":"@parameters('$authentication')"}},"Relate_House_to_Residential_After_Divorce_User":{"runAfter":{"Relate_Asset_with_House_AD_User":["Succeeded"]},"metadata":{"operationMetadataId":"dfd59064-81e2-4774-91b6-45affa62760c"},"type":"OpenApiConnection","inputs":{"host":{"connectionName":"shared_commondataserviceforapps","operationId":"AssociateEntities","apiId":"/providers/Microsoft.PowerApps/apis/shared_commondataserviceforapps"},"parameters":{"entityName":"cr85a_wonings","recordId":"@outputs('Add_House_AD_for_User')?['body/cr85a_woningid']","associationEntityRelationship":"cr85a_WoonsituatieNieuw_woningnieuw_cr85a","item/@odata.id":"@outputs('Update_Residential_AD')?['body/@odata.id']"},"authentication":"@parameters('$authentication')"}}},"runAfter":{},"else":{"actions":{"Add_Asset_for_House_AD_Partner":{"runAfter":{},"metadata":{"operationMetadataId":"55a6dcc0-c246-42d6-a06c-a66035621e71"},"type":"OpenApiConnection","inputs":{"host":{"connectionName":"shared_commondataserviceforapps","operationId":"CreateRecord","apiId":"/providers/Microsoft.PowerApps/apis/shared_commondataserviceforapps"},"parameters":{"entityName":"cr85a_vermogenscomponents","item/cr85a_vermogensvoornascheiding":469280001,"item/cr85a_componentopnaamvan":469280001,"item/cr85a_typecomponent":469280000},"authentication":"@parameters('$authentication')"}},"Relate_Asset_for_House_AD_Partner_with_Relation":{"runAfter":{"Add_Asset_for_House_AD_Partner":["Succeeded"]},"metadata":{"operationMetadataId":"28b2a9d1-1650-4b69-b65c-30c3078680f6"},"type":"OpenApiConnection","inputs":{"host":{"connectionName":"shared_commondataserviceforapps","operationId":"AssociateEntities","apiId":"/providers/Microsoft.PowerApps/apis/shared_commondataserviceforapps"},"parameters":{"entityName":"cr85a_relaties","recordId":"@triggerBody()?['cr85a_relatieid']","associationEntityRelationship":"cr85a_relatie_relatievermogenscomponent_c","item/@odata.id":"@outputs('Add_Asset_for_House_AD_Partner')?['body/@odata.id']"},"authentication":"@parameters('$authentication')"}},"Add_House_AD_for_Partner":{"runAfter":{"Relate_Asset_for_House_AD_Partner_with_Relation":["Succeeded"]},"metadata":{"operationMetadataId":"fbb7c6f7-f2e0-4548-9b3a-6d17797d0160"},"type":"OpenApiConnection","inputs":{"host":{"connectionName":"shared_commondataserviceforapps","operationId":"CreateRecord","apiId":"/providers/Microsoft.PowerApps/apis/shared_commondataserviceforapps"},"parameters":{"entityName":"cr85a_wonings","item/cr85a_aankprew":"@triggerBody()?['cr85a_aankprew_partner']","item/cr85a_wozew":"@triggerBody()?['cr85a_wozew_partner']"},"authentication":"@parameters('$authentication')"}},"Relate_Asset_with_House_AD_Partner":{"runAfter":{"Add_House_AD_for_Partner":["Succeeded"]},"metadata":{"operationMetadataId":"fd083115-5db1-4b6f-b15e-8ca20af8048d"},"type":"OpenApiConnection","inputs":{"host":{"connectionName":"shared_commondataserviceforapps","operationId":"AssociateEntities","apiId":"/providers/Microsoft.PowerApps/apis/shared_commondataserviceforapps"},"parameters":{"entityName":"cr85a_vermogenscomponents","recordId":"@outputs('Add_Asset_for_House_AD_Partner')?['body/cr85a_vermogenscomponentid']","associationEntityRelationship":"cr85a_Woning_vermogenscomponentref_cr85a_","item/@odata.id":"@outputs('Add_House_AD_for_Partner')?['body/@odata.id']"},"authentication":"@parameters('$authentication')"}},"Relate_House_to_Residential_After_Divorce_Partner":{"runAfter":{"Relate_Asset_with_House_AD_Partner":["Succeeded"]},"metadata":{"operationMetadataId":"f01755ab-7af5-422d-a5c4-1bc613e38481"},"type":"OpenApiConnection","inputs":{"host":{"connectionName":"shared_commondataserviceforapps","operationId":"AssociateEntities","apiId":"/providers/Microsoft.PowerApps/apis/shared_commondataserviceforapps"},"parameters":{"entityName":"cr85a_wonings","recordId":"@outputs('Add_House_AD_for_Partner')?['body/cr85a_woningid']","associationEntityRelationship":"cr85a_WoonsituatieNieuw_woningnieuw_cr85a","item/@odata.id":"@outputs('Update_Residential_AD')?['body/@odata.id']"},"authentication":"@parameters('$authentication')"}}}},"expression":{"equals":["@triggerBody()?['isWoningidAD_user']",true]},"metadata":{"operationMetadataId":"b12f9009-7715-4e7e-b101-2f74cbfdbcfa"},"type":"If"}},"runAfter":{"Update_Residential_AD":["Succeeded"]},"else":{"actions":{"Check_if_is_User_HouseAD":{"actions":{"Update_House_(AD)_for_User":{"runAfter":{},"metadata":{"operationMetadataId":"4d14e1c1-3845-4fa2-9675-f06ca398b3e2"},"type":"OpenApiConnection","inputs":{"host":{"connectionName":"shared_commondataserviceforapps","operationId":"UpdateRecord","apiId":"/providers/Microsoft.PowerApps/apis/shared_commondataserviceforapps"},"parameters":{"entityName":"cr85a_wonings","recordId":"@triggerBody()?['cr85a_woningidAD_user']","item/cr85a_aankprew":"@triggerBody()?['cr85a_aankprew_user']","item/cr85a_wozew":"@triggerBody()?['cr85a_wozew_user']"},"authentication":"@parameters('$authentication')"}}},"runAfter":{},"else":{"actions":{"Update_House_(AD)_for_Partner":{"runAfter":{},"metadata":{"operationMetadataId":"bdab2d50-8a53-4499-9212-cc07351b3835"},"type":"OpenApiConnection","inputs":{"host":{"connectionName":"shared_commondataserviceforapps","operationId":"UpdateRecord","apiId":"/providers/Microsoft.PowerApps/apis/shared_commondataserviceforapps"},"parameters":{"entityName":"cr85a_wonings","recordId":"@triggerBody()?['cr85a_woningidAD_partner']","item/cr85a_aankprew":"@triggerBody()?['cr85a_aankprew_partner']","item/cr85a_wozew":"@triggerBody()?['cr85a_wozew_partner']"},"authentication":"@parameters('$authentication')"}}}},"expression":{"equals":["@triggerBody()?['isWoningidAD_user']",true]},"metadata":{"operationMetadataId":"6d9c17cc-ef2e-4ca2-8ec8-7a801bab6217"},"type":"If"}}},"expression":{"or":[{"and":[{"equals":["@triggerBody()?['cr85a_woningidAD_user']",""]},{"equals":["@triggerBody()?['isWoningidAD_user']",true]}]},{"and":[{"equals":["@triggerBody()?['cr85a_woningidAD_partner']",""]},{"equals":["@triggerBody()?['isWoningidAD_user']",false]}]}]},"metadata":{"operationMetadataId":"105e5911-1d9b-4ebd-8914-c6c58d33d07e"},"type":"If"},"Response_OK":{"runAfter":{"Condition":["Succeeded"]},"metadata":{"operationMetadataId":"18c6f0d7-29ab-45a8-8f96-14d5db63e8f7"},"type":"Response","kind":"Http","inputs":{"statusCode":200}},"Response_Fail":{"runAfter":{"Response_OK":["Failed","Skipped","TimedOut"]},"metadata":{"operationMetadataId":"1601aa36-a175-41c9-8060-084370e8f268"},"type":"Response","kind":"Http","inputs":{"statusCode":400}},"Authentication_+_Authorization":{"runAfter":{},"metadata":{"operationMetadataId":"6156e4da-100d-49f8-9c85-ff72ddde6368"},"type":"OpenApiConnection","inputs":{"host":{"connectionName":"shared_commondataserviceforapps","operationId":"PerformUnboundAction","apiId":"/providers/Microsoft.PowerApps/apis/shared_commondataserviceforapps"},"parameters":{"actionName":"cr85a_AuthenticationAuthorizationProcess","item/PortalAuthToken":"@triggerOutputs()['headers']['portalauthtoken']","item/CalculationId":"@triggerBody()?['cr85a_calculationid']","item/StepId":"84051b37-9473-eb11-a812-000d3a22c008","item/RelationId":"@triggerBody()?['cr85a_relatieid']"},"authentication":"@parameters('$authentication')"}},"Condition_Authentication_+_Authorization":{"actions":{},"runAfter":{"Authentication_+_Authorization":["Succeeded"]},"else":{"actions":{"Response_Authentication_+_Authorization":{"runAfter":{},"metadata":{"operationMetadataId":"a28db4f1-5fe9-4710-810a-7ffbd6894cfd"},"type":"Response","kind":"Http","inputs":{"statusCode":"@outputs('Authentication_+_Authorization')?['body/HttpCode']","body":"@outputs('Authentication_+_Authorization')?['body/ErrorMessage']"}},"Terminate":{"runAfter":{"Response_Authentication_+_Authorization":["Succeeded"]},"metadata":{"operationMetadataId":"1e03b376-ad7f-4fa9-8d49-4003dc2fab7a"},"type":"Terminate","inputs":{"runStatus":"Succeeded"}}}},"expression":{"equals":["@outputs('Authentication_+_Authorization')?['body/AuthResult']","@true"]},"metadata":{"operationMetadataId":"e595db21-018d-4d35-93dc-c14924caaa6e"},"type":"If"}}}},"schemaVersion":"1.0.0.0"}