{"properties":{"connectionReferences":{"shared_commondataserviceforapps":{"runtimeSource":"embedded","connection":{"connectionReferenceLogicalName":"new_sharedcommondataserviceforapps_43e52"},"api":{"name":"shared_commondataserviceforapps"}},"shared_commondataserviceforapps_1":{"runtimeSource":"embedded","connection":{"connectionReferenceLogicalName":"new_sharedcommondataserviceforapps_43e52"},"api":{"name":"shared_commondataserviceforapps"}}},"definition":{"$schema":"https://schema.management.azure.com/providers/Microsoft.Logic/schemas/2016-06-01/workflowdefinition.json#","contentVersion":"1.0.0.0","parameters":{"$connections":{"defaultValue":{},"type":"Object"},"$authentication":{"defaultValue":{},"type":"SecureObject"}},"triggers":{"manual":{"metadata":{"operationMetadataId":"70f4599f-3080-4d81-b61d-83473ebb4572"},"type":"Request","kind":"Http","inputs":{"schema":{"type":"object","properties":{"cr85a_calculationid":{"type":"string"},"cr85a_hypotheekid":{"type":"string"},"cr85a_hyphoofdsom":{"type":"number"},"cr85a_hyprnt":{"type":"number"},"cr85a_hyprntbedrmaand":{"type":"number"},"cr85a_invoergegeven":{"type":"integer"},"cr85a_hyptotlstmaand":{"type":"number"},"cr85a_hypaflmaand":{"type":"number"},"cr85a_eigenaarnascheiding":{"type":"integer"},"cr85a_relatieid":{"type":"string"},"source":{"type":"string"}}},"method":"POST","relativePath":"saveMortgageAndEquity"}}},"actions":{"Condition":{"actions":{"Add_Mortgage":{"runAfter":{},"metadata":{"operationMetadataId":"7ad6a82a-3e9c-497d-9bbc-3198e7074296"},"type":"OpenApiConnection","inputs":{"host":{"connectionName":"shared_commondataserviceforapps","operationId":"CreateRecord","apiId":"/providers/Microsoft.PowerApps/apis/shared_commondataserviceforapps"},"parameters":{"entityName":"cr85a_hypotheeks","item/cr85a_hyprntbedrmaand":"@triggerBody()?['cr85a_hyprntbedrmaand']","item/cr85a_hypaflmaand":"@triggerBody()?['cr85a_hypaflmaand']","item/cr85a_hyprnt":"@triggerBody()?['cr85a_hyprnt']","item/cr85a_observations":"Mortgage_MortgageAndEquity_@{utcNow()}","item/cr85a_hyptotlstmaand":"@triggerBody()?['cr85a_hyptotlstmaand']","item/cr85a_invoergegeven":"@triggerBody()?['cr85a_invoergegeven']","item/cr85a_hyphoofdsom":"@triggerBody()?['cr85a_hyphoofdsom']"},"authentication":"@parameters('$authentication')"}},"Relate_Assets_with_Mortgage":{"runAfter":{"Add_Asset":["Succeeded"]},"metadata":{"operationMetadataId":"972fe14b-fc5d-4aec-a8f2-cecb4311d23c"},"type":"OpenApiConnection","inputs":{"host":{"connectionName":"shared_commondataserviceforapps","operationId":"AssociateEntities","apiId":"/providers/Microsoft.PowerApps/apis/shared_commondataserviceforapps"},"parameters":{"entityName":"cr85a_vermogenscomponents","recordId":"@outputs('Add_Asset')?['body/cr85a_vermogenscomponentid']","associationEntityRelationship":"cr85a_VermogensComponent_cr85a_VermogensC","item/@odata.id":"@outputs('Add_Mortgage')?['body/@odata.id']"},"authentication":"@parameters('$authentication')"}},"Add_Asset":{"runAfter":{"Add_Mortgage":["Succeeded"]},"metadata":{"operationMetadataId":"485a61ec-cc40-4f0e-943d-768de008bbc1"},"type":"OpenApiConnection","inputs":{"host":{"connectionName":"shared_commondataserviceforapps","operationId":"CreateRecord","apiId":"/providers/Microsoft.PowerApps/apis/shared_commondataserviceforapps"},"parameters":{"entityName":"cr85a_vermogenscomponents","item/cr85a_vermogensvoornascheiding":469280001,"item/cr85a_componentomschrijving":"Mortgage_MortgageAndEquity_@{utcNow()}","item/cr85a_eigenaarnascheiding":"@triggerBody()?['cr85a_eigenaarnascheiding']","item/cr85a_typecomponent":469280000,"item/cr85a_bezitschuldwoning":469280001},"authentication":"@parameters('$authentication')"}},"Relate_Relation_with_Assets":{"runAfter":{"Relate_Assets_with_Mortgage":["Succeeded"]},"metadata":{"operationMetadataId":"90427ea5-9c0c-45d7-9598-f7b24ed473ff"},"type":"OpenApiConnection","inputs":{"host":{"connectionName":"shared_commondataserviceforapps","operationId":"AssociateEntities","apiId":"/providers/Microsoft.PowerApps/apis/shared_commondataserviceforapps"},"parameters":{"entityName":"cr85a_relaties","recordId":"@triggerBody()?['cr85a_relatieid']","associationEntityRelationship":"cr85a_relatie_relatievermogenscomponent_c","item/@odata.id":"@outputs('Add_Asset')?['body/@odata.id']"},"authentication":"@parameters('$authentication')"}}},"runAfter":{"Initialize_CountMortgage":["Succeeded"]},"else":{"actions":{"Update_Mortgage":{"runAfter":{},"metadata":{"operationMetadataId":"5d699c51-72e4-4075-859a-0bea47460021"},"type":"OpenApiConnection","inputs":{"host":{"connectionName":"shared_commondataserviceforapps","operationId":"UpdateRecord","apiId":"/providers/Microsoft.PowerApps/apis/shared_commondataserviceforapps"},"parameters":{"entityName":"cr85a_hypotheeks","recordId":"@triggerBody()?['cr85a_hypotheekid']","item/cr85a_hyprntbedrmaand":"@triggerBody()?['cr85a_hyprntbedrmaand']","item/cr85a_hypaflmaand":"@triggerBody()?['cr85a_hypaflmaand']","item/cr85a_hyprnt":"@triggerBody()?['cr85a_hyprnt']","item/cr85a_observations":"Mortgage_MortgageAndEquity_@{utcNow()}","item/cr85a_hyptotlstmaand":"@triggerBody()?['cr85a_hyptotlstmaand']","item/cr85a_invoergegeven":"@triggerBody()?['cr85a_invoergegeven']","item/cr85a_hyphoofdsom":"@triggerBody()?['cr85a_hyphoofdsom']"},"authentication":"@parameters('$authentication')"}}}},"expression":{"equals":["@triggerBody()?['cr85a_hypotheekid']",""]},"metadata":{"operationMetadataId":"8e8d09af-cfb9-4054-b3a8-ee4223fc7dae"},"type":"If"},"Response_OK":{"runAfter":{"Rebuild_Index":["Succeeded"]},"metadata":{"operationMetadataId":"397240f5-30e2-4f8a-b622-295fe38a34a4"},"type":"Response","kind":"Http","inputs":{"statusCode":200}},"Response_Fail":{"runAfter":{"Response_OK":["Failed","Skipped","TimedOut"]},"metadata":{"operationMetadataId":"91d4a1fc-f5f8-4419-a8c3-58e87e5caf8d"},"type":"Response","kind":"Http","inputs":{"statusCode":400}},"Rebuild_Index":{"actions":{"List_Assets":{"runAfter":{},"metadata":{"operationMetadataId":"5b9235e1-3879-4cdf-bb5d-3cb06ce11692"},"type":"OpenApiConnection","inputs":{"host":{"connectionName":"shared_commondataserviceforapps_1","operationId":"ListRecords","apiId":"/providers/Microsoft.PowerApps/apis/shared_commondataserviceforapps"},"parameters":{"entityName":"cr85a_vermogenscomponents","$select":"cr85a_vermogenscomponentid","$filter":"(_cr85a_relatievermogenscomponent_value eq @{triggerBody()?['cr85a_relatieid']} and cr85a_bezitschuldwoning eq 469280001 and cr85a_eigenaarnascheiding eq 469280000)"},"authentication":"@parameters('$authentication')"}},"Apply_to_each":{"foreach":"@outputs('List_Assets')?['body/value']","actions":{"List_Mortgage":{"runAfter":{},"metadata":{"operationMetadataId":"18a833d9-48ec-478f-9572-f8a2e58d0f84"},"type":"OpenApiConnection","inputs":{"host":{"connectionName":"shared_commondataserviceforapps_1","operationId":"ListRecords","apiId":"/providers/Microsoft.PowerApps/apis/shared_commondataserviceforapps"},"parameters":{"entityName":"cr85a_hypotheeks","$filter":"(_cr85a_vermogenscomponent_value eq @{items('Apply_to_each')?['cr85a_vermogenscomponentid']})"},"authentication":"@parameters('$authentication')"}},"Apply_to_each_2":{"foreach":"@outputs('List_Mortgage')?['body/value']","actions":{"Update_Mortgage_for_user":{"runAfter":{},"metadata":{"operationMetadataId":"304d1188-c206-4acc-94dc-54970478f1e4"},"type":"OpenApiConnection","inputs":{"host":{"connectionName":"shared_commondataserviceforapps_1","operationId":"UpdateRecord","apiId":"/providers/Microsoft.PowerApps/apis/shared_commondataserviceforapps"},"parameters":{"entityName":"cr85a_hypotheeks","recordId":"@items('Apply_to_each_2')?['cr85a_hypotheekid']","item/cr85a_hypotheekvolgorde":"@variables('CountMortgage')","item/cr85a_hypotheekvolgordenaam":"Loan part @{variables('CountMortgage')}"},"authentication":"@parameters('$authentication')"}},"Increment_variable":{"runAfter":{"Update_Mortgage_for_user":["Succeeded"]},"metadata":{"operationMetadataId":"3d09552a-00cf-40b0-85a5-ee4b3d45f275"},"type":"IncrementVariable","inputs":{"name":"CountMortgage","value":1}}},"runAfter":{"List_Mortgage":["Succeeded"]},"metadata":{"operationMetadataId":"c907f998-ab4f-4c7b-b770-1e9ab3af3352"},"type":"Foreach"}},"runAfter":{"List_Assets":["Succeeded"]},"metadata":{"operationMetadataId":"c9bf30c0-74f0-40dc-8c24-60e7028bba0f"},"type":"Foreach"}},"runAfter":{"Condition":["Succeeded"]},"else":{"actions":{"List_Assets_Partner":{"runAfter":{},"metadata":{"operationMetadataId":"4ad0bc10-2277-41ed-a5c3-9d69342b1968"},"type":"OpenApiConnection","inputs":{"host":{"connectionName":"shared_commondataserviceforapps_1","operationId":"ListRecords","apiId":"/providers/Microsoft.PowerApps/apis/shared_commondataserviceforapps"},"parameters":{"entityName":"cr85a_vermogenscomponents","$select":"cr85a_vermogenscomponentid","$filter":"(_cr85a_relatievermogenscomponent_value eq @{triggerBody()?['cr85a_relatieid']} and cr85a_bezitschuldwoning eq 469280001 and cr85a_eigenaarnascheiding eq 469280001)"},"authentication":"@parameters('$authentication')"}},"Apply_to_each_3":{"foreach":"@outputs('List_Assets_Partner')?['body/value']","actions":{"List_Mortgage_2":{"runAfter":{},"metadata":{"operationMetadataId":"fad72ab5-2c37-4433-a81e-2142922d76fd"},"type":"OpenApiConnection","inputs":{"host":{"connectionName":"shared_commondataserviceforapps_1","operationId":"ListRecords","apiId":"/providers/Microsoft.PowerApps/apis/shared_commondataserviceforapps"},"parameters":{"entityName":"cr85a_hypotheeks","$filter":"(_cr85a_vermogenscomponent_value eq @{items('Apply_to_each_3')?['cr85a_vermogenscomponentid']})"},"authentication":"@parameters('$authentication')"}},"Apply_to_each_4":{"foreach":"@outputs('List_Mortgage_2')?['body/value']","actions":{"Update_Mortgage_for_user_2":{"runAfter":{},"metadata":{"operationMetadataId":"e2306821-5659-4198-85b6-5933047844cf"},"type":"OpenApiConnection","inputs":{"host":{"connectionName":"shared_commondataserviceforapps_1","operationId":"UpdateRecord","apiId":"/providers/Microsoft.PowerApps/apis/shared_commondataserviceforapps"},"parameters":{"entityName":"cr85a_hypotheeks","recordId":"@items('Apply_to_each_4')?['cr85a_hypotheekid']","item/cr85a_hypotheekvolgorde":"@variables('CountMortgage')","item/cr85a_hypotheekvolgordenaam":"Loan part @{variables('CountMortgage')}"},"authentication":"@parameters('$authentication')"}},"Increment_variable_2":{"runAfter":{"Update_Mortgage_for_user_2":["Succeeded"]},"metadata":{"operationMetadataId":"56ffecb2-21cd-447c-a840-67d08b2d907e"},"type":"IncrementVariable","inputs":{"name":"CountMortgage","value":1}}},"runAfter":{"List_Mortgage_2":["Succeeded"]},"metadata":{"operationMetadataId":"3d18939a-77a1-48b9-9967-b3b3fe2fea7e"},"type":"Foreach"}},"runAfter":{"List_Assets_Partner":["Succeeded"]},"metadata":{"operationMetadataId":"f499d3d2-2973-45a8-8220-fa2a3ec44d90"},"type":"Foreach"}}},"expression":{"equals":["@triggerBody()?['source']","1"]},"metadata":{"operationMetadataId":"60a6ef7c-0dbc-4350-8528-1eb69beae540"},"type":"If"},"Initialize_CountMortgage":{"runAfter":{"Condition_Authentication_+_Authorization":["Succeeded"]},"metadata":{"operationMetadataId":"52f328dd-f832-45be-8b3a-2d8f9b6242c7"},"type":"InitializeVariable","inputs":{"variables":[{"name":"CountMortgage","type":"integer","value":1}]}},"Authentication_+_Authorization":{"runAfter":{},"metadata":{"operationMetadataId":"6156e4da-100d-49f8-9c85-ff72ddde6368"},"type":"OpenApiConnection","inputs":{"host":{"connectionName":"shared_commondataserviceforapps","operationId":"PerformUnboundAction","apiId":"/providers/Microsoft.PowerApps/apis/shared_commondataserviceforapps"},"parameters":{"actionName":"cr85a_AuthenticationAuthorizationProcess","item/PortalAuthToken":"@triggerOutputs()['headers']['portalauthtoken']","item/CalculationId":"@triggerBody()?['cr85a_calculationid']","item/StepId":"8db06f81-9473-eb11-a812-000d3a22c008","item/RelationId":"@triggerBody()?['cr85a_relatieid']"},"authentication":"@parameters('$authentication')"}},"Condition_Authentication_+_Authorization":{"actions":{},"runAfter":{"Authentication_+_Authorization":["Succeeded"]},"else":{"actions":{"Response_Authentication_+_Authorization":{"runAfter":{},"metadata":{"operationMetadataId":"a28db4f1-5fe9-4710-810a-7ffbd6894cfd"},"type":"Response","kind":"Http","inputs":{"statusCode":"@outputs('Authentication_+_Authorization')?['body/HttpCode']","body":"@outputs('Authentication_+_Authorization')?['body/ErrorMessage']"}},"Terminate":{"runAfter":{"Response_Authentication_+_Authorization":["Succeeded"]},"metadata":{"operationMetadataId":"1e03b376-ad7f-4fa9-8d49-4003dc2fab7a"},"type":"Terminate","inputs":{"runStatus":"Succeeded"}}}},"expression":{"equals":["@outputs('Authentication_+_Authorization')?['body/AuthResult']","@true"]},"metadata":{"operationMetadataId":"e595db21-018d-4d35-93dc-c14924caaa6e"},"type":"If"}}}},"schemaVersion":"1.0.0.0"}