{"properties":{"connectionReferences":{"shared_azureblob":{"runtimeSource":"embedded","connection":{"connectionReferenceLogicalName":"cr85a_sharedazureblob_453a8"},"api":{"name":"shared_azureblob"}},"shared_commondataserviceforapps":{"runtimeSource":"embedded","connection":{"connectionReferenceLogicalName":"new_sharedcommondataserviceforapps_4c7c4"},"api":{"name":"shared_commondataserviceforapps"}}},"definition":{"$schema":"https://schema.management.azure.com/providers/Microsoft.Logic/schemas/2016-06-01/workflowdefinition.json#","contentVersion":"1.0.0.0","parameters":{"$connections":{"defaultValue":{},"type":"Object"},"$authentication":{"defaultValue":{},"type":"SecureObject"}},"triggers":{"manual":{"metadata":{"operationMetadataId":"cad8aabc-e667-4775-8bc3-62e31d67bb14"},"type":"Request","kind":"Http","inputs":{"schema":{"type":"object","properties":{"size":{"type":"integer"},"name":{"type":"string"},"data":{"type":"string"},"type":{"type":"string"},"dossierid":{"type":"string"},"requserid":{"type":"string"}}},"method":"POST","relativePath":"saveDocument"}}},"actions":{"Create_blob":{"runAfter":{"Relate_to_Contact":["Succeeded"]},"metadata":{"operationMetadataId":"eb65c30e-4184-4b1a-91f6-5419cd77fdc7"},"type":"OpenApiConnection","inputs":{"host":{"connectionName":"shared_azureblob","operationId":"CreateFile","apiId":"/providers/Microsoft.PowerApps/apis/shared_azureblob"},"parameters":{"folderPath":"portal/calculationAttachments/@{outputs('Add_a_new_Calculation_Attachment')?['body/cr85a_calculationattachmentid']}","name":"@triggerBody()?['name']","body":"@base64ToBinary(split(triggerBody()?['data'],',')[1])","Content-Type":"@triggerBody()?['type']"},"authentication":"@parameters('$authentication')"},"runtimeConfiguration":{"contentTransfer":{"transferMode":"Chunked"}}},"Response":{"runAfter":{"Update_a_Attachment_URL":["Succeeded"]},"metadata":{"operationMetadataId":"4c9e72bc-5929-4efa-8cbc-5871c80cc2fb"},"type":"Response","kind":"Http","inputs":{"statusCode":200}},"Create_SAS_URI_by_path":{"runAfter":{"Create_blob":["Succeeded"]},"metadata":{"operationMetadataId":"96b00eb1-4a6d-452a-a950-a6746a69379c"},"type":"OpenApiConnection","inputs":{"host":{"connectionName":"shared_azureblob","operationId":"CreateShareLinkByPath","apiId":"/providers/Microsoft.PowerApps/apis/shared_azureblob"},"parameters":{"path":"portal/calculationAttachments/@{outputs('Add_a_new_Calculation_Attachment')?['body/cr85a_calculationattachmentid']}/@{triggerBody()?['name']}","policy/Permissions":"Read"},"authentication":"@parameters('$authentication')"}},"Add_a_new_Calculation_Attachment":{"runAfter":{"Condition_Authentication_+_Authorization":["Succeeded"]},"metadata":{"operationMetadataId":"148cea84-69fa-444f-bc65-d91ffcb73145"},"type":"OpenApiConnection","inputs":{"host":{"connectionName":"shared_commondataserviceforapps","operationId":"CreateRecord","apiId":"/providers/Microsoft.PowerApps/apis/shared_commondataserviceforapps"},"parameters":{"entityName":"cr85a_calculationattachments","item/cr85a_filename":"@triggerBody()?['name']","item/cr85a_filesize":"@int(triggerBody()?['size'])","item/cr85a_mimetype":"@triggerBody()?['type']"},"authentication":"@parameters('$authentication')"}},"Update_a_Attachment_URL":{"runAfter":{"Create_SAS_URI_by_path":["Succeeded"]},"metadata":{"operationMetadataId":"ac2a12eb-0d4f-4923-b6d4-81ca76077206"},"type":"OpenApiConnection","inputs":{"host":{"connectionName":"shared_commondataserviceforapps","operationId":"UpdateRecord","apiId":"/providers/Microsoft.PowerApps/apis/shared_commondataserviceforapps"},"parameters":{"entityName":"cr85a_calculationattachments","recordId":"@outputs('Add_a_new_Calculation_Attachment')?['body/cr85a_calculationattachmentid']","item/cr85a_fileurl":"@outputs('Create_SAS_URI_by_path')?['body/WebUrl']"},"authentication":"@parameters('$authentication')"}},"Relate_to_Dossier":{"runAfter":{"Add_a_new_Calculation_Attachment":["Succeeded"]},"metadata":{"operationMetadataId":"aadec407-d239-474f-af83-15cbba8aa653"},"type":"OpenApiConnection","inputs":{"host":{"connectionName":"shared_commondataserviceforapps","operationId":"AssociateEntities","apiId":"/providers/Microsoft.PowerApps/apis/shared_commondataserviceforapps"},"parameters":{"entityName":"cr85a_dossiers","recordId":"@triggerBody()?['dossierid']","associationEntityRelationship":"cr85a_CalculationAttachment_Attachment_Do","item/@odata.id":"@outputs('Add_a_new_Calculation_Attachment')?['body/@odata.id']"},"authentication":"@parameters('$authentication')"}},"Relate_to_Contact":{"runAfter":{"Relate_to_Dossier":["Succeeded"]},"metadata":{"operationMetadataId":"25130081-0fbe-4036-b963-e8dc4200eb3b"},"type":"OpenApiConnection","inputs":{"host":{"connectionName":"shared_commondataserviceforapps","operationId":"AssociateEntities","apiId":"/providers/Microsoft.PowerApps/apis/shared_commondataserviceforapps"},"parameters":{"entityName":"contacts","recordId":"@triggerBody()?['requserid']","associationEntityRelationship":"cr85a_CalculationAttachment_Attachment_Co","item/@odata.id":"@outputs('Add_a_new_Calculation_Attachment')?['body/@odata.id']"},"authentication":"@parameters('$authentication')"}},"Authentication_+_Authorization":{"runAfter":{},"metadata":{"operationMetadataId":"6156e4da-100d-49f8-9c85-ff72ddde6368"},"type":"OpenApiConnection","inputs":{"host":{"connectionName":"shared_commondataserviceforapps","operationId":"PerformUnboundAction","apiId":"/providers/Microsoft.PowerApps/apis/shared_commondataserviceforapps"},"parameters":{"actionName":"cr85a_AuthenticationAuthorizationProcess","item/PortalAuthToken":"@triggerOutputs()['headers']['portalauthtoken']","item/DossierId":"@triggerBody()?['dossierid']","item/ContactId":"@triggerBody()?['requserid']"},"authentication":"@parameters('$authentication')"}},"Condition_Authentication_+_Authorization":{"actions":{},"runAfter":{"Authentication_+_Authorization":["Succeeded"]},"else":{"actions":{"Response_Authentication_+_Authorization":{"runAfter":{},"metadata":{"operationMetadataId":"a28db4f1-5fe9-4710-810a-7ffbd6894cfd"},"type":"Response","kind":"Http","inputs":{"statusCode":"@outputs('Authentication_+_Authorization')?['body/HttpCode']","body":"@outputs('Authentication_+_Authorization')?['body/ErrorMessage']"}},"Terminate":{"runAfter":{"Response_Authentication_+_Authorization":["Succeeded"]},"metadata":{"operationMetadataId":"1e03b376-ad7f-4fa9-8d49-4003dc2fab7a"},"type":"Terminate","inputs":{"runStatus":"Succeeded"}}}},"expression":{"equals":["@outputs('Authentication_+_Authorization')?['body/AuthResult']","@true"]},"metadata":{"operationMetadataId":"e595db21-018d-4d35-93dc-c14924caaa6e"},"type":"If"}}}},"schemaVersion":"1.0.0.0"}