{"properties":{"connectionReferences":{"shared_commondataserviceforapps":{"runtimeSource":"embedded","connection":{"connectionReferenceLogicalName":"new_sharedcommondataserviceforapps_43e52"},"api":{"name":"shared_commondataserviceforapps"}}},"definition":{"$schema":"https://schema.management.azure.com/providers/Microsoft.Logic/schemas/2016-06-01/workflowdefinition.json#","contentVersion":"1.0.0.0","parameters":{"$connections":{"defaultValue":{},"type":"Object"},"$authentication":{"defaultValue":{},"type":"SecureObject"}},"triggers":{"manual":{"metadata":{"operationMetadataId":"d8fa7c12-1c16-4e14-8f3f-d0f527c9fe13"},"type":"Request","kind":"Http","inputs":{"schema":{"type":"array","items":{"type":"object","properties":{"cr85a_calculationid":{"type":"string"},"cr85a_kindid":{"type":"string"},"cr85a_kawerkelijkbedragkindid":{"type":"string"},"cr85a_kawerkelijkbetalerkind":{"type":"integer"},"cr85a_kawerkelijkbedragkind":{"type":"number"}},"required":["cr85a_kindid","cr85a_kawerkelijkbedragkindid","cr85a_kawerkelijkbetalerkind","cr85a_kawerkelijkbedragkind"]}},"method":"POST","relativePath":"saveChildAlimony"}}},"actions":{"Response_OK":{"runAfter":{"Apply_to_each_JSON_object":["Succeeded"]},"metadata":{"operationMetadataId":"204153e7-ec2d-49ad-9942-92552f574764"},"type":"Response","kind":"Http","inputs":{"statusCode":200}},"Response_FAIL":{"runAfter":{"Response_OK":["Failed","Skipped","TimedOut"]},"metadata":{"operationMetadataId":"0621b7b5-87c0-4e69-a242-5eca78cc8a1a"},"type":"Response","kind":"Http","inputs":{"statusCode":400}},"Apply_to_each_JSON_object":{"foreach":"@triggerBody()","actions":{"Parse_JSON":{"runAfter":{},"metadata":{"operationMetadataId":"1ee90556-ffee-4573-9896-6af8454fe344"},"type":"ParseJson","inputs":{"content":"@items('Apply_to_each_JSON_object')","schema":{"type":"object","properties":{"cr85a_kindid":{"type":"string"},"cr85a_kawerkelijkbedragkindid":{"type":"string"},"cr85a_kawerkelijkbetalerkind":{"type":"integer"},"cr85a_kawerkelijkbedragkind":{"type":"integer"}}}}},"Update_a_row":{"runAfter":{"Parse_JSON":["Succeeded"]},"metadata":{"operationMetadataId":"788ebda9-6144-4f6d-94fc-97578b5910cc"},"type":"OpenApiConnection","inputs":{"host":{"connectionName":"shared_commondataserviceforapps","operationId":"UpdateRecord","apiId":"/providers/Microsoft.PowerApps/apis/shared_commondataserviceforapps"},"parameters":{"entityName":"cr85a_kawerkelijkbedragkinds","recordId":"@body('Parse_JSON')?['cr85a_kawerkelijkbedragkindid']","item/cr85a_kawerkelijkbedragkind":"@body('Parse_JSON')?['cr85a_kawerkelijkbedragkind']","item/cr85a_hassaved":true,"item/cr85a_kawerkelijkbetalerkind":"@body('Parse_JSON')?['cr85a_kawerkelijkbetalerkind']"},"authentication":"@parameters('$authentication')"}},"Relate_rows":{"runAfter":{"Update_a_row":["Succeeded"]},"metadata":{"operationMetadataId":"0f2c96d4-bf8a-4d33-bffd-acc3198a50cb"},"type":"OpenApiConnection","inputs":{"host":{"connectionName":"shared_commondataserviceforapps","operationId":"AssociateEntities","apiId":"/providers/Microsoft.PowerApps/apis/shared_commondataserviceforapps"},"parameters":{"entityName":"cr85a_kinds","recordId":"@body('Parse_JSON')?['cr85a_kindid']","associationEntityRelationship":"cr85a_KAWerkelijkBedragKind_kakindref_cr8","item/@odata.id":"@outputs('Update_a_row')?['body/@odata.id']"},"authentication":"@parameters('$authentication')"}}},"runAfter":{"Condition_Authentication_+_Authorization":["Succeeded"]},"metadata":{"operationMetadataId":"d0d7ebbd-3fc6-4c77-8c55-7131d936778b"},"type":"Foreach"},"Authentication_+_Authorization":{"runAfter":{},"metadata":{"operationMetadataId":"6156e4da-100d-49f8-9c85-ff72ddde6368"},"type":"OpenApiConnection","inputs":{"host":{"connectionName":"shared_commondataserviceforapps","operationId":"PerformUnboundAction","apiId":"/providers/Microsoft.PowerApps/apis/shared_commondataserviceforapps"},"parameters":{"actionName":"cr85a_AuthenticationAuthorizationProcess","item/PortalAuthToken":"@triggerOutputs()['headers']['portalauthtoken']","item/CalculationId":"@first(triggerBody())?['cr85a_calculationid']","item/StepId":"946f42b8-9473-eb11-a812-000d3a22c008"},"authentication":"@parameters('$authentication')"}},"Condition_Authentication_+_Authorization":{"actions":{},"runAfter":{"Authentication_+_Authorization":["Succeeded"]},"else":{"actions":{"Response_Authentication_+_Authorization":{"runAfter":{},"metadata":{"operationMetadataId":"a28db4f1-5fe9-4710-810a-7ffbd6894cfd"},"type":"Response","kind":"Http","inputs":{"statusCode":"@outputs('Authentication_+_Authorization')?['body/HttpCode']","body":"@outputs('Authentication_+_Authorization')?['body/ErrorMessage']"}},"Terminate":{"runAfter":{"Response_Authentication_+_Authorization":["Succeeded"]},"metadata":{"operationMetadataId":"1e03b376-ad7f-4fa9-8d49-4003dc2fab7a"},"type":"Terminate","inputs":{"runStatus":"Succeeded"}}}},"expression":{"equals":["@outputs('Authentication_+_Authorization')?['body/AuthResult']","@true"]},"metadata":{"operationMetadataId":"e595db21-018d-4d35-93dc-c14924caaa6e"},"type":"If"}}}},"schemaVersion":"1.0.0.0"}