{"properties":{"connectionReferences":{"shared_commondataserviceforapps":{"runtimeSource":"embedded","connection":{"connectionReferenceLogicalName":"cr85a_sharedcommondataserviceforapps_c91da"},"api":{"name":"shared_commondataserviceforapps"}}},"definition":{"$schema":"https://schema.management.azure.com/providers/Microsoft.Logic/schemas/2016-06-01/workflowdefinition.json#","contentVersion":"1.0.0.0","parameters":{"$connections":{"defaultValue":{},"type":"Object"},"$authentication":{"defaultValue":{},"type":"SecureObject"}},"triggers":{"manual":{"metadata":{"operationMetadataId":"e81624dc-7b5d-4987-a14a-b4d05ff93beb"},"type":"Request","kind":"Http","inputs":{"schema":{"type":"object","properties":{"cr85a_calculationid":{"type":"string"},"cr85a_woonsituatienieuwid":{"type":"string"},"cr85a_relatieid":{"type":"string"},"cr85a_aankprew_user":{"type":"number"},"cr85a_aankprew_partner":{"type":"number"},"cr85a_wozew_user":{"type":"number"},"cr85a_wozew_partner":{"type":"number"},"cr85a_woningidAD_user":{"type":"string"},"cr85a_woningidAD_partner":{"type":"string"}}},"method":"POST","relativePath":"saveResidentialADscenario4"}}},"actions":{"Response_OK":{"runAfter":{"Check_houseAD_for_partner":["Succeeded"]},"metadata":{"operationMetadataId":"7b1fd51f-e7a2-4e4b-9fc6-7c5207a2ad1f"},"type":"Response","kind":"Http","inputs":{"statusCode":200}},"Response_Fail":{"runAfter":{"Response_OK":["Failed","Skipped","TimedOut"]},"metadata":{"operationMetadataId":"51689e28-0e60-4eb2-86c1-eeb874ca2a6c"},"type":"Response","kind":"Http","inputs":{"statusCode":400}},"Update_Residential_AD":{"runAfter":{"Condition_Authentication_+_Authorization":["Succeeded"]},"metadata":{"operationMetadataId":"1759f4bb-13a9-4c0c-b50d-2e13cc19e33e"},"type":"OpenApiConnection","inputs":{"host":{"connectionName":"shared_commondataserviceforapps","operationId":"UpdateRecord","apiId":"/providers/Microsoft.PowerApps/apis/shared_commondataserviceforapps"},"parameters":{"entityName":"cr85a_woonsituatienieuws","recordId":"@triggerBody()?['cr85a_woonsituatienieuwid']"},"authentication":"@parameters('$authentication')"}},"Check_houseAD_for_partner":{"actions":{"Add_Asset_for_House_AD_Partner":{"runAfter":{},"metadata":{"operationMetadataId":"4dd0e99e-4e5f-497b-b2fd-fdcf7fd63d26"},"type":"OpenApiConnection","inputs":{"host":{"connectionName":"shared_commondataserviceforapps","operationId":"CreateRecord","apiId":"/providers/Microsoft.PowerApps/apis/shared_commondataserviceforapps"},"parameters":{"entityName":"cr85a_vermogenscomponents","item/cr85a_vermogensvoornascheiding":469280001,"item/cr85a_componentopnaamvan":469280001,"item/cr85a_typecomponent":469280000},"authentication":"@parameters('$authentication')"}},"Relate_Asset_for_House_AD_Partner_with_Relation":{"runAfter":{"Add_Asset_for_House_AD_Partner":["Succeeded"]},"metadata":{"operationMetadataId":"deeaff66-1a6d-4036-bdb9-58cd8e8244a4"},"type":"OpenApiConnection","inputs":{"host":{"connectionName":"shared_commondataserviceforapps","operationId":"AssociateEntities","apiId":"/providers/Microsoft.PowerApps/apis/shared_commondataserviceforapps"},"parameters":{"entityName":"cr85a_relaties","recordId":"@triggerBody()?['cr85a_relatieid']","associationEntityRelationship":"cr85a_relatie_relatievermogenscomponent_c","item/@odata.id":"@outputs('Add_Asset_for_House_AD_Partner')?['body/@odata.id']"},"authentication":"@parameters('$authentication')"}},"Add_House_AD_for_Partner":{"runAfter":{"Relate_Asset_for_House_AD_Partner_with_Relation":["Succeeded"]},"metadata":{"operationMetadataId":"92fc51b2-d503-49b2-b2df-877d97172608"},"type":"OpenApiConnection","inputs":{"host":{"connectionName":"shared_commondataserviceforapps","operationId":"CreateRecord","apiId":"/providers/Microsoft.PowerApps/apis/shared_commondataserviceforapps"},"parameters":{"entityName":"cr85a_wonings","item/cr85a_aankprew":"@triggerBody()?['cr85a_aankprew_partner']","item/cr85a_wozew":"@triggerBody()?['cr85a_wozew_partner']"},"authentication":"@parameters('$authentication')"}},"Relate_Asset_with_House_AD_Partner":{"runAfter":{"Add_House_AD_for_Partner":["Succeeded"]},"metadata":{"operationMetadataId":"cab9f502-8acd-4caa-9272-471510dcfb5f"},"type":"OpenApiConnection","inputs":{"host":{"connectionName":"shared_commondataserviceforapps","operationId":"AssociateEntities","apiId":"/providers/Microsoft.PowerApps/apis/shared_commondataserviceforapps"},"parameters":{"entityName":"cr85a_vermogenscomponents","recordId":"@outputs('Add_Asset_for_House_AD_Partner')?['body/cr85a_vermogenscomponentid']","associationEntityRelationship":"cr85a_Woning_vermogenscomponentref_cr85a_","item/@odata.id":"@outputs('Add_House_AD_for_Partner')?['body/@odata.id']"},"authentication":"@parameters('$authentication')"}},"Relate_House_to_Residential_After_Divorce_Partner":{"runAfter":{"Relate_Asset_with_House_AD_Partner":["Succeeded"]},"metadata":{"operationMetadataId":"509bd48d-a731-449d-a5c9-73ed5960c91f"},"type":"OpenApiConnection","inputs":{"host":{"connectionName":"shared_commondataserviceforapps","operationId":"AssociateEntities","apiId":"/providers/Microsoft.PowerApps/apis/shared_commondataserviceforapps"},"parameters":{"entityName":"cr85a_wonings","recordId":"@outputs('Add_House_AD_for_Partner')?['body/cr85a_woningid']","associationEntityRelationship":"cr85a_WoonsituatieNieuw_woningnieuw_cr85a","item/@odata.id":"@outputs('Update_Residential_AD')?['body/@odata.id']"},"authentication":"@parameters('$authentication')"}}},"runAfter":{"Check_houseAD_for_user":["Succeeded"]},"else":{"actions":{"Update_House_(AD)_for_Partner":{"runAfter":{},"metadata":{"operationMetadataId":"747f7f21-d563-4c52-bf84-aa9da42225b6"},"type":"OpenApiConnection","inputs":{"host":{"connectionName":"shared_commondataserviceforapps","operationId":"UpdateRecord","apiId":"/providers/Microsoft.PowerApps/apis/shared_commondataserviceforapps"},"parameters":{"entityName":"cr85a_wonings","recordId":"@triggerBody()?['cr85a_woningidAD_partner']","item/cr85a_aankprew":"@triggerBody()?['cr85a_aankprew_partner']","item/cr85a_wozew":"@triggerBody()?['cr85a_wozew_partner']"},"authentication":"@parameters('$authentication')"}}}},"expression":{"equals":["@triggerBody()?['cr85a_woningidAD_partner']",""]},"metadata":{"operationMetadataId":"75898b28-34af-410c-b9d3-bb5609834f2b"},"type":"If"},"Authentication_+_Authorization":{"runAfter":{},"metadata":{"operationMetadataId":"6156e4da-100d-49f8-9c85-ff72ddde6368"},"type":"OpenApiConnection","inputs":{"host":{"connectionName":"shared_commondataserviceforapps","operationId":"PerformUnboundAction","apiId":"/providers/Microsoft.PowerApps/apis/shared_commondataserviceforapps"},"parameters":{"actionName":"cr85a_AuthenticationAuthorizationProcess","item/PortalAuthToken":"@triggerOutputs()['headers']['portalauthtoken']","item/CalculationId":"@triggerBody()?['cr85a_calculationid']","item/StepId":"84051b37-9473-eb11-a812-000d3a22c008","item/RelationId":"@triggerBody()?['cr85a_relatieid']"},"authentication":"@parameters('$authentication')"}},"Condition_Authentication_+_Authorization":{"actions":{},"runAfter":{"Authentication_+_Authorization":["Succeeded"]},"else":{"actions":{"Response_Authentication_+_Authorization":{"runAfter":{},"metadata":{"operationMetadataId":"a28db4f1-5fe9-4710-810a-7ffbd6894cfd"},"type":"Response","kind":"Http","inputs":{"statusCode":"@outputs('Authentication_+_Authorization')?['body/HttpCode']","body":"@outputs('Authentication_+_Authorization')?['body/ErrorMessage']"}},"Terminate":{"runAfter":{"Response_Authentication_+_Authorization":["Succeeded"]},"metadata":{"operationMetadataId":"1e03b376-ad7f-4fa9-8d49-4003dc2fab7a"},"type":"Terminate","inputs":{"runStatus":"Succeeded"}}}},"expression":{"equals":["@outputs('Authentication_+_Authorization')?['body/AuthResult']","@true"]},"metadata":{"operationMetadataId":"e595db21-018d-4d35-93dc-c14924caaa6e"},"type":"If"},"Check_houseAD_for_user":{"actions":{"Add_Asset_for_House_AD_User":{"runAfter":{},"metadata":{"operationMetadataId":"44a73b39-f87d-4810-95e1-612281fee8e4"},"type":"OpenApiConnection","inputs":{"host":{"connectionName":"shared_commondataserviceforapps","operationId":"CreateRecord","apiId":"/providers/Microsoft.PowerApps/apis/shared_commondataserviceforapps"},"parameters":{"entityName":"cr85a_vermogenscomponents","item/cr85a_vermogensvoornascheiding":469280001,"item/cr85a_componentopnaamvan":469280000,"item/cr85a_typecomponent":469280000},"authentication":"@parameters('$authentication')"}},"Relate_Asset_for_House_AD_User_with_Relation":{"runAfter":{"Add_Asset_for_House_AD_User":["Succeeded"]},"metadata":{"operationMetadataId":"e1314e40-0639-48fb-960a-68a93bc3d338"},"type":"OpenApiConnection","inputs":{"host":{"connectionName":"shared_commondataserviceforapps","operationId":"AssociateEntities","apiId":"/providers/Microsoft.PowerApps/apis/shared_commondataserviceforapps"},"parameters":{"entityName":"cr85a_relaties","recordId":"@triggerBody()?['cr85a_relatieid']","associationEntityRelationship":"cr85a_relatie_relatievermogenscomponent_c","item/@odata.id":"@outputs('Add_Asset_for_House_AD_User')?['body/@odata.id']"},"authentication":"@parameters('$authentication')"}},"Add_House_AD_for_User":{"runAfter":{"Relate_Asset_for_House_AD_User_with_Relation":["Succeeded"]},"metadata":{"operationMetadataId":"12dc22e4-a8e8-4d1c-aead-217c9d035421"},"type":"OpenApiConnection","inputs":{"host":{"connectionName":"shared_commondataserviceforapps","operationId":"CreateRecord","apiId":"/providers/Microsoft.PowerApps/apis/shared_commondataserviceforapps"},"parameters":{"entityName":"cr85a_wonings","item/cr85a_aankprew":"@triggerBody()?['cr85a_aankprew_user']","item/cr85a_wozew":"@triggerBody()?['cr85a_wozew_user']"},"authentication":"@parameters('$authentication')"}},"Relate_Asset_with_House_AD_User":{"runAfter":{"Add_House_AD_for_User":["Succeeded"]},"metadata":{"operationMetadataId":"4c24be43-409a-496b-9321-082757e6dff3"},"type":"OpenApiConnection","inputs":{"host":{"connectionName":"shared_commondataserviceforapps","operationId":"AssociateEntities","apiId":"/providers/Microsoft.PowerApps/apis/shared_commondataserviceforapps"},"parameters":{"entityName":"cr85a_vermogenscomponents","recordId":"@outputs('Add_Asset_for_House_AD_User')?['body/cr85a_vermogenscomponentid']","associationEntityRelationship":"cr85a_Woning_vermogenscomponentref_cr85a_","item/@odata.id":"@outputs('Add_House_AD_for_User')?['body/@odata.id']"},"authentication":"@parameters('$authentication')"}},"Relate_House_to_Residential_After_Divorce_User":{"runAfter":{"Relate_Asset_with_House_AD_User":["Succeeded"]},"metadata":{"operationMetadataId":"285f1fca-6468-47c1-8527-09ee727574c3"},"type":"OpenApiConnection","inputs":{"host":{"connectionName":"shared_commondataserviceforapps","operationId":"AssociateEntities","apiId":"/providers/Microsoft.PowerApps/apis/shared_commondataserviceforapps"},"parameters":{"entityName":"cr85a_wonings","recordId":"@outputs('Add_House_AD_for_User')?['body/cr85a_woningid']","associationEntityRelationship":"cr85a_WoonsituatieNieuw_woningnieuw_cr85a","item/@odata.id":"@outputs('Update_Residential_AD')?['body/@odata.id']"},"authentication":"@parameters('$authentication')"}}},"runAfter":{"Update_Residential_AD":["Succeeded"]},"else":{"actions":{"Update_House_(AD)_for_User":{"runAfter":{},"metadata":{"operationMetadataId":"9501ac39-8627-45ac-93a6-f62e4e732bb9"},"type":"OpenApiConnection","inputs":{"host":{"connectionName":"shared_commondataserviceforapps","operationId":"UpdateRecord","apiId":"/providers/Microsoft.PowerApps/apis/shared_commondataserviceforapps"},"parameters":{"entityName":"cr85a_wonings","recordId":"@triggerBody()?['cr85a_woningidAD_user']","item/cr85a_aankprew":"@triggerBody()?['cr85a_aankprew_user']","item/cr85a_wozew":"@triggerBody()?['cr85a_wozew_user']"},"authentication":"@parameters('$authentication')"}}}},"expression":{"equals":["@triggerBody()?['cr85a_woningidAD_user']",""]},"metadata":{"operationMetadataId":"c7f8c941-75d9-4661-be7b-afde4e95d4b5"},"type":"If"}}}},"schemaVersion":"1.0.0.0"}