{"properties":{"connectionReferences":{"shared_commondataserviceforapps":{"runtimeSource":"embedded","connection":{"connectionReferenceLogicalName":"cr85a_sharedcommondataserviceforapps_c91da"},"api":{"name":"shared_commondataserviceforapps"}}},"definition":{"$schema":"https://schema.management.azure.com/providers/Microsoft.Logic/schemas/2016-06-01/workflowdefinition.json#","contentVersion":"1.0.0.0","parameters":{"$connections":{"defaultValue":{},"type":"Object"},"$authentication":{"defaultValue":{},"type":"SecureObject"}},"triggers":{"manual":{"metadata":{"operationMetadataId":"9955bf44-d502-4c1f-8ef3-2750ad0919b6"},"type":"Request","kind":"Http","inputs":{"schema":{"type":"object","properties":{"cr85a_calculationid":{"type":"string"},"cr85a_relatieid":{"type":"string"},"cr85a_woonsituatienieuwid":{"type":"string"},"cr85a_huurnieuwgebruiker":{"type":"integer"},"cr85a_huurnieuwpartner":{"type":"integer"}}},"method":"POST","relativePath":"SaveResidentialADScenario3"}}},"actions":{"Update_a_row":{"runAfter":{"Condition_Authentication_+_Authorization":["Succeeded"]},"metadata":{"operationMetadataId":"c078959e-69b9-4a3c-8c23-00daf2caf0a7"},"type":"OpenApiConnection","inputs":{"host":{"connectionName":"shared_commondataserviceforapps","operationId":"UpdateRecord","apiId":"/providers/Microsoft.PowerApps/apis/shared_commondataserviceforapps"},"parameters":{"entityName":"cr85a_woonsituatienieuws","recordId":"@triggerBody()?['cr85a_woonsituatienieuwid']","item/cr85a_huurnieuwpartner":"@triggerBody()?['cr85a_huurnieuwpartner']","item/cr85a_huurnieuwgebruiker":"@triggerBody()?['cr85a_huurnieuwgebruiker']"},"authentication":"@parameters('$authentication')"}},"Response_OK_2":{"runAfter":{"Update_a_row":["Succeeded"]},"metadata":{"operationMetadataId":"9c2ec206-324c-42a9-b65d-6eab47109c6f"},"type":"Response","kind":"Http","inputs":{"statusCode":200}},"Response_Fail_2":{"runAfter":{"Response_OK_2":["Failed","Skipped","TimedOut"]},"metadata":{"operationMetadataId":"39df79e8-408f-4683-8dd5-d8fc0b5dde13"},"type":"Response","kind":"Http","inputs":{"statusCode":400}},"Authentication_+_Authorization":{"runAfter":{},"metadata":{"operationMetadataId":"6156e4da-100d-49f8-9c85-ff72ddde6368"},"type":"OpenApiConnection","inputs":{"host":{"connectionName":"shared_commondataserviceforapps","operationId":"PerformUnboundAction","apiId":"/providers/Microsoft.PowerApps/apis/shared_commondataserviceforapps"},"parameters":{"actionName":"cr85a_AuthenticationAuthorizationProcess","item/PortalAuthToken":"@triggerOutputs()['headers']['portalauthtoken']","item/CalculationId":"@triggerBody()?['cr85a_calculationid']","item/StepId":"84051b37-9473-eb11-a812-000d3a22c008","item/RelationId":"@triggerBody()?['cr85a_relatieid']"},"authentication":"@parameters('$authentication')"}},"Condition_Authentication_+_Authorization":{"actions":{},"runAfter":{"Authentication_+_Authorization":["Succeeded"]},"else":{"actions":{"Response_Authentication_+_Authorization":{"runAfter":{},"metadata":{"operationMetadataId":"a28db4f1-5fe9-4710-810a-7ffbd6894cfd"},"type":"Response","kind":"Http","inputs":{"statusCode":"@outputs('Authentication_+_Authorization')?['body/HttpCode']","body":"@outputs('Authentication_+_Authorization')?['body/ErrorMessage']"}},"Terminate":{"runAfter":{"Response_Authentication_+_Authorization":["Succeeded"]},"metadata":{"operationMetadataId":"1e03b376-ad7f-4fa9-8d49-4003dc2fab7a"},"type":"Terminate","inputs":{"runStatus":"Succeeded"}}}},"expression":{"equals":["@outputs('Authentication_+_Authorization')?['body/AuthResult']","@true"]},"metadata":{"operationMetadataId":"e595db21-018d-4d35-93dc-c14924caaa6e"},"type":"If"}}}},"schemaVersion":"1.0.0.0"}