{"properties":{"connectionReferences":{"shared_commondataserviceforapps_1":{"runtimeSource":"embedded","connection":{"connectionReferenceLogicalName":"new_sharedcommondataserviceforapps_43e52"},"api":{"name":"shared_commondataserviceforapps"}},"shared_commondataserviceforapps_2":{"runtimeSource":"embedded","connection":{"connectionReferenceLogicalName":"new_sharedcommondataserviceforapps_43e52"},"api":{"name":"shared_commondataserviceforapps"}},"shared_commondataserviceforapps":{"runtimeSource":"embedded","connection":{"connectionReferenceLogicalName":"new_sharedcommondataserviceforapps_43e52"},"api":{"name":"shared_commondataserviceforapps"}}},"definition":{"$schema":"https://schema.management.azure.com/providers/Microsoft.Logic/schemas/2016-06-01/workflowdefinition.json#","contentVersion":"1.0.0.0","parameters":{"$connections":{"defaultValue":{},"type":"Object"},"$authentication":{"defaultValue":{},"type":"SecureObject"}},"triggers":{"manual":{"metadata":{"operationMetadataId":"5c4a6572-ef71-4ddd-9a50-d9295aedcb62"},"type":"Request","kind":"Http","inputs":{"schema":{"type":"object","properties":{"cr85a_calculationid":{"type":"string"},"cr85a_relatieid":{"type":"string"},"cr85a_vermogenscomponentid":{"type":"string"},"cr85a_bezitschuld":{"type":"string"},"cr85a_componentomschrijving":{"type":"string"},"cr85a_waardecomponent":{"type":"number"},"cr85a_eigenaarnascheiding":{"type":"integer"},"cr85a_gemeenschappelijkprive":{"type":"integer"},"cr85a_componentopnaamvan":{"type":"integer"},"cr85a_priveeigenaar":{"type":"integer"},"cr85a_deelcomponentpartner":{"type":"number"},"cr85a_deelcomponentgebruiker":{"type":"number"},"cr85a_yellowsheetversionid":{"type":"string"},"householdCode":{"type":"string"}}},"method":"POST","relativePath":"saveDistributionEquityAD"}}},"actions":{"Response_OK":{"runAfter":{"Condition":["Succeeded"]},"metadata":{"operationMetadataId":"e8b46ba7-48e6-4ee9-b45f-60d4859f0bc5"},"type":"Response","kind":"Http","inputs":{"statusCode":200}},"Response_FAIL":{"runAfter":{"Response_OK":["Failed","Skipped","TimedOut"]},"metadata":{"operationMetadataId":"d6fafc54-918f-443e-b14c-c1a75caac4c1"},"type":"Response","kind":"Http","inputs":{"statusCode":400}},"Condition":{"actions":{"Create_asset":{"runAfter":{},"metadata":{"operationMetadataId":"50727bb7-ddbc-4845-99bd-211f58398154"},"type":"OpenApiConnection","inputs":{"host":{"connectionName":"shared_commondataserviceforapps_1","operationId":"CreateRecord","apiId":"/providers/Microsoft.PowerApps/apis/shared_commondataserviceforapps"},"parameters":{"entityName":"cr85a_vermogenscomponents","item/cr85a_vermogensvoornascheiding":469280001,"item/cr85a_bezitschuldcodeidentifier":"@triggerBody()?['cr85a_bezitschuld']","item/cr85a_componentomschrijving":"@triggerBody()?['cr85a_componentomschrijving']","item/cr85a_bezitverpandjanee":"@variables('IsPledged')","item/cr85a_gemeenschappelijkprive":"@triggerBody()?['cr85a_gemeenschappelijkprive']","item/cr85a_eigenaarnascheiding":"@triggerBody()?['cr85a_eigenaarnascheiding']","item/cr85a_eigenaarnascheidinginboedel":469280002,"item/cr85a_componentopnaamvan":"@triggerBody()?['cr85a_componentopnaamvan']","item/cr85a_deelcomponentpartner":"@if(equals(triggerBody()?['cr85a_eigenaarnascheiding'],469280002),if(equals(triggerBody()?['cr85a_bezitschuld'],triggerBody()?['householdCode']),triggerBody()?['cr85a_deelcomponentpartner'],div(triggerBody()?['cr85a_waardecomponent'],2)),if(equals(triggerBody()?['cr85a_eigenaarnascheiding'],469280001),triggerBody()?['cr85a_waardecomponent'],0))","item/cr85a_deelcomponentgebruiker":"@if(equals(triggerBody()?['cr85a_eigenaarnascheiding'],469280002),if(equals(triggerBody()?['cr85a_bezitschuld'],triggerBody()?['householdCode']),triggerBody()?['cr85a_deelcomponentgebruiker'],div(triggerBody()?['cr85a_waardecomponent'],2)),if(equals(triggerBody()?['cr85a_eigenaarnascheiding'],469280000),triggerBody()?['cr85a_waardecomponent'],0))","item/cr85a_typecomponent":469280002,"item/cr85a_bezitschuldwoning":"@null","item/cr85a_bezitschuldoverig":"@null","item/cr85a_bezitverpand":"@null","item/cr85a_waardecomponent":"@triggerBody()?['cr85a_waardecomponent']","item/cr85a_priveeigenaar":"@if(equals(triggerBody()?['cr85a_priveeigenaar'],0),null,triggerBody()?['cr85a_priveeigenaar'])"},"authentication":"@parameters('$authentication')"}},"Relate_rows":{"runAfter":{"Create_asset":["Succeeded"]},"metadata":{"operationMetadataId":"b2e205a8-dff2-4306-9184-fcfd0ef36c68"},"type":"OpenApiConnection","inputs":{"host":{"connectionName":"shared_commondataserviceforapps_2","operationId":"AssociateEntities","apiId":"/providers/Microsoft.PowerApps/apis/shared_commondataserviceforapps"},"parameters":{"entityName":"cr85a_relaties","recordId":"@triggerBody()?['cr85a_relatieid']","associationEntityRelationship":"cr85a_relatie_relatievermogenscomponent_c","item/@odata.id":"@outputs('Create_asset')?['body/@odata.id']"},"authentication":"@parameters('$authentication')"}}},"runAfter":{"Check_if_Asset_is_Pledged":["Succeeded"]},"else":{"actions":{"Update_asset":{"runAfter":{},"metadata":{"operationMetadataId":"a940fdf3-c0d3-4aeb-bc08-14af631ac747"},"type":"OpenApiConnection","inputs":{"host":{"connectionName":"shared_commondataserviceforapps_2","operationId":"UpdateRecord","apiId":"/providers/Microsoft.PowerApps/apis/shared_commondataserviceforapps"},"parameters":{"entityName":"cr85a_vermogenscomponents","recordId":"@triggerBody()?['cr85a_vermogenscomponentid']","item/cr85a_bezitschuldcodeidentifier":"@triggerBody()?['cr85a_bezitschuld']","item/cr85a_componentomschrijving":"@triggerBody()?['cr85a_componentomschrijving']","item/cr85a_bezitverpandjanee":"@variables('IsPledged')","item/cr85a_gemeenschappelijkprive":"@triggerBody()?['cr85a_gemeenschappelijkprive']","item/cr85a_eigenaarnascheiding":"@triggerBody()?['cr85a_eigenaarnascheiding']","item/cr85a_componentopnaamvan":"@triggerBody()?['cr85a_componentopnaamvan']","item/cr85a_deelcomponentpartner":"@if(equals(triggerBody()?['cr85a_eigenaarnascheiding'],469280002),if(equals(triggerBody()?['cr85a_bezitschuld'],triggerBody()?['householdCode']),triggerBody()?['cr85a_deelcomponentpartner'],div(triggerBody()?['cr85a_waardecomponent'],2)),if(equals(triggerBody()?['cr85a_eigenaarnascheiding'],469280001),triggerBody()?['cr85a_waardecomponent'],0))","item/cr85a_deelcomponentgebruiker":"@if(equals(triggerBody()?['cr85a_eigenaarnascheiding'],469280002),if(equals(triggerBody()?['cr85a_bezitschuld'],triggerBody()?['householdCode']),triggerBody()?['cr85a_deelcomponentgebruiker'],div(triggerBody()?['cr85a_waardecomponent'],2)),if(equals(triggerBody()?['cr85a_eigenaarnascheiding'],469280000),triggerBody()?['cr85a_waardecomponent'],0))","item/cr85a_waardecomponent":"@triggerBody()?['cr85a_waardecomponent']","item/cr85a_priveeigenaar":"@if(equals(triggerBody()?['cr85a_priveeigenaar'],0),null,triggerBody()?['cr85a_priveeigenaar'])"},"authentication":"@parameters('$authentication')"}}}},"expression":{"equals":["@triggerBody()?['cr85a_vermogenscomponentid']",""]},"metadata":{"operationMetadataId":"85d1271a-32cb-4e95-b9a2-c8af21bea887"},"type":"If"},"Initialize_isPledged":{"runAfter":{"Condition_Authentication_+_Authorization":["Succeeded"]},"metadata":{"operationMetadataId":"3627d13f-b24e-451e-8b05-85e564e7a352"},"type":"InitializeVariable","inputs":{"variables":[{"name":"IsPledged","type":"boolean","value":false}]}},"Check_if_Asset_is_Pledged":{"actions":{"Set_IsPleged_=_true":{"runAfter":{},"metadata":{"operationMetadataId":"04b0dc8a-83a6-4106-8e62-f7ea605ebf24"},"type":"SetVariable","inputs":{"name":"IsPledged","value":true}}},"runAfter":{"List_rows_-_BezitSchuldCodes_(First)":["Succeeded"]},"expression":{"equals":["@first(outputs('List_rows_-_BezitSchuldCodes_(First)')?['body/value'])?['cr85a_ispledged']","@true"]},"metadata":{"operationMetadataId":"cc5ff8e3-edaa-4aa4-904a-ed76ea260e61"},"type":"If"},"List_rows_-_BezitSchuldCodes_(First)":{"runAfter":{"Initialize_HouseHoldEffectsValue":["Succeeded"]},"metadata":{"operationMetadataId":"bf5e1978-cf17-43ef-aaeb-b7ebaa2bab7a"},"type":"OpenApiConnection","inputs":{"host":{"connectionName":"shared_commondataserviceforapps_2","operationId":"ListRecords","apiId":"/providers/Microsoft.PowerApps/apis/shared_commondataserviceforapps"},"parameters":{"entityName":"cr85a_bezitschuldcodes","$select":"cr85a_bezitschuldcodeid,cr85a_ispledged","$filter":"(_cr85a_yellowsheetversionid_value eq '@{triggerBody()?['cr85a_yellowsheetversionid']}' and cr85a_identifier eq '@{triggerBody()?['cr85a_bezitschuld']}')","$top":1},"authentication":"@parameters('$authentication')"}},"Initialize_HouseHoldEffectsValue":{"runAfter":{"Initialize_isPledged":["Succeeded"]},"metadata":{"operationMetadataId":"7e030fe0-8c05-4f1b-87d5-ef7d6b9f9561"},"type":"InitializeVariable","inputs":{"variables":[{"name":"HouseholdEffectsValue","type":"string","value":"\"\""}]}},"Authentication_+_Authorization":{"runAfter":{},"metadata":{"operationMetadataId":"6156e4da-100d-49f8-9c85-ff72ddde6368"},"type":"OpenApiConnection","inputs":{"host":{"connectionName":"shared_commondataserviceforapps","operationId":"PerformUnboundAction","apiId":"/providers/Microsoft.PowerApps/apis/shared_commondataserviceforapps"},"parameters":{"actionName":"cr85a_AuthenticationAuthorizationProcess","item/PortalAuthToken":"@triggerOutputs()['headers']['portalauthtoken']","item/CalculationId":"@triggerBody()?['cr85a_calculationid']","item/StepId":"af92f855-9473-eb11-a812-000d3a22c008","item/RelationId":"@triggerBody()?['cr85a_relatieid']"},"authentication":"@parameters('$authentication')"}},"Condition_Authentication_+_Authorization":{"actions":{},"runAfter":{"Authentication_+_Authorization":["Succeeded"]},"else":{"actions":{"Response_Authentication_+_Authorization":{"runAfter":{},"metadata":{"operationMetadataId":"a28db4f1-5fe9-4710-810a-7ffbd6894cfd"},"type":"Response","kind":"Http","inputs":{"statusCode":"@outputs('Authentication_+_Authorization')?['body/HttpCode']","body":"@outputs('Authentication_+_Authorization')?['body/ErrorMessage']"}},"Terminate":{"runAfter":{"Response_Authentication_+_Authorization":["Succeeded"]},"metadata":{"operationMetadataId":"1e03b376-ad7f-4fa9-8d49-4003dc2fab7a"},"type":"Terminate","inputs":{"runStatus":"Succeeded"}}}},"expression":{"equals":["@outputs('Authentication_+_Authorization')?['body/AuthResult']","@true"]},"metadata":{"operationMetadataId":"e595db21-018d-4d35-93dc-c14924caaa6e"},"type":"If"}}}},"schemaVersion":"1.0.0.0"}