{"properties":{"connectionReferences":{"shared_commondataserviceforapps":{"runtimeSource":"embedded","connection":{"connectionReferenceLogicalName":"new_sharedcommondataserviceforapps_43e52"},"api":{"name":"shared_commondataserviceforapps"}}},"definition":{"$schema":"https://schema.management.azure.com/providers/Microsoft.Logic/schemas/2016-06-01/workflowdefinition.json#","contentVersion":"1.0.0.0","parameters":{"$connections":{"defaultValue":{},"type":"Object"},"$authentication":{"defaultValue":{},"type":"SecureObject"}},"triggers":{"manual":{"metadata":{"operationMetadataId":"819f9ba4-1212-4663-85ae-1c4310c28bce"},"type":"Request","kind":"Http","inputs":{"schema":{"type":"object","properties":{"cr85a_calculationid":{"type":"string"},"assetADid":{"type":"string"},"cr85a_afkuitkverpv":{"type":"number"},"woonsituatienieuwid":{"type":"string"},"cr85a_overdrbelvrijstgebruiktgebruiker":{"type":["boolean","null"]},"cr85a_overdrbelvrijstgebruiktpartner":{"type":["boolean","null"]}}},"method":"POST","relativePath":"saveAssetsLiabilitiesAD"}}},"actions":{"Response_OK":{"runAfter":{"Is_residentialAD_null":["Succeeded"]},"metadata":{"operationMetadataId":"9d8c6d29-dba3-40fd-a1f3-293a49d0cf1f"},"type":"Response","kind":"Http","inputs":{"statusCode":200}},"Response_Fail":{"runAfter":{"Response_OK":["Failed","Skipped","TimedOut"]},"metadata":{"operationMetadataId":"2bb7cefe-3b06-4b13-be73-e815ca8c8580"},"type":"Response","kind":"Http","inputs":{"statusCode":400}},"Is_assetADid_null":{"actions":{},"runAfter":{"Condition_Authentication_+_Authorization":["Succeeded"]},"else":{"actions":{"Get_AssetLiabilities_to_Update":{"runAfter":{},"metadata":{"operationMetadataId":"838fecf5-fea7-41b7-b39e-23e2ddd864f3"},"type":"OpenApiConnection","inputs":{"host":{"connectionName":"shared_commondataserviceforapps","operationId":"GetItem","apiId":"/providers/Microsoft.PowerApps/apis/shared_commondataserviceforapps"},"parameters":{"entityName":"cr85a_vermogennas","recordId":"@triggerBody()?['assetADid']"},"authentication":"@parameters('$authentication')"}},"Update_a_row":{"runAfter":{"Get_AssetLiabilities_to_Update":["Succeeded"]},"metadata":{"operationMetadataId":"5099128a-f238-41a3-9be9-f5feaae16e51"},"type":"OpenApiConnection","inputs":{"host":{"connectionName":"shared_commondataserviceforapps","operationId":"UpdateRecord","apiId":"/providers/Microsoft.PowerApps/apis/shared_commondataserviceforapps"},"parameters":{"entityName":"cr85a_vermogennas","recordId":"@triggerBody()?['assetADid']","item/cr85a_name":"@outputs('Get_AssetLiabilities_to_Update')?['body/cr85a_name']","item/cr85a_verkoopbestew":"@outputs('Get_AssetLiabilities_to_Update')?['body/cr85a_verkoopbestew']","item/cr85a_afkuitkverpv":"@triggerBody()?['cr85a_afkuitkverpv']","item/cr85a_opbrverkbestewvermogenna":"@outputs('Get_AssetLiabilities_to_Update')?['body/cr85a_opbrverkbestewvermogenna']","item/cr85a_kostenewna":"@outputs('Get_AssetLiabilities_to_Update')?['body/cr85a_kostenewna']","item/cr85a_besthypotheek":"@outputs('Get_AssetLiabilities_to_Update')?['body/cr85a_besthypotheek']","item/cr85a_beschemvermogenna":"@outputs('Get_AssetLiabilities_to_Update')?['body/cr85a_beschemvermogenna']","item/cr85a_maxewstot":"@outputs('Get_AssetLiabilities_to_Update')?['body/cr85a_maxewstot']","item/cr85a_finbehewna":"@outputs('Get_AssetLiabilities_to_Update')?['body/cr85a_finbehewna']","item/cr85a_box3ewvermogenna":"@outputs('Get_AssetLiabilities_to_Update')?['body/cr85a_box3ewvermogenna']","item/cr85a_hypaanvragen":"@outputs('Get_AssetLiabilities_to_Update')?['body/cr85a_hypaanvragen']","item/cr85a_overbedverrna":"@outputs('Get_AssetLiabilities_to_Update')?['body/cr85a_overbedverrna']","item/cr85a_koopbestew":"@outputs('Get_AssetLiabilities_to_Update')?['body/cr85a_koopbestew']","item/cr85a_aankoopprijsnieuwew":"@outputs('Get_AssetLiabilities_to_Update')?['body/cr85a_aankoopprijsnieuwew']","item/cr85a_afkuitkverpvvermogenna":"@outputs('Get_AssetLiabilities_to_Update')?['body/cr85a_afkuitkverpvvermogenna']","item/cr85a_restemvermogenna":"@outputs('Get_AssetLiabilities_to_Update')?['body/cr85a_restemvermogenna']"},"authentication":"@parameters('$authentication')"}}}},"expression":{"equals":["@triggerBody()?['assetADid']","@null"]},"metadata":{"operationMetadataId":"789683fb-06d6-41b5-9e9c-f665d26a18ab"},"type":"If"},"Is_residentialAD_null":{"actions":{},"runAfter":{"Is_assetADid_null":["Succeeded"]},"else":{"actions":{"Update_residentialAD":{"runAfter":{},"metadata":{"operationMetadataId":"020fef15-07cb-419b-bac1-3578db1f9953"},"type":"OpenApiConnection","inputs":{"host":{"connectionName":"shared_commondataserviceforapps","operationId":"UpdateRecord","apiId":"/providers/Microsoft.PowerApps/apis/shared_commondataserviceforapps"},"parameters":{"entityName":"cr85a_woonsituatienieuws","recordId":"@triggerBody()?['woonsituatienieuwid']","item/cr85a_overdrbelvrijstgebruiktpartner":"@triggerBody()?['cr85a_overdrbelvrijstgebruiktpartner']","item/cr85a_overdrbelvrijstgebruiktgebruiker":"@triggerBody()?['cr85a_overdrbelvrijstgebruiktgebruiker']"},"authentication":"@parameters('$authentication')"}}}},"expression":{"equals":["@triggerBody()?['woonsituatienieuwid']","@null"]},"metadata":{"operationMetadataId":"1eaae721-9bb1-40ad-90fd-73b43cd089d3"},"type":"If"},"Authentication_+_Authorization":{"runAfter":{},"metadata":{"operationMetadataId":"6156e4da-100d-49f8-9c85-ff72ddde6368"},"type":"OpenApiConnection","inputs":{"host":{"connectionName":"shared_commondataserviceforapps","operationId":"PerformUnboundAction","apiId":"/providers/Microsoft.PowerApps/apis/shared_commondataserviceforapps"},"parameters":{"actionName":"cr85a_AuthenticationAuthorizationProcess","item/PortalAuthToken":"@triggerOutputs()['headers']['portalauthtoken']","item/CalculationId":"@triggerBody()?['cr85a_calculationid']","item/StepId":"8db06f81-9473-eb11-a812-000d3a22c008"},"authentication":"@parameters('$authentication')"}},"Condition_Authentication_+_Authorization":{"actions":{},"runAfter":{"Authentication_+_Authorization":["Succeeded"]},"else":{"actions":{"Response_Authentication_+_Authorization":{"runAfter":{},"metadata":{"operationMetadataId":"a28db4f1-5fe9-4710-810a-7ffbd6894cfd"},"type":"Response","kind":"Http","inputs":{"statusCode":"@outputs('Authentication_+_Authorization')?['body/HttpCode']","body":"@outputs('Authentication_+_Authorization')?['body/ErrorMessage']"}},"Terminate":{"runAfter":{"Response_Authentication_+_Authorization":["Succeeded"]},"metadata":{"operationMetadataId":"1e03b376-ad7f-4fa9-8d49-4003dc2fab7a"},"type":"Terminate","inputs":{"runStatus":"Succeeded"}}}},"expression":{"equals":["@outputs('Authentication_+_Authorization')?['body/AuthResult']","@true"]},"metadata":{"operationMetadataId":"e595db21-018d-4d35-93dc-c14924caaa6e"},"type":"If"}}}},"schemaVersion":"1.0.0.0"}