{"properties":{"connectionReferences":{"shared_commondataserviceforapps":{"runtimeSource":"embedded","connection":{"connectionReferenceLogicalName":"cr85a_sharedcommondataserviceforapps_c91da"},"api":{"name":"shared_commondataserviceforapps"}}},"definition":{"$schema":"https://schema.management.azure.com/providers/Microsoft.Logic/schemas/2016-06-01/workflowdefinition.json#","contentVersion":"1.0.0.0","parameters":{"$connections":{"defaultValue":{},"type":"Object"},"$authentication":{"defaultValue":{},"type":"SecureObject"}},"triggers":{"manual":{"metadata":{"operationMetadataId":"e669574e-15ff-4558-8f5d-4ac76fe8e9fa"},"type":"Request","kind":"Http","inputs":{"schema":{"type":"object","properties":{"cr85a_calculationid":{"type":"string"},"cr85a_relatieid":{"type":"string"},"cr85a_woonsituatiehuidig":{"type":"string"},"cr85a_huidig":{"type":"integer"},"cr85a_huurpermaand":{"type":"number"},"cr85a_eigendom":{"type":"integer"},"cr85a_ewsoudgebruiker":{"type":"number"},"cr85a_ewsoudpartner":{"type":"number"},"cr85a_hypotheekomschrijving":{"type":"string"},"cr85a_hyptot":{"type":"number"},"cr85a_wozew":{"type":"number"},"cr85a_vermogenscomponentid":{"type":"string"},"cr85a_woningid":{"type":"string"},"cr85a_hypotheekid":{"type":"string"}}},"method":"POST","relativePath":"saveResidentialSituatBD"}}},"actions":{"Create_or_Update_Residential_Situation_BD":{"actions":{"Add_a_new_row_Residential_Situation_Before_Divorce":{"runAfter":{},"metadata":{"operationMetadataId":"c0b48868-603e-4a61-b16c-2c7112c4529c"},"type":"OpenApiConnection","inputs":{"host":{"connectionName":"shared_commondataserviceforapps","operationId":"CreateRecord","apiId":"/providers/Microsoft.PowerApps/apis/shared_commondataserviceforapps"},"parameters":{"entityName":"cr85a_woonsituatiehuidigs","item/cr85a_ewsoudpartner":"@if(equals(triggerBody()?['cr85a_huidig'], 469280001), null, triggerBody()?['cr85a_ewsoudpartner'])","item/cr85a_ewsoudgebruiker":"@if(equals(triggerBody()?['cr85a_huidig'], 469280001), null, triggerBody()?['cr85a_ewsoudgebruiker'])","item/cr85a_eigendom":"@if(equals(triggerBody()?['cr85a_huidig'], 469280001), null, triggerBody()?['cr85a_eigendom'])","item/cr85a_huurpermaand":"@if(equals(triggerBody()?['cr85a_huidig'], 469280001), triggerBody()?['cr85a_huurpermaand'], null)","item/cr85a_huidig":"@triggerBody()?['cr85a_huidig']","item/cr85a_observations":"ResidentialBD_@{utcNow()}"},"authentication":"@parameters('$authentication')"}},"Get_a_row_by_ID_Relation":{"runAfter":{"Set_Residential_OdataID":["Succeeded"]},"metadata":{"operationMetadataId":"c57726ca-f191-41ff-be51-6f1038da9ab9"},"type":"OpenApiConnection","inputs":{"host":{"connectionName":"shared_commondataserviceforapps","operationId":"GetItem","apiId":"/providers/Microsoft.PowerApps/apis/shared_commondataserviceforapps"},"parameters":{"entityName":"cr85a_relaties","recordId":"@triggerBody()?['cr85a_relatieid']"},"authentication":"@parameters('$authentication')"}},"Relate_Residential_situation_with_Relation_table":{"runAfter":{"Get_a_row_by_ID_Relation":["Succeeded"]},"metadata":{"operationMetadataId":"cd635d3f-5184-4a01-bc30-649526219029"},"type":"OpenApiConnection","inputs":{"host":{"connectionName":"shared_commondataserviceforapps","operationId":"AssociateEntities","apiId":"/providers/Microsoft.PowerApps/apis/shared_commondataserviceforapps"},"parameters":{"entityName":"cr85a_woonsituatiehuidigs","recordId":"@outputs('Add_a_new_row_Residential_Situation_Before_Divorce')?['body/cr85a_woonsituatiehuidigid']","associationEntityRelationship":"cr85a_RelatieWoonsituatieHuidig","item/@odata.id":"@outputs('Get_a_row_by_ID_Relation')?['body/@odata.id']"},"authentication":"@parameters('$authentication')"}},"Set_Residential_OdataID":{"runAfter":{"Add_a_new_row_Residential_Situation_Before_Divorce":["Succeeded"]},"metadata":{"operationMetadataId":"ebdfe7a8-1178-4469-ae2d-2c8b80229e92"},"type":"SetVariable","inputs":{"name":"woonsituatiehuidigOdataId","value":"@outputs('Add_a_new_row_Residential_Situation_Before_Divorce')?['body/@odata.id']"}}},"runAfter":{"Temp_Residential_OdataID":["Succeeded"]},"else":{"actions":{"Update_Residential_Situation_Before_Divorce":{"runAfter":{},"metadata":{"operationMetadataId":"d1043590-6419-4fb8-afe6-7425b5f5043d"},"type":"OpenApiConnection","inputs":{"host":{"connectionName":"shared_commondataserviceforapps","operationId":"UpdateRecord","apiId":"/providers/Microsoft.PowerApps/apis/shared_commondataserviceforapps"},"parameters":{"entityName":"cr85a_woonsituatiehuidigs","recordId":"@triggerBody()?['cr85a_woonsituatiehuidig']","item/cr85a_ewsoudpartner":"@if(equals(triggerBody()?['cr85a_huidig'], 469280001), null, triggerBody()?['cr85a_ewsoudpartner'])","item/cr85a_ewsoudgebruiker":"@if(equals(triggerBody()?['cr85a_huidig'], 469280001), null, triggerBody()?['cr85a_ewsoudgebruiker'])","item/cr85a_eigendom":"@if(equals(triggerBody()?['cr85a_huidig'], 469280001), null, triggerBody()?['cr85a_eigendom'])","item/cr85a_huurpermaand":"@if(equals(triggerBody()?['cr85a_huidig'], 469280001), triggerBody()?['cr85a_huurpermaand'], null)","item/cr85a_huidig":"@triggerBody()?['cr85a_huidig']"},"authentication":"@parameters('$authentication')"}},"Set_Residential_OdataID_2":{"runAfter":{"Update_Residential_Situation_Before_Divorce":["Succeeded"]},"metadata":{"operationMetadataId":"0562d19a-9505-4772-80e5-e7bbb08c1581"},"type":"SetVariable","inputs":{"name":"woonsituatiehuidigOdataId","value":"@outputs('Update_Residential_Situation_Before_Divorce')?['body/@odata.id']"}}}},"expression":{"equals":["@triggerBody()?['cr85a_woonsituatiehuidig']",""]},"metadata":{"operationMetadataId":"fa160dbb-2867-436e-a6b9-3b3485ea7cd5"},"type":"If"},"Response_200":{"runAfter":{"Is_Own_House":["Succeeded"]},"metadata":{"operationMetadataId":"a33c970c-acdb-4773-9d16-a7c6d4b69f32"},"type":"Response","kind":"Http","inputs":{"statusCode":200}},"Response_400":{"runAfter":{"Response_200":["Failed","Skipped","TimedOut"]},"metadata":{"operationMetadataId":"b3d3a85f-1814-469f-b527-ff8eef0b0d35"},"type":"Response","kind":"Http","inputs":{"statusCode":400}},"Is_Own_House":{"actions":{"Create_or_Update_Asset":{"actions":{"Add_a_new_Asset":{"runAfter":{},"metadata":{"operationMetadataId":"9b2be696-4381-407d-9666-d33195f7d5c6"},"type":"OpenApiConnection","inputs":{"host":{"connectionName":"shared_commondataserviceforapps","operationId":"CreateRecord","apiId":"/providers/Microsoft.PowerApps/apis/shared_commondataserviceforapps"},"parameters":{"entityName":"cr85a_vermogenscomponents","item/cr85a_vermogensvoornascheiding":469280000,"item/cr85a_eigenaarnascheidinginboedel":469280002,"item/cr85a_componentopnaamvan":"@if(equals(triggerBody()?['cr85a_huidig'], 469280001), null, triggerBody()?['cr85a_eigendom'])","item/cr85a_typecomponent":469280000},"authentication":"@parameters('$authentication')"}},"Relate_rows":{"runAfter":{"Add_a_new_Asset":["Succeeded"]},"metadata":{"operationMetadataId":"5bbc2da0-f06c-423a-b3ad-ed40907584b1"},"type":"OpenApiConnection","inputs":{"host":{"connectionName":"shared_commondataserviceforapps","operationId":"AssociateEntities","apiId":"/providers/Microsoft.PowerApps/apis/shared_commondataserviceforapps"},"parameters":{"entityName":"cr85a_relaties","recordId":"@triggerBody()?['cr85a_relatieid']","associationEntityRelationship":"cr85a_relatie_relatievermogenscomponent_c","item/@odata.id":"@outputs('Add_a_new_Asset')?['body/@odata.id']"},"authentication":"@parameters('$authentication')"}},"Add_a_new_House":{"runAfter":{"Relate_rows":["Succeeded"]},"metadata":{"operationMetadataId":"916045f5-43f9-4214-9254-81be396363cb"},"type":"OpenApiConnection","inputs":{"host":{"connectionName":"shared_commondataserviceforapps","operationId":"CreateRecord","apiId":"/providers/Microsoft.PowerApps/apis/shared_commondataserviceforapps"},"parameters":{"entityName":"cr85a_wonings","item/cr85a_waardeew":"@null","item/cr85a_observations":"House_ResidentialSituBD_@{utcNow()}","item/cr85a_hyptot":"@if(equals(triggerBody()?['cr85a_huidig'], 469280001), null, triggerBody()?['cr85a_hyptot'])","item/cr85a_aankprew":"@null","item/cr85a_wozew":"@if(equals(triggerBody()?['cr85a_huidig'], 469280001), null, triggerBody()?['cr85a_wozew'])"},"authentication":"@parameters('$authentication')"}},"Relate_Asset_House":{"runAfter":{"Add_a_new_House":["Succeeded"]},"metadata":{"operationMetadataId":"3b2b6ed1-5a83-4d81-bf05-1209af7077fc"},"type":"OpenApiConnection","inputs":{"host":{"connectionName":"shared_commondataserviceforapps","operationId":"AssociateEntities","apiId":"/providers/Microsoft.PowerApps/apis/shared_commondataserviceforapps"},"parameters":{"entityName":"cr85a_vermogenscomponents","recordId":"@outputs('Add_a_new_Asset')?['body/cr85a_vermogenscomponentid']","associationEntityRelationship":"cr85a_Woning_vermogenscomponentref_cr85a_","item/@odata.id":"@outputs('Add_a_new_House')?['body/@odata.id']"},"authentication":"@parameters('$authentication')"}},"Add_a_new_Mortgage":{"runAfter":{"Relate_House_with_Residential_BD":["Succeeded"]},"metadata":{"operationMetadataId":"927a765d-3fe8-4aff-bdd2-0fd3ade17312"},"type":"OpenApiConnection","inputs":{"host":{"connectionName":"shared_commondataserviceforapps","operationId":"CreateRecord","apiId":"/providers/Microsoft.PowerApps/apis/shared_commondataserviceforapps"},"parameters":{"entityName":"cr85a_hypotheeks","item/cr85a_hypotheekomschrijving":"@if(equals(triggerBody()?['cr85a_huidig'], 469280001), null, triggerBody()?['cr85a_hypotheekomschrijving'])","item/cr85a_observations":"Mortgage_ResidentialSituBD_@{utcNow()}"},"authentication":"@parameters('$authentication')"}},"Relate_Mortgage_House":{"runAfter":{"Add_a_new_Mortgage":["Succeeded"]},"metadata":{"operationMetadataId":"7fe33997-ab6a-4233-a865-0ad9bfc01686"},"type":"OpenApiConnection","inputs":{"host":{"connectionName":"shared_commondataserviceforapps","operationId":"AssociateEntities","apiId":"/providers/Microsoft.PowerApps/apis/shared_commondataserviceforapps"},"parameters":{"entityName":"cr85a_wonings","recordId":"@outputs('Add_a_new_House')?['body/cr85a_woningid']","associationEntityRelationship":"cr85a_Hypotheek_woningref_cr85a_Woning","item/@odata.id":"@outputs('Add_a_new_Mortgage')?['body/@odata.id']"},"authentication":"@parameters('$authentication')"}},"Relate_House_with_Residential_BD":{"runAfter":{"Relate_Asset_House":["Succeeded"]},"metadata":{"operationMetadataId":"92e79376-e256-41a1-8921-8d915ecb0d45"},"type":"OpenApiConnection","inputs":{"host":{"connectionName":"shared_commondataserviceforapps","operationId":"AssociateEntities","apiId":"/providers/Microsoft.PowerApps/apis/shared_commondataserviceforapps"},"parameters":{"entityName":"cr85a_wonings","recordId":"@outputs('Add_a_new_House')?['body/cr85a_woningid']","associationEntityRelationship":"cr85a_WoonsituatieHuidig_woninghuidig_cr8","item/@odata.id":"@variables('woonsituatiehuidigOdataId')"},"authentication":"@parameters('$authentication')"}}},"runAfter":{},"else":{"actions":{"Update_Asset":{"runAfter":{},"metadata":{"operationMetadataId":"5258e4dc-cfd8-4246-9518-950b83bf5a86"},"type":"OpenApiConnection","inputs":{"host":{"connectionName":"shared_commondataserviceforapps","operationId":"UpdateRecord","apiId":"/providers/Microsoft.PowerApps/apis/shared_commondataserviceforapps"},"parameters":{"entityName":"cr85a_vermogenscomponents","recordId":"@triggerBody()?['cr85a_vermogenscomponentid']","item/cr85a_vermogensvoornascheiding":469280000,"item/cr85a_componentopnaamvan":"@if(equals(triggerBody()?['cr85a_huidig'], 469280001), null, triggerBody()?['cr85a_eigendom'])","item/cr85a_typecomponent":469280000},"authentication":"@parameters('$authentication')"}},"Update_House":{"runAfter":{"Update_Asset":["Succeeded"]},"metadata":{"operationMetadataId":"5f35610b-e0df-4ff0-97ae-5f4cfdf3c5b2"},"type":"OpenApiConnection","inputs":{"host":{"connectionName":"shared_commondataserviceforapps","operationId":"UpdateRecord","apiId":"/providers/Microsoft.PowerApps/apis/shared_commondataserviceforapps"},"parameters":{"entityName":"cr85a_wonings","recordId":"@triggerBody()?['cr85a_woningid']","item/cr85a_hyptot":"@if(equals(triggerBody()?['cr85a_huidig'], 469280001), null, triggerBody()?['cr85a_hyptot'])","item/cr85a_wozew":"@if(equals(triggerBody()?['cr85a_huidig'], 469280001), null, triggerBody()?['cr85a_wozew'])"},"authentication":"@parameters('$authentication')"}},"Update_a_Mortgage":{"runAfter":{"Update_House":["Succeeded"]},"metadata":{"operationMetadataId":"027f7f31-c02e-4304-ad75-36e294be894b"},"type":"OpenApiConnection","inputs":{"host":{"connectionName":"shared_commondataserviceforapps","operationId":"UpdateRecord","apiId":"/providers/Microsoft.PowerApps/apis/shared_commondataserviceforapps"},"parameters":{"entityName":"cr85a_hypotheeks","recordId":"@triggerBody()?['cr85a_hypotheekid']","item/cr85a_hypotheekomschrijving":"@if(equals(triggerBody()?['cr85a_huidig'], 469280001), null, triggerBody()?['cr85a_hypotheekomschrijving'])"},"authentication":"@parameters('$authentication')"}}}},"expression":{"equals":["@triggerBody()?['cr85a_vermogenscomponentid']",""]},"metadata":{"operationMetadataId":"5408eb4d-be3b-4714-b74a-fc9aa3361bda"},"type":"If"}},"runAfter":{"Create_or_Update_Residential_Situation_BD":["Succeeded"]},"else":{"actions":{"Asset_to_Delete":{"actions":{"Delete_a_row":{"runAfter":{},"metadata":{"operationMetadataId":"d2ff0cf5-1666-4d24-9790-47fc7ee58c92"},"type":"OpenApiConnection","inputs":{"host":{"connectionName":"shared_commondataserviceforapps","operationId":"DeleteRecord","apiId":"/providers/Microsoft.PowerApps/apis/shared_commondataserviceforapps"},"parameters":{"entityName":"cr85a_vermogenscomponents","recordId":"@triggerBody()?['cr85a_vermogenscomponentid']"},"authentication":"@parameters('$authentication')"}}},"runAfter":{},"expression":{"not":{"equals":["@triggerBody()?['cr85a_vermogenscomponentid']",""]}},"metadata":{"operationMetadataId":"cce43289-aec7-4730-9419-79768ae39dee"},"type":"If"}}},"expression":{"equals":["@triggerBody()?['cr85a_huidig']",469280000]},"metadata":{"operationMetadataId":"ec486797-7402-4303-b64e-393e96956596"},"type":"If"},"Temp_Residential_OdataID":{"runAfter":{"Condition_Authentication_+_Authorization":["Succeeded"]},"metadata":{"operationMetadataId":"47f9f205-7497-4706-b0c9-4690d48577e6"},"type":"InitializeVariable","inputs":{"variables":[{"name":"woonsituatiehuidigOdataId","type":"string"}]}},"Authentication_+_Authorization":{"runAfter":{},"metadata":{"operationMetadataId":"6156e4da-100d-49f8-9c85-ff72ddde6368"},"type":"OpenApiConnection","inputs":{"host":{"connectionName":"shared_commondataserviceforapps","operationId":"PerformUnboundAction","apiId":"/providers/Microsoft.PowerApps/apis/shared_commondataserviceforapps"},"parameters":{"actionName":"cr85a_AuthenticationAuthorizationProcess","item/PortalAuthToken":"@triggerOutputs()['headers']['portalauthtoken']","item/CalculationId":"@triggerBody()?['cr85a_calculationid']","item/StepId":"8a5103bb-9373-eb11-a812-000d3a22c008","item/RelationId":"@triggerBody()?['cr85a_relatieid']"},"authentication":"@parameters('$authentication')"}},"Condition_Authentication_+_Authorization":{"actions":{},"runAfter":{"Authentication_+_Authorization":["Succeeded"]},"else":{"actions":{"Response_Authentication_+_Authorization":{"runAfter":{},"metadata":{"operationMetadataId":"a28db4f1-5fe9-4710-810a-7ffbd6894cfd"},"type":"Response","kind":"Http","inputs":{"statusCode":"@outputs('Authentication_+_Authorization')?['body/HttpCode']","body":"@outputs('Authentication_+_Authorization')?['body/ErrorMessage']"}},"Terminate":{"runAfter":{"Response_Authentication_+_Authorization":["Succeeded"]},"metadata":{"operationMetadataId":"1e03b376-ad7f-4fa9-8d49-4003dc2fab7a"},"type":"Terminate","inputs":{"runStatus":"Succeeded"}}}},"expression":{"equals":["@outputs('Authentication_+_Authorization')?['body/AuthResult']","@true"]},"metadata":{"operationMetadataId":"e595db21-018d-4d35-93dc-c14924caaa6e"},"type":"If"}}}},"schemaVersion":"1.0.0.0"}