{"properties":{"connectionReferences":{"shared_commondataserviceforapps":{"impersonation":{},"runtimeSource":"embedded","connection":{},"api":{"name":"shared_commondataserviceforapps"}}},"definition":{"$schema":"https://schema.management.azure.com/providers/Microsoft.Logic/schemas/2016-06-01/workflowdefinition.json#","contentVersion":"1.0.0.0","parameters":{"$connections":{"defaultValue":{},"type":"Object"},"$authentication":{"defaultValue":{},"type":"SecureObject"}},"triggers":{"Recurrence":{"recurrence":{"frequency":"Hour","interval":1,"startTime":"2021-09-07T08:00:00Z"},"type":"Recurrence"}},"actions":{"List_Invites_older_than_72H":{"runAfter":{},"type":"OpenApiConnection","inputs":{"host":{"apiId":"/providers/Microsoft.PowerApps/apis/shared_commondataserviceforapps","connectionName":"shared_commondataserviceforapps","operationId":"ListRecords"},"parameters":{"entityName":"cr85a_inviteses","$filter":"(Microsoft.Dynamics.CRM.OlderThanXHours(PropertyName='cr85a_creationdate',PropertyValue=72))"},"authentication":"@parameters('$authentication')"}},"Check_if_Invites_are_empty":{"actions":{},"runAfter":{"List_Invites_older_than_72H":["Succeeded"]},"else":{"actions":{"Apply_to_each":{"foreach":"@outputs('List_Invites_older_than_72H')?['body/value']","actions":{"Update_Invites":{"runAfter":{},"type":"OpenApiConnection","inputs":{"host":{"apiId":"/providers/Microsoft.PowerApps/apis/shared_commondataserviceforapps","connectionName":"shared_commondataserviceforapps","operationId":"UpdateRecord"},"parameters":{"entityName":"cr85a_inviteses","recordId":"@items('Apply_to_each')?['cr85a_invitesid']","item/statecode":0,"item/cr85a_status":469280002},"authentication":"@parameters('$authentication')"}},"Update_Authorizations":{"runAfter":{"Update_Invites":["Succeeded"]},"type":"OpenApiConnection","inputs":{"host":{"apiId":"/providers/Microsoft.PowerApps/apis/shared_commondataserviceforapps","connectionName":"shared_commondataserviceforapps","operationId":"UpdateRecord"},"parameters":{"entityName":"cr85a_authorizationses","recordId":"@outputs('Update_Invites')?['body/_cr85a_authorizationref_value']","item/cr85a_statusaut":469280002},"authentication":"@parameters('$authentication')"}}},"runAfter":{},"type":"Foreach"}}},"expression":{"equals":["@empty(outputs('List_Invites_older_than_72H')?['body/value'])","@true"]},"type":"If"}}}},"schemaVersion":"1.0.0.0"}