{"properties":{"connectionReferences":{"shared_commondataserviceforapps":{"runtimeSource":"embedded","connection":{"connectionReferenceLogicalName":"cr85a_sharedcommondataserviceforapps_81ac3"},"api":{"name":"shared_commondataserviceforapps"}}},"definition":{"$schema":"https://schema.management.azure.com/providers/Microsoft.Logic/schemas/2016-06-01/workflowdefinition.json#","contentVersion":"1.0.0.0","parameters":{"$connections":{"defaultValue":{},"type":"Object"},"$authentication":{"defaultValue":{},"type":"SecureObject"}},"triggers":{"Recurrence":{"recurrence":{"frequency":"Day","interval":1,"startTime":"2021-10-13T08:00:00Z"},"metadata":{"operationMetadataId":"584f42be-faff-4147-91eb-8a8d536263f9"},"type":"Recurrence"}},"actions":{"List_of_expired_dossiers":{"runAfter":{},"metadata":{"operationMetadataId":"5dbd76d2-9b9b-4888-9b6e-7c473f51392b"},"type":"OpenApiConnection","inputs":{"host":{"connectionName":"shared_commondataserviceforapps","operationId":"ListRecords","apiId":"/providers/Microsoft.PowerApps/apis/shared_commondataserviceforapps"},"parameters":{"entityName":"cr85a_dossiers","$filter":"(cr85a_expiratiedatum lt @{utcNow()}) and (cr85a_scanstatus ne 469280004)"},"authentication":"@parameters('$authentication')"}},"List_is_not_empty":{"actions":{},"runAfter":{"List_of_expired_dossiers":["Succeeded"]},"else":{"actions":{"Update_status_of_each_dossier":{"foreach":"@outputs('List_of_expired_dossiers')?['body/value']","actions":{"Get_the_ContactId":{"runAfter":{},"metadata":{"operationMetadataId":"8e53a952-cffe-4ac5-935e-0b8fcfdd0a8a"},"type":"OpenApiConnection","inputs":{"host":{"connectionName":"shared_commondataserviceforapps","operationId":"ListRecords","apiId":"/providers/Microsoft.PowerApps/apis/shared_commondataserviceforapps"},"parameters":{"entityName":"contacts","$select":"contactid","$filter":"(_cr85a_dossierref_value eq )"},"authentication":"@parameters('$authentication')"}},"Disconnect_Dossier":{"foreach":"@outputs('Get_the_ContactId')?['body/value']","actions":{"Run_a_Child_Flow":{"runAfter":{},"metadata":{"operationMetadataId":"e0fa4d8b-ee63-4985-b5d4-8b1ffbe33331"},"type":"Workflow","inputs":{"host":{"workflowReferenceName":"d9efd80f-a443-ec11-8c62-6045bd8cd703"},"body":{"text":"@items('Disconnect_Dossier')?['contactid']","text_1":"@items('Update_status_of_each_dossier')?['cr85a_dossierid']"}}}},"runAfter":{"Get_the_ContactId":["Succeeded"]},"metadata":{"operationMetadataId":"5ec01771-a631-45cb-a9db-ce2104867a69"},"type":"Foreach"}},"runAfter":{},"metadata":{"operationMetadataId":"a662411e-2c8d-413d-88f3-7e76d7fef2c3"},"type":"Foreach"}}},"expression":{"equals":["@empty(outputs('List_of_expired_dossiers')?['body/value'])","@true"]},"metadata":{"operationMetadataId":"1a7f1287-74dd-4cee-9505-1beaed724838"},"type":"If"}}}},"schemaVersion":"1.0.0.0"}