{"properties":{"connectionReferences":{"shared_commondataserviceforapps":{"runtimeSource":"embedded","connection":{"connectionReferenceLogicalName":"cr85a_sharedcommondataserviceforapps_472b0"},"api":{"name":"shared_commondataserviceforapps"}}},"definition":{"$schema":"https://schema.management.azure.com/providers/Microsoft.Logic/schemas/2016-06-01/workflowdefinition.json#","contentVersion":"1.0.0.0","parameters":{"$connections":{"defaultValue":{},"type":"Object"},"$authentication":{"defaultValue":{},"type":"SecureObject"}},"triggers":{"manual":{"metadata":{"operationMetadataId":"b5db0d07-887b-4dd7-9e51-f6d712c88e8d"},"type":"Request","kind":"Http","inputs":{"schema":{"type":"object","properties":{"cr85a_calculationid":{"type":"string"},"cr85a_name":{"type":"string"},"cr85a_description":{"type":"string"}}},"method":"POST","relativePath":"updateCalculation"}}},"actions":{"Update_a_Calculation":{"runAfter":{"Condition_Authentication_+_Authorization":["Succeeded"]},"metadata":{"operationMetadataId":"27cee633-e0fe-43aa-8826-463d2ed8806b"},"type":"OpenApiConnection","inputs":{"host":{"connectionName":"shared_commondataserviceforapps","operationId":"UpdateRecord","apiId":"/providers/Microsoft.PowerApps/apis/shared_commondataserviceforapps"},"parameters":{"entityName":"cr85a_calculations","recordId":"@triggerBody()?['cr85a_calculationid']","item/cr85a_name":"@triggerBody()?['cr85a_name']","item/cr85a_description":"@triggerBody()?['cr85a_description']"},"authentication":"@parameters('$authentication')"}},"Response_OK":{"runAfter":{"Update_a_Calculation":["Succeeded"]},"metadata":{"operationMetadataId":"41968dc3-4cdc-4fcd-861d-81e0eca187af"},"type":"Response","kind":"Http","inputs":{"statusCode":200}},"Response_Fail":{"runAfter":{"Response_OK":["Failed","Skipped","TimedOut"]},"metadata":{"operationMetadataId":"ecbf6204-a767-4bdd-98b2-2803e39ff7ca"},"type":"Response","kind":"Http","inputs":{"statusCode":400}},"Condition_Authentication_+_Authorization":{"actions":{},"runAfter":{"Authentication_+_Authorization":["Succeeded"]},"else":{"actions":{"Response_Authentication_+_Authorization":{"runAfter":{},"metadata":{"operationMetadataId":"a28db4f1-5fe9-4710-810a-7ffbd6894cfd"},"type":"Response","kind":"Http","inputs":{"statusCode":"@outputs('Authentication_+_Authorization')?['body/HttpCode']","body":"@outputs('Authentication_+_Authorization')?['body/ErrorMessage']"}},"Terminate":{"runAfter":{"Response_Authentication_+_Authorization":["Succeeded"]},"metadata":{"operationMetadataId":"1e03b376-ad7f-4fa9-8d49-4003dc2fab7a"},"type":"Terminate","inputs":{"runStatus":"Succeeded"}}}},"expression":{"equals":["@outputs('Authentication_+_Authorization')?['body/AuthResult']","@true"]},"metadata":{"operationMetadataId":"e595db21-018d-4d35-93dc-c14924caaa6e"},"type":"If"},"Authentication_+_Authorization":{"runAfter":{},"metadata":{"operationMetadataId":"6156e4da-100d-49f8-9c85-ff72ddde6368"},"type":"OpenApiConnection","inputs":{"host":{"connectionName":"shared_commondataserviceforapps","operationId":"PerformUnboundAction","apiId":"/providers/Microsoft.PowerApps/apis/shared_commondataserviceforapps"},"parameters":{"actionName":"cr85a_AuthenticationAuthorizationProcess","item/PortalAuthToken":"@triggerOutputs()['headers']['portalauthtoken']","item/CalculationId":"@triggerBody()?['cr85a_calculationid']"},"authentication":"@parameters('$authentication')"}}},"outputs":{}}},"schemaVersion":"1.0.0.0"}