{"properties":{"connectionReferences":{"shared_commondataserviceforapps":{"runtimeSource":"embedded","connection":{"connectionReferenceLogicalName":"cr85a_sharedcommondataserviceforapps_81ac3"},"api":{"name":"shared_commondataserviceforapps"}}},"definition":{"$schema":"https://schema.management.azure.com/providers/Microsoft.Logic/schemas/2016-06-01/workflowdefinition.json#","contentVersion":"1.0.0.0","parameters":{"$connections":{"defaultValue":{},"type":"Object"},"$authentication":{"defaultValue":{},"type":"SecureObject"}},"triggers":{"manual":{"metadata":{"operationMetadataId":"70c39f06-8dda-4d4c-b64f-d4d587839ffe"},"type":"Request","kind":"Http","inputs":{"schema":{"type":"object","properties":{"scanid":{"type":"string"},"cr85a_acceptedtermscond":{"type":"boolean"}}}}}},"actions":{"Is_Scan_Id":{"actions":{"get_the_row_of_scanid":{"runAfter":{},"metadata":{"operationMetadataId":"bd585832-02f6-4a12-b511-ac0eac7c029a"},"type":"OpenApiConnection","inputs":{"host":{"connectionName":"shared_commondataserviceforapps","operationId":"ListRecords","apiId":"/providers/Microsoft.PowerApps/apis/shared_commondataserviceforapps"},"parameters":{"entityName":"cr85a_scans","$filter":"(cr85a_scanid eq @{triggerBody()?['scanid']})"},"authentication":"@parameters('$authentication')"}},"Apply_to_each":{"foreach":"@outputs('get_the_row_of_scanid')?['body/value']","actions":{"Update_Scan":{"runAfter":{},"metadata":{"operationMetadataId":"bccb6233-11bd-4154-9b94-49529ab5be09"},"type":"OpenApiConnection","inputs":{"host":{"connectionName":"shared_commondataserviceforapps","operationId":"UpdateRecord","apiId":"/providers/Microsoft.PowerApps/apis/shared_commondataserviceforapps"},"parameters":{"entityName":"cr85a_scans","recordId":"@items('Apply_to_each')?['cr85a_scanid']","item/cr85a_acceptedtermscond":"@triggerBody()?['cr85a_acceptedtermscond']"},"authentication":"@parameters('$authentication')"}}},"runAfter":{"get_the_row_of_scanid":["Succeeded"]},"metadata":{"operationMetadataId":"69a6905d-3142-4e95-add0-8968f06c1257"},"type":"Foreach"}},"runAfter":{},"expression":{"not":{"equals":["@triggerBody()?['scanid']",""]}},"metadata":{"operationMetadataId":"84afe1a0-026c-476b-aa8a-c676d7d01e77"},"type":"If"},"OK":{"runAfter":{"Is_Scan_Id":["Succeeded"]},"metadata":{"operationMetadataId":"08d844d7-962a-4c52-b37f-acbf8b2faba2"},"type":"Response","kind":"Http","inputs":{"statusCode":200}},"Fail":{"runAfter":{"OK":["Failed","Skipped","TimedOut"]},"metadata":{"operationMetadataId":"9e62b90b-702e-404d-a260-d7f343ab235c"},"type":"Response","kind":"Http","inputs":{"statusCode":400}}},"outputs":{}}},"schemaVersion":"1.0.0.0"}