{"properties":{"connectionReferences":{"shared_commondataserviceforapps":{"runtimeSource":"embedded","connection":{"connectionReferenceLogicalName":"cr85a_sharedcommondataserviceforapps_eef4d"},"api":{"name":"shared_commondataserviceforapps"}}},"definition":{"$schema":"https://schema.management.azure.com/providers/Microsoft.Logic/schemas/2016-06-01/workflowdefinition.json#","contentVersion":"1.0.0.0","parameters":{"$connections":{"defaultValue":{},"type":"Object"},"$authentication":{"defaultValue":{},"type":"SecureObject"}},"triggers":{"manual":{"metadata":{"operationMetadataId":"376e68ef-2b97-4778-89bf-15a09de1dc7e"},"type":"Request","kind":"Button","inputs":{"schema":{"type":"object","properties":{"text":{"title":"PortalAuthToken","type":"string","x-ms-dynamically-added":true,"description":"Please enter your input","x-ms-content-hint":"TEXT"},"text_1":{"title":"DossierId","type":"string","x-ms-dynamically-added":true,"description":"Please enter your input","x-ms-content-hint":"TEXT"},"text_2":{"title":"CalculationId","type":"string","x-ms-dynamically-added":true,"description":"Please enter your input","x-ms-content-hint":"TEXT"},"text_3":{"title":"StepId","type":"string","x-ms-dynamically-added":true,"description":"Please enter your input","x-ms-content-hint":"TEXT"}},"required":["text"]}}}},"actions":{"Authentication_Action":{"runAfter":{},"metadata":{"operationMetadataId":"9761cae8-b549-40ef-ac87-c05063d3cc17"},"type":"OpenApiConnection","inputs":{"host":{"connectionName":"shared_commondataserviceforapps","operationId":"PerformUnboundAction","apiId":"/providers/Microsoft.PowerApps/apis/shared_commondataserviceforapps"},"parameters":{"actionName":"cr85a_AuthenticationProcess","item/PortalAuthToken":"@triggerBody()['text']"},"authentication":{"type":"Raw","value":"@json(decodeBase64(triggerOutputs().headers['X-MS-APIM-Tokens']))['$ConnectionKey']"}}},"Authentication_Action_-_Manage_Response":{"actions":{},"runAfter":{"Authentication_Action":["Succeeded"]},"else":{"actions":{"Respond_to_a_PowerApp_or_flow":{"runAfter":{},"metadata":{"operationMetadataId":"0b696ee7-74ad-46f9-830c-bd235e7b6f0d"},"type":"Response","kind":"PowerApp","inputs":{"statusCode":200,"body":{"result":"@false","errormessage":"@outputs('Authentication_Action')?['body/ErrorMessage']","httpcode":"401"},"schema":{"type":"object","properties":{"result":{"title":"Result","x-ms-dynamically-added":true,"type":"boolean"},"errormessage":{"title":"ErrorMessage","x-ms-dynamically-added":true,"type":"string"},"httpcode":{"title":"HttpCode","x-ms-dynamically-added":true,"type":"string"}}}}},"Terminate":{"runAfter":{"Respond_to_a_PowerApp_or_flow":["Succeeded"]},"metadata":{"operationMetadataId":"03d71be3-c2f9-4cf7-89be-ee51082def87"},"type":"Terminate","inputs":{"runStatus":"Succeeded"}}}},"expression":{"equals":["@outputs('Authentication_Action')?['body/IsAuthenticationValid']","@true"]},"metadata":{"operationMetadataId":"7ed14df5-f56d-45d2-92e4-deccdf017379"},"type":"If"},"Authorization_Action":{"runAfter":{"Authentication_Action_-_Manage_Response":["Succeeded"]},"metadata":{"operationMetadataId":"817331fc-f24e-4331-af2a-1abd2283abea"},"type":"OpenApiConnection","inputs":{"host":{"connectionName":"shared_commondataserviceforapps","operationId":"PerformUnboundAction","apiId":"/providers/Microsoft.PowerApps/apis/shared_commondataserviceforapps"},"parameters":{"actionName":"cr85a_AuthorizationProcess","item/PortalAuthToken":"@triggerBody()['text']","item/UserId":"@outputs('Authentication_Action')?['body/AuthenticatedUser']","item/DossierId":"@if(empty(triggerBody()?['text_1']), null, triggerBody()?['text_1'])","item/CalculationId":"@if(empty(triggerBody()?['text_2']), null, triggerBody()?['text_2'])","item/StepId":"@if(empty(triggerBody()?['text_3']), null, triggerBody()?['text_3'])"},"authentication":{"type":"Raw","value":"@json(decodeBase64(triggerOutputs().headers['X-MS-APIM-Tokens']))['$ConnectionKey']"}}},"Authorization_Action_-_Manage_Response":{"actions":{},"runAfter":{"Authorization_Action":["Succeeded"]},"else":{"actions":{"Respond_to_a_PowerApp_or_flow_2":{"runAfter":{},"metadata":{"operationMetadataId":"995947fc-584d-4dd4-bf2f-d388bd941411"},"type":"Response","kind":"PowerApp","inputs":{"statusCode":200,"body":{"result":"@false","errormessage":"Authorization Failed","httpcode":"403"},"schema":{"type":"object","properties":{"result":{"title":"Result","x-ms-dynamically-added":true,"type":"boolean"},"errormessage":{"title":"ErrorMessage","x-ms-dynamically-added":true,"type":"string"},"httpcode":{"title":"HttpCode","x-ms-dynamically-added":true,"type":"string"}}}}},"Terminate_2":{"runAfter":{"Respond_to_a_PowerApp_or_flow_2":["Succeeded"]},"metadata":{"operationMetadataId":"52f183f8-97d7-434d-b8a6-fa4ba4d1ff95"},"type":"Terminate","inputs":{"runStatus":"Succeeded"}}}},"expression":{"equals":["@outputs('Authorization_Action')?['body/IsAuthorizationValid']","@true"]},"metadata":{"operationMetadataId":"fae86a16-2a1d-4b4f-b6bb-5159774e08b4"},"type":"If"},"Respond_to_a_PowerApp_or_flow_3":{"runAfter":{"Authorization_Action_-_Manage_Response":["Succeeded"]},"metadata":{"operationMetadataId":"ae959cc4-d985-43e5-bb82-923ee4a0d58e"},"type":"Response","kind":"PowerApp","inputs":{"statusCode":200,"body":{"result":"@true","errormessage":"@{null}","httpcode":"200"},"schema":{"type":"object","properties":{"result":{"title":"Result","x-ms-dynamically-added":true,"type":"boolean"},"errormessage":{"title":"ErrorMessage","x-ms-dynamically-added":true,"type":"string"},"httpcode":{"title":"HttpCode","x-ms-dynamically-added":true,"type":"string"}}}}}}}},"schemaVersion":"1.0.0.0"}