<ImportExportXml xmlns:xsi="http://www.w3.org/2001/XMLSchema-instance">
  <Entities></Entities>
  <Roles></Roles>
  <Workflows>
    <Workflow WorkflowId="{bd4458c0-4312-ec11-b6e6-6045bd87271c}" Name="Yellow Sheet Version - Clone">
      <JsonFileName>/Workflows/YellowSheetVersion-Clone-BD4458C0-4312-EC11-B6E6-6045BD87271C.json</JsonFileName>
      <Type>1</Type>
      <Subprocess>0</Subprocess>
      <Category>5</Category>
      <Mode>0</Mode>
      <Scope>4</Scope>
      <OnDemand>0</OnDemand>
      <TriggerOnCreate>0</TriggerOnCreate>
      <TriggerOnDelete>0</TriggerOnDelete>
      <AsyncAutodelete>0</AsyncAutodelete>
      <SyncWorkflowLogOnFailure>0</SyncWorkflowLogOnFailure>
      <StateCode>0</StateCode>
      <StatusCode>1</StatusCode>
      <RunAs>1</RunAs>
      <IsTransacted>1</IsTransacted>
      <IntroducedVersion>1.0.0.0</IntroducedVersion>
      <IsCustomizable>1</IsCustomizable>
      <IsCustomProcessingStepAllowedForOtherPublishers>1</IsCustomProcessingStepAllowedForOtherPublishers>
      <PrimaryEntity>none</PrimaryEntity>
      <LocalizedNames>
        <LocalizedName languagecode="1033" description="Yellow Sheet Version - Clone" />
      </LocalizedNames>
    </Workflow>
  </Workflows>
  <FieldSecurityProfiles></FieldSecurityProfiles>
  <Templates />
  <EntityMaps />
  <EntityRelationships />
  <OrganizationSettings />
  <optionsets />
  <CustomControls />
  <SolutionPluginAssemblies>
    <PluginAssembly FullName="IGH.DivorceExperts.Backoffice, Version=1.0.0.0, Culture=neutral, PublicKeyToken=8d286b01bf808f0b" PluginAssemblyId="4df64454-75ca-44ee-a4f4-8fd487343fa9" CustomizationLevel="1">
      <IsolationMode>2</IsolationMode>
      <SourceType>0</SourceType>
      <IntroducedVersion>1.0</IntroducedVersion>
      <FileName>/PluginAssemblies/IGHDivorceExpertsBackoffice-4DF64454-75CA-44EE-A4F4-8FD487343FA9/IGHDivorceExpertsBackoffice.dll</FileName>
      <PluginTypes>
        <PluginType AssemblyQualifiedName="IGH.DivorceExperts.Backoffice.Plugins.ContactEntity.PostCreate_Sync, IGH.DivorceExperts.Backoffice, Version=1.0.0.0, Culture=neutral, PublicKeyToken=8d286b01bf808f0b" PluginTypeId="4d5c69d5-06b7-4486-99d6-98300d94a90a" Name="IGH.DivorceExperts.Backoffice.Plugins.ContactEntity.PostCreate_Sync">
          <FriendlyName>269a102e-e92c-4eff-a972-4940e14e17be</FriendlyName>
        </PluginType>
        <PluginType AssemblyQualifiedName="IGH.DivorceExperts.Backoffice.Plugins.ContactEntity.PreCreate_Sync, IGH.DivorceExperts.Backoffice, Version=1.0.0.0, Culture=neutral, PublicKeyToken=8d286b01bf808f0b" PluginTypeId="f7f9b5d9-ffdc-4c24-9539-d4005e70c47e" Name="IGH.DivorceExperts.Backoffice.Plugins.ContactEntity.PreCreate_Sync">
          <FriendlyName>b22a11ce-f829-4f08-9d43-3381fa2ab4a6</FriendlyName>
        </PluginType>
        <PluginType AssemblyQualifiedName="IGH.DivorceExperts.Backoffice.Plugins.ContactEntity.PreDelete_Sync, IGH.DivorceExperts.Backoffice, Version=1.0.0.0, Culture=neutral, PublicKeyToken=8d286b01bf808f0b" PluginTypeId="bff248ce-22f3-41ff-a312-9aa662848622" Name="IGH.DivorceExperts.Backoffice.Plugins.ContactEntity.PreDelete_Sync">
          <FriendlyName>665b01cc-36d9-40ba-92a8-09dba5e94903</FriendlyName>
        </PluginType>
        <PluginType AssemblyQualifiedName="IGH.DivorceExperts.Backoffice.Plugins.Dossier.PreCreate_Sync, IGH.DivorceExperts.Backoffice, Version=1.0.0.0, Culture=neutral, PublicKeyToken=8d286b01bf808f0b" PluginTypeId="35c32dde-4c03-4e3a-b74c-16715407ed59" Name="IGH.DivorceExperts.Backoffice.Plugins.Dossier.PreCreate_Sync">
          <FriendlyName>91b95def-2add-41ae-83bb-6142c9072554</FriendlyName>
        </PluginType>
        <PluginType AssemblyQualifiedName="IGH.DivorceExperts.Backoffice.Plugins.WebRole.PostAssociate_Sync, IGH.DivorceExperts.Backoffice, Version=1.0.0.0, Culture=neutral, PublicKeyToken=8d286b01bf808f0b" PluginTypeId="aa0d7dff-9867-4e8e-927d-43977a6fa8c4" Name="IGH.DivorceExperts.Backoffice.Plugins.WebRole.PostAssociate_Sync">
          <FriendlyName>b1f41320-03cf-458e-9a0d-f3afa03fa8c1</FriendlyName>
        </PluginType>
        <PluginType AssemblyQualifiedName="IGH.DivorceExperts.Backoffice.Plugins.WebRole.PostDisassociate_Sync, IGH.DivorceExperts.Backoffice, Version=1.0.0.0, Culture=neutral, PublicKeyToken=8d286b01bf808f0b" PluginTypeId="9eda16f4-9744-404c-ad76-ad6e93366f87" Name="IGH.DivorceExperts.Backoffice.Plugins.WebRole.PostDisassociate_Sync">
          <FriendlyName>ea178aba-54f4-4915-86b9-dcfdbb557c0e</FriendlyName>
        </PluginType>
        <PluginType AssemblyQualifiedName="IGH.DivorceExperts.Backoffice.Plugins.YellowSheetVersion.PreCreate_Sync, IGH.DivorceExperts.Backoffice, Version=1.0.0.0, Culture=neutral, PublicKeyToken=8d286b01bf808f0b" PluginTypeId="1d8e814b-eed8-4af6-a21d-b44568f6095a" Name="IGH.DivorceExperts.Backoffice.Plugins.YellowSheetVersion.PreCreate_Sync">
          <FriendlyName>bad91f5a-df63-44fc-b145-39172b0b733d</FriendlyName>
        </PluginType>
        <PluginType AssemblyQualifiedName="IGH.DivorceExperts.Backoffice.Plugins.YellowSheetVersion.PreUpdate_Sync, IGH.DivorceExperts.Backoffice, Version=1.0.0.0, Culture=neutral, PublicKeyToken=8d286b01bf808f0b" PluginTypeId="6030aac0-de26-485d-b5b9-e91daafa83de" Name="IGH.DivorceExperts.Backoffice.Plugins.YellowSheetVersion.PreUpdate_Sync">
          <FriendlyName>01259468-41f5-46ae-87d9-4ea6a092a6c0</FriendlyName>
        </PluginType>
      </PluginTypes>
    </PluginAssembly>
  </SolutionPluginAssemblies>
  <SdkMessageProcessingSteps>
    <SdkMessageProcessingStep Name="IGH.DivorceExperts.Backoffice.Plugins.ContactEntity.PostCreate_Sync: Create of contact" SdkMessageProcessingStepId="{d6f009bc-0247-ec11-8c62-6045bd8db774}">
      <SdkMessageId>9ebdbb1b-ea3e-db11-86a7-000a3a5473e8</SdkMessageId>
      <PluginTypeName>IGH.DivorceExperts.Backoffice.Plugins.ContactEntity.PostCreate_Sync, IGH.DivorceExperts.Backoffice, Version=1.0.0.0, Culture=neutral, PublicKeyToken=8d286b01bf808f0b</PluginTypeName>
      <PluginTypeId>4d5c69d5-06b7-4486-99d6-98300d94a90a</PluginTypeId>
      <PrimaryEntity>contact</PrimaryEntity>
      <AsyncAutoDelete>0</AsyncAutoDelete>
      <FilteringAttributes></FilteringAttributes>
      <InvocationSource>1</InvocationSource>
      <Mode>0</Mode>
      <Rank>1</Rank>
      <EventHandlerTypeCode>4602</EventHandlerTypeCode>
      <Stage>40</Stage>
      <IsCustomizable>1</IsCustomizable>
      <IsHidden>0</IsHidden>
      <SupportedDeployment>0</SupportedDeployment>
      <IntroducedVersion>1.0</IntroducedVersion>
      <SdkMessageProcessingStepImages />
    </SdkMessageProcessingStep>
    <SdkMessageProcessingStep Name="IGH.DivorceExperts.Backoffice.Plugins.ContactEntity.PreCreate_Sync: Create of contact" SdkMessageProcessingStepId="{915ef474-7348-ec11-8c62-6045bd8db774}">
      <SdkMessageId>9ebdbb1b-ea3e-db11-86a7-000a3a5473e8</SdkMessageId>
      <PluginTypeName>IGH.DivorceExperts.Backoffice.Plugins.ContactEntity.PreCreate_Sync, IGH.DivorceExperts.Backoffice, Version=1.0.0.0, Culture=neutral, PublicKeyToken=8d286b01bf808f0b</PluginTypeName>
      <PluginTypeId>f7f9b5d9-ffdc-4c24-9539-d4005e70c47e</PluginTypeId>
      <PrimaryEntity>contact</PrimaryEntity>
      <AsyncAutoDelete>0</AsyncAutoDelete>
      <FilteringAttributes></FilteringAttributes>
      <InvocationSource>1</InvocationSource>
      <Mode>0</Mode>
      <Rank>1</Rank>
      <EventHandlerTypeCode>4602</EventHandlerTypeCode>
      <Stage>20</Stage>
      <IsCustomizable>1</IsCustomizable>
      <IsHidden>0</IsHidden>
      <SupportedDeployment>0</SupportedDeployment>
      <IntroducedVersion>1.0</IntroducedVersion>
      <SdkMessageProcessingStepImages />
    </SdkMessageProcessingStep>
    <SdkMessageProcessingStep Name="IGH.DivorceExperts.Backoffice.Plugins.Dossier.PreCreate_Sync: Create of cr85a_dossier" SdkMessageProcessingStepId="{e004308c-7a48-ec11-8c62-6045bd8db774}">
      <SdkMessageId>9ebdbb1b-ea3e-db11-86a7-000a3a5473e8</SdkMessageId>
      <PluginTypeName>IGH.DivorceExperts.Backoffice.Plugins.Dossier.PreCreate_Sync, IGH.DivorceExperts.Backoffice, Version=1.0.0.0, Culture=neutral, PublicKeyToken=8d286b01bf808f0b</PluginTypeName>
      <PluginTypeId>35c32dde-4c03-4e3a-b74c-16715407ed59</PluginTypeId>
      <PrimaryEntity>cr85a_dossier</PrimaryEntity>
      <AsyncAutoDelete>0</AsyncAutoDelete>
      <FilteringAttributes></FilteringAttributes>
      <InvocationSource>1</InvocationSource>
      <Mode>0</Mode>
      <Rank>1</Rank>
      <EventHandlerTypeCode>4602</EventHandlerTypeCode>
      <Stage>20</Stage>
      <IsCustomizable>1</IsCustomizable>
      <IsHidden>0</IsHidden>
      <SupportedDeployment>0</SupportedDeployment>
      <IntroducedVersion>1.0</IntroducedVersion>
      <SdkMessageProcessingStepImages />
    </SdkMessageProcessingStep>
    <SdkMessageProcessingStep Name="IGH.DivorceExperts.Backoffice.Plugins.YellowSheetVersion.PreCreate_Sync: Create of cr85a_yellowsheetversion" SdkMessageProcessingStepId="{94ab3608-7b15-ec11-b6e6-6045bd887830}">
      <SdkMessageId>9ebdbb1b-ea3e-db11-86a7-000a3a5473e8</SdkMessageId>
      <PluginTypeName>IGH.DivorceExperts.Backoffice.Plugins.YellowSheetVersion.PreCreate_Sync, IGH.DivorceExperts.Backoffice, Version=1.0.0.0, Culture=neutral, PublicKeyToken=8d286b01bf808f0b</PluginTypeName>
      <PluginTypeId>1d8e814b-eed8-4af6-a21d-b44568f6095a</PluginTypeId>
      <PrimaryEntity>cr85a_yellowsheetversion</PrimaryEntity>
      <AsyncAutoDelete>0</AsyncAutoDelete>
      <Description>IGH.DivorceExperts.Backoffice.Plugins.YellowSheetVersion.PreCreate_Sync: Create of cr85a_yellowsheetversion</Description>
      <FilteringAttributes></FilteringAttributes>
      <InvocationSource>1</InvocationSource>
      <Mode>0</Mode>
      <Rank>1</Rank>
      <EventHandlerTypeCode>4602</EventHandlerTypeCode>
      <Stage>20</Stage>
      <IsCustomizable>1</IsCustomizable>
      <IsHidden>0</IsHidden>
      <SupportedDeployment>0</SupportedDeployment>
      <IntroducedVersion>1.0</IntroducedVersion>
      <SdkMessageProcessingStepImages />
    </SdkMessageProcessingStep>
    <SdkMessageProcessingStep Name="IGH.DivorceExperts.Backoffice.Plugins.YellowSheetVersion.PreUpdate_Sync: Update of cr85a_yellowsheetversion" SdkMessageProcessingStepId="{de5e1c1d-7b15-ec11-b6e6-6045bd887830}">
      <SdkMessageId>20bebb1b-ea3e-db11-86a7-000a3a5473e8</SdkMessageId>
      <PluginTypeName>IGH.DivorceExperts.Backoffice.Plugins.YellowSheetVersion.PreUpdate_Sync, IGH.DivorceExperts.Backoffice, Version=1.0.0.0, Culture=neutral, PublicKeyToken=8d286b01bf808f0b</PluginTypeName>
      <PluginTypeId>6030aac0-de26-485d-b5b9-e91daafa83de</PluginTypeId>
      <PrimaryEntity>cr85a_yellowsheetversion</PrimaryEntity>
      <AsyncAutoDelete>0</AsyncAutoDelete>
      <Description>IGH.DivorceExperts.Backoffice.Plugins.YellowSheetVersion.PreUpdate_Sync: Update of cr85a_yellowsheetversion</Description>
      <FilteringAttributes>cr85a_startdate,statuscode,cr85a_yellowsheetversionno</FilteringAttributes>
      <InvocationSource>1</InvocationSource>
      <Mode>0</Mode>
      <Rank>1</Rank>
      <EventHandlerTypeCode>4602</EventHandlerTypeCode>
      <Stage>20</Stage>
      <IsCustomizable>1</IsCustomizable>
      <IsHidden>0</IsHidden>
      <SupportedDeployment>0</SupportedDeployment>
      <IntroducedVersion>1.0</IntroducedVersion>
      <SdkMessageProcessingStepImages>
        <SdkMessageProcessingStepImage Name="PreImage">
          <SdkMessageProcessingStepImageId>{2af35f27-7b15-ec11-b6e6-6045bd887830}</SdkMessageProcessingStepImageId>
          <Attributes>cr85a_startdate,statuscode,cr85a_yellowsheetversionno</Attributes>
          <EntityAlias>PreImage</EntityAlias>
          <ImageType>0</ImageType>
          <MessagePropertyName>Target</MessagePropertyName>
          <IsCustomizable>1</IsCustomizable>
        </SdkMessageProcessingStepImage>
      </SdkMessageProcessingStepImages>
    </SdkMessageProcessingStep>
  </SdkMessageProcessingSteps>
  <AppModuleSiteMaps>
    <AppModuleSiteMap>
      <SiteMapUniqueName>cr85a_DivorceExpertBackoffice</SiteMapUniqueName>
      <EnableCollapsibleGroups>False</EnableCollapsibleGroups>
      <ShowHome>True</ShowHome>
      <ShowPinned>True</ShowPinned>
      <ShowRecents>True</ShowRecents>
      <SiteMap IntroducedVersion="7.0.0.0">
        <Area Id="New_Area" ResourceId="SitemapDesigner.NewArea" DescriptionResourceId="SitemapDesigner.NewArea" ShowGroups="true" IntroducedVersion="7.0.0.0">
          <Titles>
            <Title LCID="1033" Title="Back Office" />
          </Titles>
          <Group Id="NewGroup_4283bc1b" ResourceId="SitemapDesigner.NewGroup" IsProfile="false" ToolTipResourseId="SitemapDesigner.Unknown">
            <Titles>
              <Title LCID="1033" Title="Account Management" />
            </Titles>
            <SubArea Id="NewSubArea_02f9c872" ResourceId="Homepage_Dashboards" DescriptionResourceId="Dashboards_Description" Icon="/_imgs/imagestrips/transparent_spacer.gif" Url="/workplace/home_dashboards.aspx" DefaultDashboard="ee50a18b-3f88-df11-8d93-00155db1891a" Client="All,Outlook,OutlookLaptopClient,OutlookWorkstationClient,Web" AvailableOffline="true" PassParams="false" Sku="All,OnPremise,Live,SPLA" ToolTipResourseId="Dashboards_ToolTip">
              <Titles>
                <Title LCID="1033" Title="Dashboards" />
              </Titles>
            </SubArea>
            <SubArea Id="NewSubArea_fd2eded4" Icon="/_imgs/imagestrips/transparent_spacer.gif" Entity="contact" Client="All,Outlook,OutlookLaptopClient,OutlookWorkstationClient,Web" AvailableOffline="true" PassParams="false" Sku="All,OnPremise,Live,SPLA" />
          </Group>
          <Group Id="New_Group" ResourceId="SitemapDesigner.NewGroup" DescriptionResourceId="SitemapDesigner.NewGroup" IntroducedVersion="7.0.0.0" IsProfile="false" ToolTipResourseId="SitemapDesigner.Unknown">
            <Titles>
              <Title LCID="1033" Title="Configuration" />
            </Titles>
            <SubArea Id="New_SubArea" Icon="/_imgs/imagestrips/transparent_spacer.gif" IntroducedVersion="7.0.0.0" Entity="cr85a_yellowsheetversion" Client="All,Outlook,OutlookLaptopClient,OutlookWorkstationClient,Web" AvailableOffline="true" PassParams="false" Sku="All,OnPremise,Live,SPLA">
              <Titles>
                <Title LCID="1033" Title="Yellow Sheet Version" />
              </Titles>
            </SubArea>
          </Group>
        </Area>
      </SiteMap>
      <LocalizedNames>
        <LocalizedName description="Divorce Expert Backoffice" languagecode="1033" />
      </LocalizedNames>
    </AppModuleSiteMap>
  </AppModuleSiteMaps>
  <AppModules>
    <AppModule>
      <UniqueName>cr85a_DivorceExpertBackoffice</UniqueName>
      <IntroducedVersion>1.0.0.0</IntroducedVersion>
      <WebResourceId>953b9fac-1e5e-e611-80d6-00155ded156f</WebResourceId>
      <OptimizedFor></OptimizedFor>
      <statecode>0</statecode>
      <statuscode>1</statuscode>
      <FormFactor>1</FormFactor>
      <ClientType>4</ClientType>
      <NavigationType>0</NavigationType>
      <AppModuleComponents>
        <AppModuleComponent type="62" schemaName="cr85a_DivorceExpertBackoffice" />
        <AppModuleComponent type="1" schemaName="cr85a_aowleeftijd" />
        <AppModuleComponent type="1" schemaName="cr85a_bezitschuldcode" />
        <AppModuleComponent type="1" schemaName="contact" />
        <AppModuleComponent type="26" id="{00000000-0000-0000-00aa-000010001004}" />
        <AppModuleComponent type="26" id="{0d5d377b-5e7c-47b5-bab1-a5cb8b4ac105}" />
        <AppModuleComponent type="26" id="{00000000-0000-0000-00aa-000000666400}" />
        <AppModuleComponent type="26" id="{a2d479c5-53e3-4c69-addd-802327e67a0d}" />
        <AppModuleComponent type="26" id="{00000000-0000-0000-00aa-000010001033}" />
        <AppModuleComponent type="1" schemaName="cr85a_draagkracht" />
        <AppModuleComponent type="1" schemaName="cr85a_draagkrachtandbijstand" />
        <AppModuleComponent type="1" schemaName="cr85a_eigenwoningenhypotheek" />
        <AppModuleComponent type="1" schemaName="cr85a_fictiefrendementoverig" />
        <AppModuleComponent type="1" schemaName="cr85a_fictiefrendementbelasting" />
        <AppModuleComponent type="1" schemaName="cr85a_fiscalegegevens" />
        <AppModuleComponent type="1" schemaName="cr85a_gegevenszvw" />
        <AppModuleComponent type="1" schemaName="cr85a_heffingskortingen" />
        <AppModuleComponent type="1" schemaName="cr85a_inkomensbelasting" />
        <AppModuleComponent type="1" schemaName="cr85a_kgb" />
        <AppModuleComponent type="1" schemaName="cr85a_kinderbijslag" />
        <AppModuleComponent type="1" schemaName="cr85a_kostenkinderen" />
        <AppModuleComponent type="1" schemaName="cr85a_minmax" />
        <AppModuleComponent type="1" schemaName="cr85a_ouderentoeslagbox3" />
        <AppModuleComponent type="1" schemaName="cr85a_wsf" />
        <AppModuleComponent type="1" schemaName="cr85a_yellowsheetversion" />
        <AppModuleComponent type="26" id="{696b362e-3812-ec11-b6e6-6045bd87271c}" />
        <AppModuleComponent type="26" id="{08033c1c-6655-42ae-b698-8c25d9ea5806}" />
        <AppModuleComponent type="26" id="{d633bfe1-fbf3-44c1-9f34-fd642b7882d2}" />
        <AppModuleComponent type="26" id="{551008c5-f22f-4435-8087-5c1f7698ae2d}" />
        <AppModuleComponent type="1" schemaName="cr85a_zorgkorting" />
      </AppModuleComponents>
      <AppModuleRoleMaps>
        <Role id="{627090ff-40a3-4053-8790-584edc5be201}" />
        <Role id="{119f245c-3cc8-4b62-b31c-d1a046ced15d}" />
      </AppModuleRoleMaps>
      <LocalizedNames>
        <LocalizedName description="Divorce Expert Backoffice" languagecode="1033" />
      </LocalizedNames>
    </AppModule>
  </AppModules>
  <EntityDataProviders />
  <connectionreferences>
    <connectionreference connectionreferencelogicalname="cr85a_ServiceAccount_Connection">
      <connectionreferencedisplayname>Service Account Connection</connectionreferencedisplayname>
      <connectorid>/providers/Microsoft.PowerApps/apis/shared_commondataserviceforapps</connectorid>
      <description>Service Account Connection</description>
      <iscustomizable>1</iscustomizable>
      <statecode>0</statecode>
      <statuscode>1</statuscode>
    </connectionreference>
    <connectionreference connectionreferencelogicalname="cr85a_sharedcommondataservice_1e6af">
      <connectionreferencedisplayname>Microsoft Dataverse (legacy) SE_backoffice-1e6af</connectionreferencedisplayname>
      <connectorid>/providers/Microsoft.PowerApps/apis/shared_commondataservice</connectorid>
      <iscustomizable>1</iscustomizable>
      <statecode>0</statecode>
      <statuscode>1</statuscode>
    </connectionreference>
    <connectionreference connectionreferencelogicalname="cr85a_sharedcommondataservice_366cd">
      <connectionreferencedisplayname>Microsoft Dataverse (legacy) SE_backoffice-366cd</connectionreferencedisplayname>
      <connectorid>/providers/Microsoft.PowerApps/apis/shared_commondataservice</connectorid>
      <iscustomizable>1</iscustomizable>
      <statecode>0</statecode>
      <statuscode>1</statuscode>
    </connectionreference>
    <connectionreference connectionreferencelogicalname="cr85a_sharedcommondataservice_98f98">
      <connectionreferencedisplayname>Microsoft Dataverse (legacy)</connectionreferencedisplayname>
      <connectorid>/providers/Microsoft.PowerApps/apis/shared_commondataservice</connectorid>
      <iscustomizable>1</iscustomizable>
      <statecode>0</statecode>
      <statuscode>1</statuscode>
    </connectionreference>
    <connectionreference connectionreferencelogicalname="cr85a_sharedcommondataserviceforapps_eef4d">
      <connectionreferencedisplayname>Microsoft Dataverse</connectionreferencedisplayname>
      <connectorid>/providers/Microsoft.PowerApps/apis/shared_commondataserviceforapps</connectorid>
      <iscustomizable>1</iscustomizable>
      <statecode>0</statecode>
      <statuscode>1</statuscode>
    </connectionreference>
  </connectionreferences>
  <Languages>
    <Language>1033</Language>
    <Language>1043</Language>
  </Languages>
</ImportExportXml>