<ImportExportXml version="9.2.21112.136" SolutionPackageVersion="9.2" languagecode="1033" generatedBy="CrmLive" xmlns:xsi="http://www.w3.org/2001/XMLSchema-instance">
  <SolutionManifest>
    <UniqueName>SE_backoffice</UniqueName>
    <LocalizedNames>
      <LocalizedName description="SE_backoffice" languagecode="1033" />
    </LocalizedNames>
    <Descriptions />
    <Version>1.0.0.9</Version>
    <Managed>1</Managed>
    <Publisher>
      <UniqueName>Cra7d3e</UniqueName>
      <LocalizedNames>
        <LocalizedName description="Divorce Expert Publisher" languagecode="1033" />
      </LocalizedNames>
      <Descriptions />
      <EMailAddress xsi:nil="true"></EMailAddress>
      <SupportingWebsiteUrl xsi:nil="true"></SupportingWebsiteUrl>
      <CustomizationPrefix>cr85a</CustomizationPrefix>
      <CustomizationOptionValuePrefix>46928</CustomizationOptionValuePrefix>
      <Addresses>
        <Address>
          <AddressNumber>1</AddressNumber>
          <AddressTypeCode xsi:nil="true"></AddressTypeCode>
          <City xsi:nil="true"></City>
          <County xsi:nil="true"></County>
          <Country xsi:nil="true"></Country>
          <Fax xsi:nil="true"></Fax>
          <FreightTermsCode xsi:nil="true"></FreightTermsCode>
          <ImportSequenceNumber xsi:nil="true"></ImportSequenceNumber>
          <Latitude xsi:nil="true"></Latitude>
          <Line1 xsi:nil="true"></Line1>
          <Line2 xsi:nil="true"></Line2>
          <Line3 xsi:nil="true"></Line3>
          <Longitude xsi:nil="true"></Longitude>
          <Name xsi:nil="true"></Name>
          <PostalCode xsi:nil="true"></PostalCode>
          <PostOfficeBox xsi:nil="true"></PostOfficeBox>
          <PrimaryContactName xsi:nil="true"></PrimaryContactName>
          <ShippingMethodCode xsi:nil="true"></ShippingMethodCode>
          <StateOrProvince xsi:nil="true"></StateOrProvince>
          <Telephone1 xsi:nil="true"></Telephone1>
          <Telephone2 xsi:nil="true"></Telephone2>
          <Telephone3 xsi:nil="true"></Telephone3>
          <TimeZoneRuleVersionNumber xsi:nil="true"></TimeZoneRuleVersionNumber>
          <UPSZone xsi:nil="true"></UPSZone>
          <UTCOffset xsi:nil="true"></UTCOffset>
          <UTCConversionTimeZoneCode xsi:nil="true"></UTCConversionTimeZoneCode>
        </Address>
        <Address>
          <AddressNumber>2</AddressNumber>
          <AddressTypeCode xsi:nil="true"></AddressTypeCode>
          <City xsi:nil="true"></City>
          <County xsi:nil="true"></County>
          <Country xsi:nil="true"></Country>
          <Fax xsi:nil="true"></Fax>
          <FreightTermsCode xsi:nil="true"></FreightTermsCode>
          <ImportSequenceNumber xsi:nil="true"></ImportSequenceNumber>
          <Latitude xsi:nil="true"></Latitude>
          <Line1 xsi:nil="true"></Line1>
          <Line2 xsi:nil="true"></Line2>
          <Line3 xsi:nil="true"></Line3>
          <Longitude xsi:nil="true"></Longitude>
          <Name xsi:nil="true"></Name>
          <PostalCode xsi:nil="true"></PostalCode>
          <PostOfficeBox xsi:nil="true"></PostOfficeBox>
          <PrimaryContactName xsi:nil="true"></PrimaryContactName>
          <ShippingMethodCode xsi:nil="true"></ShippingMethodCode>
          <StateOrProvince xsi:nil="true"></StateOrProvince>
          <Telephone1 xsi:nil="true"></Telephone1>
          <Telephone2 xsi:nil="true"></Telephone2>
          <Telephone3 xsi:nil="true"></Telephone3>
          <TimeZoneRuleVersionNumber xsi:nil="true"></TimeZoneRuleVersionNumber>
          <UPSZone xsi:nil="true"></UPSZone>
          <UTCOffset xsi:nil="true"></UTCOffset>
          <UTCConversionTimeZoneCode xsi:nil="true"></UTCConversionTimeZoneCode>
        </Address>
      </Addresses>
    </Publisher>
    <RootComponents>
      <RootComponent type="29" id="{bd4458c0-4312-ec11-b6e6-6045bd87271c}" behavior="0" />
      <RootComponent type="62" schemaName="cr85a_DivorceExpertBackoffice" behavior="0" />
      <RootComponent type="80" schemaName="cr85a_DivorceExpertBackoffice" behavior="0" />
      <RootComponent type="91" id="{4df64454-75ca-44ee-a4f4-8fd487343fa9}" schemaName="IGH.DivorceExperts.Backoffice, Version=1.0.0.0, Culture=neutral, PublicKeyToken=8d286b01bf808f0b" behavior="0" />
      <RootComponent type="92" id="{915ef474-7348-ec11-8c62-6045bd8db774}" behavior="0" />
      <RootComponent type="92" id="{94ab3608-7b15-ec11-b6e6-6045bd887830}" behavior="0" />
      <RootComponent type="92" id="{d6f009bc-0247-ec11-8c62-6045bd8db774}" behavior="0" />
      <RootComponent type="92" id="{de5e1c1d-7b15-ec11-b6e6-6045bd887830}" behavior="0" />
      <RootComponent type="92" id="{e004308c-7a48-ec11-8c62-6045bd8db774}" behavior="0" />
    </RootComponents>
    <MissingDependencies>
      <MissingDependency>
        <Required type="1" schemaName="cr85a_aowleeftijd" displayName="AOW Leeftijd" solution="Active" />
        <Dependent type="29" displayName="Yellow Sheet Version - Clone" id="{bd4458c0-4312-ec11-b6e6-6045bd87271c}" />
      </MissingDependency>
      <MissingDependency>
        <Required type="1" schemaName="cr85a_aowleeftijd" displayName="AOW Leeftijd" solution="Active" />
        <Dependent type="80" schemaName="cr85a_DivorceExpertBackoffice" displayName="Divorce Expert Backoffice" />
      </MissingDependency>
      <MissingDependency>
        <Required type="1" schemaName="cr85a_bezitschuldcode" displayName="BezitSchuldCode" solution="Active" />
        <Dependent type="29" displayName="Yellow Sheet Version - Clone" id="{bd4458c0-4312-ec11-b6e6-6045bd87271c}" />
      </MissingDependency>
      <MissingDependency>
        <Required type="1" schemaName="cr85a_bezitschuldcode" displayName="BezitSchuldCode" solution="Active" />
        <Dependent type="80" schemaName="cr85a_DivorceExpertBackoffice" displayName="Divorce Expert Backoffice" />
      </MissingDependency>
      <MissingDependency>
        <Required type="1" schemaName="cr85a_dossier" displayName="Dossier" solution="Active" />
        <Dependent type="92" id="{e004308c-7a48-ec11-8c62-6045bd8db774}" />
      </MissingDependency>
      <MissingDependency>
        <Required type="1" schemaName="cr85a_draagkracht" displayName="Draagkracht" solution="Active" />
        <Dependent type="29" displayName="Yellow Sheet Version - Clone" id="{bd4458c0-4312-ec11-b6e6-6045bd87271c}" />
      </MissingDependency>
      <MissingDependency>
        <Required type="1" schemaName="cr85a_draagkracht" displayName="Draagkracht" solution="Active" />
        <Dependent type="80" schemaName="cr85a_DivorceExpertBackoffice" displayName="Divorce Expert Backoffice" />
      </MissingDependency>
      <MissingDependency>
        <Required type="1" schemaName="cr85a_draagkrachtandbijstand" displayName="DraagkrachtAndBijstand" solution="Active" />
        <Dependent type="29" displayName="Yellow Sheet Version - Clone" id="{bd4458c0-4312-ec11-b6e6-6045bd87271c}" />
      </MissingDependency>
      <MissingDependency>
        <Required type="1" schemaName="cr85a_draagkrachtandbijstand" displayName="DraagkrachtAndBijstand" solution="Active" />
        <Dependent type="80" schemaName="cr85a_DivorceExpertBackoffice" displayName="Divorce Expert Backoffice" />
      </MissingDependency>
      <MissingDependency>
        <Required type="1" schemaName="cr85a_eigenwoningenhypotheek" displayName="Eigen woning en hypotheek" solution="Active" />
        <Dependent type="29" displayName="Yellow Sheet Version - Clone" id="{bd4458c0-4312-ec11-b6e6-6045bd87271c}" />
      </MissingDependency>
      <MissingDependency>
        <Required type="1" schemaName="cr85a_eigenwoningenhypotheek" displayName="Eigen woning en hypotheek" solution="Active" />
        <Dependent type="80" schemaName="cr85a_DivorceExpertBackoffice" displayName="Divorce Expert Backoffice" />
      </MissingDependency>
      <MissingDependency>
        <Required type="1" schemaName="cr85a_fictiefrendementbelasting" displayName="FictiefRendementBelasting" solution="Active" />
        <Dependent type="29" displayName="Yellow Sheet Version - Clone" id="{bd4458c0-4312-ec11-b6e6-6045bd87271c}" />
      </MissingDependency>
      <MissingDependency>
        <Required type="1" schemaName="cr85a_fictiefrendementbelasting" displayName="FictiefRendementBelasting" solution="Active" />
        <Dependent type="80" schemaName="cr85a_DivorceExpertBackoffice" displayName="Divorce Expert Backoffice" />
      </MissingDependency>
      <MissingDependency>
        <Required type="1" schemaName="cr85a_fictiefrendementoverig" displayName="Fictief Rendement Overig" solution="Active" />
        <Dependent type="29" displayName="Yellow Sheet Version - Clone" id="{bd4458c0-4312-ec11-b6e6-6045bd87271c}" />
      </MissingDependency>
      <MissingDependency>
        <Required type="1" schemaName="cr85a_fictiefrendementoverig" displayName="Fictief Rendement Overig" solution="Active" />
        <Dependent type="80" schemaName="cr85a_DivorceExpertBackoffice" displayName="Divorce Expert Backoffice" />
      </MissingDependency>
      <MissingDependency>
        <Required type="1" schemaName="cr85a_fiscalegegevens" displayName="Fiscale gegevens" solution="Active" />
        <Dependent type="29" displayName="Yellow Sheet Version - Clone" id="{bd4458c0-4312-ec11-b6e6-6045bd87271c}" />
      </MissingDependency>
      <MissingDependency>
        <Required type="1" schemaName="cr85a_fiscalegegevens" displayName="Fiscale gegevens" solution="Active" />
        <Dependent type="80" schemaName="cr85a_DivorceExpertBackoffice" displayName="Divorce Expert Backoffice" />
      </MissingDependency>
      <MissingDependency>
        <Required type="1" schemaName="cr85a_gegevenszvw" displayName="GegevensZVW" solution="Active" />
        <Dependent type="29" displayName="Yellow Sheet Version - Clone" id="{bd4458c0-4312-ec11-b6e6-6045bd87271c}" />
      </MissingDependency>
      <MissingDependency>
        <Required type="1" schemaName="cr85a_gegevenszvw" displayName="GegevensZVW" solution="Active" />
        <Dependent type="80" schemaName="cr85a_DivorceExpertBackoffice" displayName="Divorce Expert Backoffice" />
      </MissingDependency>
      <MissingDependency>
        <Required type="1" schemaName="cr85a_heffingskortingen" displayName="Heffingskortingen" solution="Active" />
        <Dependent type="29" displayName="Yellow Sheet Version - Clone" id="{bd4458c0-4312-ec11-b6e6-6045bd87271c}" />
      </MissingDependency>
      <MissingDependency>
        <Required type="1" schemaName="cr85a_heffingskortingen" displayName="Heffingskortingen" solution="Active" />
        <Dependent type="80" schemaName="cr85a_DivorceExpertBackoffice" displayName="Divorce Expert Backoffice" />
      </MissingDependency>
      <MissingDependency>
        <Required type="1" schemaName="cr85a_inkomensbelasting" displayName="Inkomens Belasting" solution="Active" />
        <Dependent type="29" displayName="Yellow Sheet Version - Clone" id="{bd4458c0-4312-ec11-b6e6-6045bd87271c}" />
      </MissingDependency>
      <MissingDependency>
        <Required type="1" schemaName="cr85a_inkomensbelasting" displayName="Inkomens Belasting" solution="Active" />
        <Dependent type="80" schemaName="cr85a_DivorceExpertBackoffice" displayName="Divorce Expert Backoffice" />
      </MissingDependency>
      <MissingDependency>
        <Required type="1" schemaName="cr85a_kgb" displayName="KGB" solution="Active" />
        <Dependent type="29" displayName="Yellow Sheet Version - Clone" id="{bd4458c0-4312-ec11-b6e6-6045bd87271c}" />
      </MissingDependency>
      <MissingDependency>
        <Required type="1" schemaName="cr85a_kgb" displayName="KGB" solution="Active" />
        <Dependent type="80" schemaName="cr85a_DivorceExpertBackoffice" displayName="Divorce Expert Backoffice" />
      </MissingDependency>
      <MissingDependency>
        <Required type="1" schemaName="cr85a_kinderbijslag" displayName="Kinderbijslag" solution="Active" />
        <Dependent type="29" displayName="Yellow Sheet Version - Clone" id="{bd4458c0-4312-ec11-b6e6-6045bd87271c}" />
      </MissingDependency>
      <MissingDependency>
        <Required type="1" schemaName="cr85a_kinderbijslag" displayName="Kinderbijslag" solution="Active" />
        <Dependent type="80" schemaName="cr85a_DivorceExpertBackoffice" displayName="Divorce Expert Backoffice" />
      </MissingDependency>
      <MissingDependency>
        <Required type="1" schemaName="cr85a_kostenkinderen" displayName="KostenKinderen" solution="Active" />
        <Dependent type="29" displayName="Yellow Sheet Version - Clone" id="{bd4458c0-4312-ec11-b6e6-6045bd87271c}" />
      </MissingDependency>
      <MissingDependency>
        <Required type="1" schemaName="cr85a_kostenkinderen" displayName="KostenKinderen" solution="Active" />
        <Dependent type="80" schemaName="cr85a_DivorceExpertBackoffice" displayName="Divorce Expert Backoffice" />
      </MissingDependency>
      <MissingDependency>
        <Required type="1" schemaName="cr85a_minmax" displayName="MinMax" solution="Active" />
        <Dependent type="29" displayName="Yellow Sheet Version - Clone" id="{bd4458c0-4312-ec11-b6e6-6045bd87271c}" />
      </MissingDependency>
      <MissingDependency>
        <Required type="1" schemaName="cr85a_minmax" displayName="MinMax" solution="Active" />
        <Dependent type="80" schemaName="cr85a_DivorceExpertBackoffice" displayName="Divorce Expert Backoffice" />
      </MissingDependency>
      <MissingDependency>
        <Required type="1" schemaName="cr85a_ouderentoeslagbox3" displayName="Ouderentoeslagbox3" solution="Active" />
        <Dependent type="29" displayName="Yellow Sheet Version - Clone" id="{bd4458c0-4312-ec11-b6e6-6045bd87271c}" />
      </MissingDependency>
      <MissingDependency>
        <Required type="1" schemaName="cr85a_ouderentoeslagbox3" displayName="Ouderentoeslagbox3" solution="Active" />
        <Dependent type="80" schemaName="cr85a_DivorceExpertBackoffice" displayName="Divorce Expert Backoffice" />
      </MissingDependency>
      <MissingDependency>
        <Required type="1" schemaName="cr85a_wsf" displayName="WSF" solution="Active" />
        <Dependent type="29" displayName="Yellow Sheet Version - Clone" id="{bd4458c0-4312-ec11-b6e6-6045bd87271c}" />
      </MissingDependency>
      <MissingDependency>
        <Required type="1" schemaName="cr85a_wsf" displayName="WSF" solution="Active" />
        <Dependent type="80" schemaName="cr85a_DivorceExpertBackoffice" displayName="Divorce Expert Backoffice" />
      </MissingDependency>
      <MissingDependency>
        <Required type="1" schemaName="cr85a_yellowsheetversion" displayName="Yellow Sheet Version" solution="Active" />
        <Dependent type="29" displayName="Yellow Sheet Version - Clone" id="{bd4458c0-4312-ec11-b6e6-6045bd87271c}" />
      </MissingDependency>
      <MissingDependency>
        <Required type="1" schemaName="cr85a_yellowsheetversion" displayName="Yellow Sheet Version" solution="Active" />
        <Dependent type="62" schemaName="cr85a_DivorceExpertBackoffice" />
      </MissingDependency>
      <MissingDependency>
        <Required type="1" schemaName="cr85a_yellowsheetversion" displayName="Yellow Sheet Version" solution="Active" />
        <Dependent type="80" schemaName="cr85a_DivorceExpertBackoffice" displayName="Divorce Expert Backoffice" />
      </MissingDependency>
      <MissingDependency>
        <Required type="1" schemaName="cr85a_yellowsheetversion" displayName="Yellow Sheet Version" solution="Active" />
        <Dependent type="92" displayName="IGH.DivorceExperts.Backoffice.Plugins.YellowSheetVersion.PreCreate_Sync: Create of cr85a_yellowsheetversion" id="{94ab3608-7b15-ec11-b6e6-6045bd887830}" />
      </MissingDependency>
      <MissingDependency>
        <Required type="1" schemaName="cr85a_yellowsheetversion" displayName="Yellow Sheet Version" solution="Active" />
        <Dependent type="92" displayName="IGH.DivorceExperts.Backoffice.Plugins.YellowSheetVersion.PreUpdate_Sync: Update of cr85a_yellowsheetversion" id="{de5e1c1d-7b15-ec11-b6e6-6045bd887830}" />
      </MissingDependency>
      <MissingDependency>
        <Required type="1" schemaName="cr85a_yellowsheetversion" displayName="Yellow Sheet Version" solution="Active" />
        <Dependent type="93" id="{2af35f27-7b15-ec11-b6e6-6045bd887830}" />
      </MissingDependency>
      <MissingDependency>
        <Required type="1" schemaName="cr85a_zorgkorting" displayName="Zorgkorting" solution="Active" />
        <Dependent type="29" displayName="Yellow Sheet Version - Clone" id="{bd4458c0-4312-ec11-b6e6-6045bd87271c}" />
      </MissingDependency>
      <MissingDependency>
        <Required type="1" schemaName="cr85a_zorgkorting" displayName="Zorgkorting" solution="Active" />
        <Dependent type="80" schemaName="cr85a_DivorceExpertBackoffice" displayName="Divorce Expert Backoffice" />
      </MissingDependency>
      <MissingDependency>
        <Required type="2" schemaName="cr85a_startdate" displayName="Start Date" parentSchemaName="cr85a_yellowsheetversion" parentDisplayName="Yellow Sheet Version" solution="Active" />
        <Dependent type="92" displayName="IGH.DivorceExperts.Backoffice.Plugins.YellowSheetVersion.PreUpdate_Sync: Update of cr85a_yellowsheetversion" id="{de5e1c1d-7b15-ec11-b6e6-6045bd887830}" />
      </MissingDependency>
      <MissingDependency>
        <Required type="2" schemaName="cr85a_startdate" displayName="Start Date" parentSchemaName="cr85a_yellowsheetversion" parentDisplayName="Yellow Sheet Version" solution="Active" />
        <Dependent type="93" id="{2af35f27-7b15-ec11-b6e6-6045bd887830}" />
      </MissingDependency>
      <MissingDependency>
        <Required type="2" schemaName="cr85a_yellowsheetversionno" displayName="Yellow Sheet Version No" parentSchemaName="cr85a_yellowsheetversion" parentDisplayName="Yellow Sheet Version" solution="Active" />
        <Dependent type="92" displayName="IGH.DivorceExperts.Backoffice.Plugins.YellowSheetVersion.PreUpdate_Sync: Update of cr85a_yellowsheetversion" id="{de5e1c1d-7b15-ec11-b6e6-6045bd887830}" />
      </MissingDependency>
      <MissingDependency>
        <Required type="2" schemaName="cr85a_yellowsheetversionno" displayName="Yellow Sheet Version No" parentSchemaName="cr85a_yellowsheetversion" parentDisplayName="Yellow Sheet Version" solution="Active" />
        <Dependent type="93" id="{2af35f27-7b15-ec11-b6e6-6045bd887830}" />
      </MissingDependency>
      <MissingDependency>
        <Required type="2" schemaName="statuscode" displayName="Status Reason" parentSchemaName="cr85a_yellowsheetversion" parentDisplayName="Yellow Sheet Version" solution="Active" />
        <Dependent type="92" displayName="IGH.DivorceExperts.Backoffice.Plugins.YellowSheetVersion.PreUpdate_Sync: Update of cr85a_yellowsheetversion" id="{de5e1c1d-7b15-ec11-b6e6-6045bd887830}" />
      </MissingDependency>
      <MissingDependency>
        <Required type="2" schemaName="statuscode" displayName="Status Reason" parentSchemaName="cr85a_yellowsheetversion" parentDisplayName="Yellow Sheet Version" solution="Active" />
        <Dependent type="93" id="{2af35f27-7b15-ec11-b6e6-6045bd887830}" />
      </MissingDependency>
      <MissingDependency>
        <Required type="26" schemaName="YellowSheetVersion Advanced Find View" displayName="YellowSheetVersion Advanced Find View" parentSchemaName="cr85a_yellowsheetversion" parentDisplayName="Yellow Sheet Version" solution="Active" id="{08033c1c-6655-42ae-b698-8c25d9ea5806}" />
        <Dependent type="80" schemaName="cr85a_DivorceExpertBackoffice" displayName="Divorce Expert Backoffice" />
      </MissingDependency>
      <MissingDependency>
        <Required type="26" schemaName="All Contacts" displayName="All Contacts" parentSchemaName="contact" parentDisplayName="Contact" solution="msdynce_AppCommon (9.0.4.0066)" id="{0d5d377b-5e7c-47b5-bab1-a5cb8b4ac105}">
          <package>msdynce_AppCommonAnchor (9.0.21111.10001)</package>
        </Required>
        <Dependent type="80" schemaName="cr85a_DivorceExpertBackoffice" displayName="Divorce Expert Backoffice" />
      </MissingDependency>
      <MissingDependency>
        <Required type="26" schemaName="YellowSheetVersion Lookup View" displayName="YellowSheetVersion Lookup View" parentSchemaName="cr85a_yellowsheetversion" parentDisplayName="Yellow Sheet Version" solution="Active" id="{551008c5-f22f-4435-8087-5c1f7698ae2d}" />
        <Dependent type="80" schemaName="cr85a_DivorceExpertBackoffice" displayName="Divorce Expert Backoffice" />
      </MissingDependency>
      <MissingDependency>
        <Required type="26" schemaName="Yellow Sheet Versions" displayName="Yellow Sheet Versions" parentSchemaName="cr85a_yellowsheetversion" parentDisplayName="Yellow Sheet Version" solution="Active" id="{696b362e-3812-ec11-b6e6-6045bd87271c}" />
        <Dependent type="80" schemaName="cr85a_DivorceExpertBackoffice" displayName="Divorce Expert Backoffice" />
      </MissingDependency>
      <MissingDependency>
        <Required type="26" schemaName="YellowSheetVersion Associated View" displayName="YellowSheetVersion Associated View" parentSchemaName="cr85a_yellowsheetversion" parentDisplayName="Yellow Sheet Version" solution="Active" id="{d633bfe1-fbf3-44c1-9f34-fd642b7882d2}" />
        <Dependent type="80" schemaName="cr85a_DivorceExpertBackoffice" displayName="Divorce Expert Backoffice" />
      </MissingDependency>
      <MissingDependency>
        <Required type="61" schemaName="msdyn_/Images/AppModule_Default_Icon.png" displayName="msdyn_/Images/AppModule_Default_Icon.png" solution="AppModuleWebResources (2.5)" />
        <Dependent type="80" schemaName="cr85a_DivorceExpertBackoffice" displayName="Divorce Expert Backoffice" />
      </MissingDependency>
    </MissingDependencies>
  </SolutionManifest>
</ImportExportXml>