<ImportExportXml xmlns:xsi="http://www.w3.org/2001/XMLSchema-instance">
  <Entities></Entities>
  <Roles></Roles>
  <Workflows>
    <Workflow WorkflowId="{596b1ddf-269e-eb11-b1ac-000d3a21153a}" Name="Create Or Update Income">
      <JsonFileName>/Workflows/CreateOrUpdateIncome-596B1DDF-269E-EB11-B1AC-000D3A21153A.json</JsonFileName>
      <Type>1</Type>
      <Subprocess>0</Subprocess>
      <Category>5</Category>
      <Mode>0</Mode>
      <Scope>4</Scope>
      <OnDemand>0</OnDemand>
      <TriggerOnCreate>0</TriggerOnCreate>
      <TriggerOnDelete>0</TriggerOnDelete>
      <AsyncAutodelete>0</AsyncAutodelete>
      <SyncWorkflowLogOnFailure>0</SyncWorkflowLogOnFailure>
      <StateCode>1</StateCode>
      <StatusCode>2</StatusCode>
      <RunAs>1</RunAs>
      <IsTransacted>1</IsTransacted>
      <IntroducedVersion>1.0.0.4</IntroducedVersion>
      <IsCustomizable>1</IsCustomizable>
      <IsCustomProcessingStepAllowedForOtherPublishers>1</IsCustomProcessingStepAllowedForOtherPublishers>
      <PrimaryEntity>none</PrimaryEntity>
      <LocalizedNames>
        <LocalizedName languagecode="1033" description="Create Or Update Income" />
      </LocalizedNames>
    </Workflow>
    <Workflow WorkflowId="{c25e9d57-9a9b-eb11-b1ac-000d3a21153a}" Name="Create Or Update Pension">
      <JsonFileName>/Workflows/CreateOrUpdatePension-C25E9D57-9A9B-EB11-B1AC-000D3A21153A.json</JsonFileName>
      <Type>1</Type>
      <Subprocess>0</Subprocess>
      <Category>5</Category>
      <Mode>0</Mode>
      <Scope>4</Scope>
      <OnDemand>0</OnDemand>
      <TriggerOnCreate>0</TriggerOnCreate>
      <TriggerOnDelete>0</TriggerOnDelete>
      <AsyncAutodelete>0</AsyncAutodelete>
      <SyncWorkflowLogOnFailure>0</SyncWorkflowLogOnFailure>
      <StateCode>1</StateCode>
      <StatusCode>2</StatusCode>
      <RunAs>1</RunAs>
      <IsTransacted>1</IsTransacted>
      <IntroducedVersion>1.0.0.3</IntroducedVersion>
      <IsCustomizable>1</IsCustomizable>
      <IsCustomProcessingStepAllowedForOtherPublishers>1</IsCustomProcessingStepAllowedForOtherPublishers>
      <PrimaryEntity>none</PrimaryEntity>
      <LocalizedNames>
        <LocalizedName languagecode="1033" description="Create Or Update Pension" />
      </LocalizedNames>
    </Workflow>
    <Workflow WorkflowId="{c35e9d57-9a9b-eb11-b1ac-000d3a21153a}" Name="Delete Document">
      <JsonFileName>/Workflows/DeleteDocument-C35E9D57-9A9B-EB11-B1AC-000D3A21153A.json</JsonFileName>
      <Type>1</Type>
      <Subprocess>0</Subprocess>
      <Category>5</Category>
      <Mode>0</Mode>
      <Scope>4</Scope>
      <OnDemand>0</OnDemand>
      <TriggerOnCreate>0</TriggerOnCreate>
      <TriggerOnDelete>0</TriggerOnDelete>
      <AsyncAutodelete>0</AsyncAutodelete>
      <SyncWorkflowLogOnFailure>0</SyncWorkflowLogOnFailure>
      <StateCode>1</StateCode>
      <StatusCode>2</StatusCode>
      <RunAs>1</RunAs>
      <IsTransacted>1</IsTransacted>
      <IntroducedVersion>1.0.0.3</IntroducedVersion>
      <IsCustomizable>1</IsCustomizable>
      <IsCustomProcessingStepAllowedForOtherPublishers>1</IsCustomProcessingStepAllowedForOtherPublishers>
      <PrimaryEntity>none</PrimaryEntity>
      <LocalizedNames>
        <LocalizedName languagecode="1033" description="Delete Document" />
      </LocalizedNames>
    </Workflow>
    <Workflow WorkflowId="{c45e9d57-9a9b-eb11-b1ac-000d3a21153a}" Name="Create or Update Salary">
      <JsonFileName>/Workflows/CreateorUpdateSalary-C45E9D57-9A9B-EB11-B1AC-000D3A21153A.json</JsonFileName>
      <Type>1</Type>
      <Subprocess>0</Subprocess>
      <Category>5</Category>
      <Mode>0</Mode>
      <Scope>4</Scope>
      <OnDemand>0</OnDemand>
      <TriggerOnCreate>0</TriggerOnCreate>
      <TriggerOnDelete>0</TriggerOnDelete>
      <AsyncAutodelete>0</AsyncAutodelete>
      <SyncWorkflowLogOnFailure>0</SyncWorkflowLogOnFailure>
      <StateCode>1</StateCode>
      <StatusCode>2</StatusCode>
      <RunAs>1</RunAs>
      <IsTransacted>1</IsTransacted>
      <IntroducedVersion>1.0.0.3</IntroducedVersion>
      <IsCustomizable>1</IsCustomizable>
      <IsCustomProcessingStepAllowedForOtherPublishers>1</IsCustomProcessingStepAllowedForOtherPublishers>
      <PrimaryEntity>none</PrimaryEntity>
      <LocalizedNames>
        <LocalizedName languagecode="1033" description="Create or Update Salary" />
      </LocalizedNames>
    </Workflow>
    <Workflow WorkflowId="{c55e9d57-9a9b-eb11-b1ac-000d3a21153a}" Name="CreateOrUpdate IncomeWealthBox3">
      <JsonFileName>/Workflows/CreateOrUpdateIncomeWealthBox3-C55E9D57-9A9B-EB11-B1AC-000D3A21153A.json</JsonFileName>
      <Type>1</Type>
      <Subprocess>0</Subprocess>
      <Category>5</Category>
      <Mode>0</Mode>
      <Scope>4</Scope>
      <OnDemand>0</OnDemand>
      <TriggerOnCreate>0</TriggerOnCreate>
      <TriggerOnDelete>0</TriggerOnDelete>
      <AsyncAutodelete>0</AsyncAutodelete>
      <SyncWorkflowLogOnFailure>0</SyncWorkflowLogOnFailure>
      <StateCode>1</StateCode>
      <StatusCode>2</StatusCode>
      <RunAs>1</RunAs>
      <IsTransacted>1</IsTransacted>
      <IntroducedVersion>1.0.0.3</IntroducedVersion>
      <IsCustomizable>1</IsCustomizable>
      <IsCustomProcessingStepAllowedForOtherPublishers>1</IsCustomProcessingStepAllowedForOtherPublishers>
      <PrimaryEntity>none</PrimaryEntity>
      <LocalizedNames>
        <LocalizedName languagecode="1033" description="CreateOrUpdate IncomeWealthBox3" />
      </LocalizedNames>
    </Workflow>
    <Workflow WorkflowId="{c4299c5a-fb9e-eb11-b1ac-000d3a4cd643}" Name="Rebuild Income Index">
      <JsonFileName>/Workflows/RebuildIncomeIndex-C4299C5A-FB9E-EB11-B1AC-000D3A4CD643.json</JsonFileName>
      <Type>1</Type>
      <Subprocess>0</Subprocess>
      <Category>5</Category>
      <Mode>0</Mode>
      <Scope>4</Scope>
      <OnDemand>0</OnDemand>
      <TriggerOnCreate>0</TriggerOnCreate>
      <TriggerOnDelete>0</TriggerOnDelete>
      <AsyncAutodelete>0</AsyncAutodelete>
      <SyncWorkflowLogOnFailure>0</SyncWorkflowLogOnFailure>
      <StateCode>1</StateCode>
      <StatusCode>2</StatusCode>
      <RunAs>1</RunAs>
      <IsTransacted>1</IsTransacted>
      <IntroducedVersion>1.0.0.4</IntroducedVersion>
      <IsCustomizable>1</IsCustomizable>
      <IsCustomProcessingStepAllowedForOtherPublishers>1</IsCustomProcessingStepAllowedForOtherPublishers>
      <PrimaryEntity>none</PrimaryEntity>
      <LocalizedNames>
        <LocalizedName languagecode="1033" description="Rebuild Income Index" />
      </LocalizedNames>
    </Workflow>
    <Workflow WorkflowId="{d35e9d57-9a9b-eb11-b1ac-000d3a21153a}" Name="Delete IncomeRef and Income">
      <JsonFileName>/Workflows/DeleteIncomeRefandIncome-D35E9D57-9A9B-EB11-B1AC-000D3A21153A.json</JsonFileName>
      <Type>1</Type>
      <Subprocess>0</Subprocess>
      <Category>5</Category>
      <Mode>0</Mode>
      <Scope>4</Scope>
      <OnDemand>0</OnDemand>
      <TriggerOnCreate>0</TriggerOnCreate>
      <TriggerOnDelete>0</TriggerOnDelete>
      <AsyncAutodelete>0</AsyncAutodelete>
      <SyncWorkflowLogOnFailure>0</SyncWorkflowLogOnFailure>
      <StateCode>1</StateCode>
      <StatusCode>2</StatusCode>
      <RunAs>1</RunAs>
      <IsTransacted>1</IsTransacted>
      <IntroducedVersion>1.0.0.3</IntroducedVersion>
      <IsCustomizable>1</IsCustomizable>
      <IsCustomProcessingStepAllowedForOtherPublishers>1</IsCustomProcessingStepAllowedForOtherPublishers>
      <PrimaryEntity>none</PrimaryEntity>
      <LocalizedNames>
        <LocalizedName languagecode="1033" description="Delete IncomeRef and Income" />
      </LocalizedNames>
    </Workflow>
    <Workflow WorkflowId="{e05e9d57-9a9b-eb11-b1ac-000d3a21153a}" Name="Save Document">
      <JsonFileName>/Workflows/SaveDocument-E05E9D57-9A9B-EB11-B1AC-000D3A21153A.json</JsonFileName>
      <Type>1</Type>
      <Subprocess>0</Subprocess>
      <Category>5</Category>
      <Mode>0</Mode>
      <Scope>4</Scope>
      <OnDemand>0</OnDemand>
      <TriggerOnCreate>0</TriggerOnCreate>
      <TriggerOnDelete>0</TriggerOnDelete>
      <AsyncAutodelete>0</AsyncAutodelete>
      <SyncWorkflowLogOnFailure>0</SyncWorkflowLogOnFailure>
      <StateCode>1</StateCode>
      <StatusCode>2</StatusCode>
      <RunAs>1</RunAs>
      <IsTransacted>1</IsTransacted>
      <IntroducedVersion>1.0.0.3</IntroducedVersion>
      <IsCustomizable>1</IsCustomizable>
      <IsCustomProcessingStepAllowedForOtherPublishers>1</IsCustomProcessingStepAllowedForOtherPublishers>
      <PrimaryEntity>none</PrimaryEntity>
      <LocalizedNames>
        <LocalizedName languagecode="1033" description="Save Document" />
      </LocalizedNames>
    </Workflow>
    <Workflow WorkflowId="{ec5e9d57-9a9b-eb11-b1ac-000d3a21153a}" Name="Create Or Update Social Allowance">
      <JsonFileName>/Workflows/CreateOrUpdateSocialAllowance-EC5E9D57-9A9B-EB11-B1AC-000D3A21153A.json</JsonFileName>
      <Type>1</Type>
      <Subprocess>0</Subprocess>
      <Category>5</Category>
      <Mode>0</Mode>
      <Scope>4</Scope>
      <OnDemand>0</OnDemand>
      <TriggerOnCreate>0</TriggerOnCreate>
      <TriggerOnDelete>0</TriggerOnDelete>
      <AsyncAutodelete>0</AsyncAutodelete>
      <SyncWorkflowLogOnFailure>0</SyncWorkflowLogOnFailure>
      <StateCode>1</StateCode>
      <StatusCode>2</StatusCode>
      <RunAs>1</RunAs>
      <IsTransacted>1</IsTransacted>
      <IntroducedVersion>1.0.0.3</IntroducedVersion>
      <IsCustomizable>1</IsCustomizable>
      <IsCustomProcessingStepAllowedForOtherPublishers>1</IsCustomProcessingStepAllowedForOtherPublishers>
      <PrimaryEntity>none</PrimaryEntity>
      <LocalizedNames>
        <LocalizedName languagecode="1033" description="Create Or Update Social Allowance" />
      </LocalizedNames>
    </Workflow>
    <Workflow WorkflowId="{83921ebe-fe9d-eb11-b1ac-000d3a21153a}" Name="Save Private Asset Check">
      <JsonFileName>/Workflows/SavePrivateAssetCheck-83921EBE-FE9D-EB11-B1AC-000D3A21153A.json</JsonFileName>
      <Type>1</Type>
      <Subprocess>0</Subprocess>
      <Category>5</Category>
      <Mode>0</Mode>
      <Scope>4</Scope>
      <OnDemand>0</OnDemand>
      <TriggerOnCreate>0</TriggerOnCreate>
      <TriggerOnDelete>0</TriggerOnDelete>
      <AsyncAutodelete>0</AsyncAutodelete>
      <SyncWorkflowLogOnFailure>0</SyncWorkflowLogOnFailure>
      <StateCode>1</StateCode>
      <StatusCode>2</StatusCode>
      <RunAs>1</RunAs>
      <IsTransacted>1</IsTransacted>
      <IntroducedVersion>1.0.0.0</IntroducedVersion>
      <IsCustomizable>1</IsCustomizable>
      <IsCustomProcessingStepAllowedForOtherPublishers>1</IsCustomProcessingStepAllowedForOtherPublishers>
      <PrimaryEntity>none</PrimaryEntity>
      <LocalizedNames>
        <LocalizedName languagecode="1033" description="Save Private Asset Check" />
      </LocalizedNames>
    </Workflow>
    <Workflow WorkflowId="{9b6b0e46-009e-eb11-b1ac-000d3a21153a}" Name="Create Or Update Child">
      <JsonFileName>/Workflows/CreateOrUpdateChild-9B6B0E46-009E-EB11-B1AC-000D3A21153A.json</JsonFileName>
      <Type>1</Type>
      <Subprocess>0</Subprocess>
      <Category>5</Category>
      <Mode>0</Mode>
      <Scope>4</Scope>
      <OnDemand>0</OnDemand>
      <TriggerOnCreate>0</TriggerOnCreate>
      <TriggerOnDelete>0</TriggerOnDelete>
      <AsyncAutodelete>0</AsyncAutodelete>
      <SyncWorkflowLogOnFailure>0</SyncWorkflowLogOnFailure>
      <StateCode>1</StateCode>
      <StatusCode>2</StatusCode>
      <RunAs>1</RunAs>
      <IsTransacted>1</IsTransacted>
      <IntroducedVersion>1.0.0.4</IntroducedVersion>
      <IsCustomizable>1</IsCustomizable>
      <IsCustomProcessingStepAllowedForOtherPublishers>1</IsCustomProcessingStepAllowedForOtherPublishers>
      <PrimaryEntity>none</PrimaryEntity>
      <LocalizedNames>
        <LocalizedName languagecode="1033" description="Create Or Update Child" />
      </LocalizedNames>
    </Workflow>
    <Workflow WorkflowId="{37c41e49-1537-ec11-8c64-000d3a282769}" Name="save Authorizations">
      <JsonFileName>/Workflows/saveAuthorizations-37C41E49-1537-EC11-8C64-000D3A282769.json</JsonFileName>
      <Type>1</Type>
      <Subprocess>0</Subprocess>
      <Category>5</Category>
      <Mode>0</Mode>
      <Scope>4</Scope>
      <OnDemand>0</OnDemand>
      <TriggerOnCreate>0</TriggerOnCreate>
      <TriggerOnDelete>0</TriggerOnDelete>
      <AsyncAutodelete>0</AsyncAutodelete>
      <SyncWorkflowLogOnFailure>0</SyncWorkflowLogOnFailure>
      <StateCode>1</StateCode>
      <StatusCode>2</StatusCode>
      <RunAs>1</RunAs>
      <IsTransacted>1</IsTransacted>
      <IntroducedVersion>1.0.0.8</IntroducedVersion>
      <IsCustomizable>1</IsCustomizable>
      <IsCustomProcessingStepAllowedForOtherPublishers>1</IsCustomProcessingStepAllowedForOtherPublishers>
      <PrimaryEntity>none</PrimaryEntity>
      <LocalizedNames>
        <LocalizedName languagecode="1033" description="save Authorizations" />
      </LocalizedNames>
    </Workflow>
    <Workflow WorkflowId="{fdfeef1e-76cf-eb11-bacc-000d3a2a54ed}" Name="CreateOrUpdate Residential AD">
      <JsonFileName>/Workflows/CreateOrUpdateResidentialAD-FDFEEF1E-76CF-EB11-BACC-000D3A2A54ED.json</JsonFileName>
      <Type>1</Type>
      <Subprocess>0</Subprocess>
      <Category>5</Category>
      <Mode>0</Mode>
      <Scope>4</Scope>
      <OnDemand>0</OnDemand>
      <TriggerOnCreate>0</TriggerOnCreate>
      <TriggerOnDelete>0</TriggerOnDelete>
      <AsyncAutodelete>0</AsyncAutodelete>
      <SyncWorkflowLogOnFailure>0</SyncWorkflowLogOnFailure>
      <StateCode>1</StateCode>
      <StatusCode>2</StatusCode>
      <RunAs>1</RunAs>
      <IsTransacted>1</IsTransacted>
      <IntroducedVersion>1.2.0.2</IntroducedVersion>
      <IsCustomizable>1</IsCustomizable>
      <IsCustomProcessingStepAllowedForOtherPublishers>1</IsCustomProcessingStepAllowedForOtherPublishers>
      <PrimaryEntity>none</PrimaryEntity>
      <LocalizedNames>
        <LocalizedName languagecode="1033" description="CreateOrUpdate Residential AD" />
      </LocalizedNames>
    </Workflow>
    <Workflow WorkflowId="{624f49bb-e2f9-eb11-94ef-000d3a2adb45}" Name="Create New Account">
      <JsonFileName>/Workflows/CreateNewAccount-624F49BB-E2F9-EB11-94EF-000D3A2ADB45.json</JsonFileName>
      <Type>1</Type>
      <Subprocess>0</Subprocess>
      <Category>5</Category>
      <Mode>0</Mode>
      <Scope>4</Scope>
      <OnDemand>0</OnDemand>
      <TriggerOnCreate>0</TriggerOnCreate>
      <TriggerOnDelete>0</TriggerOnDelete>
      <AsyncAutodelete>0</AsyncAutodelete>
      <SyncWorkflowLogOnFailure>0</SyncWorkflowLogOnFailure>
      <StateCode>1</StateCode>
      <StatusCode>2</StatusCode>
      <RunAs>1</RunAs>
      <IsTransacted>1</IsTransacted>
      <IntroducedVersion>1.0.0.19</IntroducedVersion>
      <IsCustomizable>1</IsCustomizable>
      <IsCustomProcessingStepAllowedForOtherPublishers>1</IsCustomProcessingStepAllowedForOtherPublishers>
      <PrimaryEntity>none</PrimaryEntity>
      <LocalizedNames>
        <LocalizedName languagecode="1033" description="Create New Account" />
      </LocalizedNames>
    </Workflow>
    <Workflow WorkflowId="{dba45edc-4dfc-eb11-94ef-000d3a2adb45}" Name="save AssetsLiabilities AD">
      <JsonFileName>/Workflows/saveAssetsLiabilitiesAD-DBA45EDC-4DFC-EB11-94EF-000D3A2ADB45.json</JsonFileName>
      <Type>1</Type>
      <Subprocess>0</Subprocess>
      <Category>5</Category>
      <Mode>0</Mode>
      <Scope>4</Scope>
      <OnDemand>0</OnDemand>
      <TriggerOnCreate>0</TriggerOnCreate>
      <TriggerOnDelete>0</TriggerOnDelete>
      <AsyncAutodelete>0</AsyncAutodelete>
      <SyncWorkflowLogOnFailure>0</SyncWorkflowLogOnFailure>
      <StateCode>1</StateCode>
      <StatusCode>2</StatusCode>
      <RunAs>1</RunAs>
      <IsTransacted>1</IsTransacted>
      <IntroducedVersion>1.0.0.19</IntroducedVersion>
      <IsCustomizable>1</IsCustomizable>
      <IsCustomProcessingStepAllowedForOtherPublishers>1</IsCustomProcessingStepAllowedForOtherPublishers>
      <PrimaryEntity>none</PrimaryEntity>
      <LocalizedNames>
        <LocalizedName languagecode="1033" description="save AssetsLiabilities AD" />
      </LocalizedNames>
    </Workflow>
    <Workflow WorkflowId="{dca45edc-4dfc-eb11-94ef-000d3a2adb45}" Name="delete Mortgage">
      <JsonFileName>/Workflows/deleteMortgage-DCA45EDC-4DFC-EB11-94EF-000D3A2ADB45.json</JsonFileName>
      <Type>1</Type>
      <Subprocess>0</Subprocess>
      <Category>5</Category>
      <Mode>0</Mode>
      <Scope>4</Scope>
      <OnDemand>0</OnDemand>
      <TriggerOnCreate>0</TriggerOnCreate>
      <TriggerOnDelete>0</TriggerOnDelete>
      <AsyncAutodelete>0</AsyncAutodelete>
      <SyncWorkflowLogOnFailure>0</SyncWorkflowLogOnFailure>
      <StateCode>1</StateCode>
      <StatusCode>2</StatusCode>
      <RunAs>1</RunAs>
      <IsTransacted>1</IsTransacted>
      <IntroducedVersion>1.0.0.19</IntroducedVersion>
      <IsCustomizable>1</IsCustomizable>
      <IsCustomProcessingStepAllowedForOtherPublishers>1</IsCustomProcessingStepAllowedForOtherPublishers>
      <PrimaryEntity>none</PrimaryEntity>
      <LocalizedNames>
        <LocalizedName languagecode="1033" description="delete Mortgage" />
      </LocalizedNames>
    </Workflow>
    <Workflow WorkflowId="{dda45edc-4dfc-eb11-94ef-000d3a2adb45}" Name="Rebuild Mortgage Index">
      <JsonFileName>/Workflows/RebuildMortgageIndex-DDA45EDC-4DFC-EB11-94EF-000D3A2ADB45.json</JsonFileName>
      <Type>1</Type>
      <Subprocess>0</Subprocess>
      <Category>5</Category>
      <Mode>0</Mode>
      <Scope>4</Scope>
      <OnDemand>0</OnDemand>
      <TriggerOnCreate>0</TriggerOnCreate>
      <TriggerOnDelete>0</TriggerOnDelete>
      <AsyncAutodelete>0</AsyncAutodelete>
      <SyncWorkflowLogOnFailure>0</SyncWorkflowLogOnFailure>
      <StateCode>0</StateCode>
      <StatusCode>1</StatusCode>
      <RunAs>1</RunAs>
      <IsTransacted>1</IsTransacted>
      <IntroducedVersion>1.0.0.19</IntroducedVersion>
      <IsCustomizable>1</IsCustomizable>
      <IsCustomProcessingStepAllowedForOtherPublishers>1</IsCustomProcessingStepAllowedForOtherPublishers>
      <PrimaryEntity>none</PrimaryEntity>
      <LocalizedNames>
        <LocalizedName languagecode="1033" description="Rebuild Mortgage Index" />
      </LocalizedNames>
    </Workflow>
    <Workflow WorkflowId="{dea45edc-4dfc-eb11-94ef-000d3a2adb45}" Name="save Mortgage And Equity">
      <JsonFileName>/Workflows/saveMortgageAndEquity-DEA45EDC-4DFC-EB11-94EF-000D3A2ADB45.json</JsonFileName>
      <Type>1</Type>
      <Subprocess>0</Subprocess>
      <Category>5</Category>
      <Mode>0</Mode>
      <Scope>4</Scope>
      <OnDemand>0</OnDemand>
      <TriggerOnCreate>0</TriggerOnCreate>
      <TriggerOnDelete>0</TriggerOnDelete>
      <AsyncAutodelete>0</AsyncAutodelete>
      <SyncWorkflowLogOnFailure>0</SyncWorkflowLogOnFailure>
      <StateCode>1</StateCode>
      <StatusCode>2</StatusCode>
      <RunAs>1</RunAs>
      <IsTransacted>1</IsTransacted>
      <IntroducedVersion>1.0.0.19</IntroducedVersion>
      <IsCustomizable>1</IsCustomizable>
      <IsCustomProcessingStepAllowedForOtherPublishers>1</IsCustomProcessingStepAllowedForOtherPublishers>
      <PrimaryEntity>none</PrimaryEntity>
      <LocalizedNames>
        <LocalizedName languagecode="1033" description="save Mortgage And Equity" />
      </LocalizedNames>
    </Workflow>
    <Workflow WorkflowId="{fd17c65d-dc0f-ec11-b6e6-000d3a4625ed}" Name="save Redirect">
      <JsonFileName>/Workflows/saveRedirect-FD17C65D-DC0F-EC11-B6E6-000D3A4625ED.json</JsonFileName>
      <Type>1</Type>
      <Subprocess>0</Subprocess>
      <Category>5</Category>
      <Mode>0</Mode>
      <Scope>4</Scope>
      <OnDemand>0</OnDemand>
      <TriggerOnCreate>0</TriggerOnCreate>
      <TriggerOnDelete>0</TriggerOnDelete>
      <AsyncAutodelete>0</AsyncAutodelete>
      <SyncWorkflowLogOnFailure>0</SyncWorkflowLogOnFailure>
      <StateCode>1</StateCode>
      <StatusCode>2</StatusCode>
      <RunAs>1</RunAs>
      <IsTransacted>1</IsTransacted>
      <IntroducedVersion>1.2.0.2</IntroducedVersion>
      <IsCustomizable>1</IsCustomizable>
      <IsCustomProcessingStepAllowedForOtherPublishers>1</IsCustomProcessingStepAllowedForOtherPublishers>
      <PrimaryEntity>none</PrimaryEntity>
      <LocalizedNames>
        <LocalizedName languagecode="1033" description="save Redirect" />
      </LocalizedNames>
    </Workflow>
    <Workflow WorkflowId="{5917c82d-378b-eb11-b1ac-000d3a48bba1}" Name="Save Residential situation BD">
      <JsonFileName>/Workflows/SaveResidentialsituationBD-5917C82D-378B-EB11-B1AC-000D3A48BBA1.json</JsonFileName>
      <Type>1</Type>
      <Subprocess>0</Subprocess>
      <Category>5</Category>
      <Mode>0</Mode>
      <Scope>4</Scope>
      <OnDemand>0</OnDemand>
      <TriggerOnCreate>0</TriggerOnCreate>
      <TriggerOnDelete>0</TriggerOnDelete>
      <AsyncAutodelete>0</AsyncAutodelete>
      <SyncWorkflowLogOnFailure>0</SyncWorkflowLogOnFailure>
      <StateCode>1</StateCode>
      <StatusCode>2</StatusCode>
      <RunAs>1</RunAs>
      <IsTransacted>1</IsTransacted>
      <IntroducedVersion>1.0.0.0</IntroducedVersion>
      <IsCustomizable>1</IsCustomizable>
      <IsCustomProcessingStepAllowedForOtherPublishers>1</IsCustomProcessingStepAllowedForOtherPublishers>
      <PrimaryEntity>none</PrimaryEntity>
      <LocalizedNames>
        <LocalizedName languagecode="1033" description="Save Residential situation BD" />
      </LocalizedNames>
    </Workflow>
    <Workflow WorkflowId="{5a17c82d-378b-eb11-b1ac-000d3a48bba1}" Name="Create new calculation">
      <JsonFileName>/Workflows/Createnewcalculation-5A17C82D-378B-EB11-B1AC-000D3A48BBA1.json</JsonFileName>
      <Type>1</Type>
      <Subprocess>0</Subprocess>
      <Category>5</Category>
      <Mode>0</Mode>
      <Scope>4</Scope>
      <OnDemand>0</OnDemand>
      <TriggerOnCreate>0</TriggerOnCreate>
      <TriggerOnDelete>0</TriggerOnDelete>
      <AsyncAutodelete>0</AsyncAutodelete>
      <SyncWorkflowLogOnFailure>0</SyncWorkflowLogOnFailure>
      <StateCode>1</StateCode>
      <StatusCode>2</StatusCode>
      <RunAs>1</RunAs>
      <IsTransacted>1</IsTransacted>
      <IntroducedVersion>1.0.0.0</IntroducedVersion>
      <IsCustomizable>1</IsCustomizable>
      <IsCustomProcessingStepAllowedForOtherPublishers>1</IsCustomProcessingStepAllowedForOtherPublishers>
      <PrimaryEntity>none</PrimaryEntity>
      <LocalizedNames>
        <LocalizedName languagecode="1033" description="Create new calculation" />
      </LocalizedNames>
    </Workflow>
    <Workflow WorkflowId="{04cbaa58-670a-ec11-b6e6-000d3a4a8b1f}" Name="Create_Scan">
      <JsonFileName>/Workflows/Create_Scan-04CBAA58-670A-EC11-B6E6-000D3A4A8B1F.json</JsonFileName>
      <Type>1</Type>
      <Subprocess>0</Subprocess>
      <Category>5</Category>
      <Mode>0</Mode>
      <Scope>4</Scope>
      <OnDemand>0</OnDemand>
      <TriggerOnCreate>0</TriggerOnCreate>
      <TriggerOnDelete>0</TriggerOnDelete>
      <AsyncAutodelete>0</AsyncAutodelete>
      <SyncWorkflowLogOnFailure>0</SyncWorkflowLogOnFailure>
      <StateCode>1</StateCode>
      <StatusCode>2</StatusCode>
      <RunAs>1</RunAs>
      <IsTransacted>1</IsTransacted>
      <IntroducedVersion>1.2.0.2</IntroducedVersion>
      <IsCustomizable>1</IsCustomizable>
      <IsCustomProcessingStepAllowedForOtherPublishers>1</IsCustomProcessingStepAllowedForOtherPublishers>
      <PrimaryEntity>none</PrimaryEntity>
      <LocalizedNames>
        <LocalizedName languagecode="1033" description="Create_Scan" />
      </LocalizedNames>
    </Workflow>
    <Workflow WorkflowId="{6aae08a4-48e6-eb11-bacb-000d3a4aff39}" Name="save DistributionEquity AD">
      <JsonFileName>/Workflows/saveDistributionEquityAD-6AAE08A4-48E6-EB11-BACB-000D3A4AFF39.json</JsonFileName>
      <Type>1</Type>
      <Subprocess>0</Subprocess>
      <Category>5</Category>
      <Mode>0</Mode>
      <Scope>4</Scope>
      <OnDemand>0</OnDemand>
      <TriggerOnCreate>0</TriggerOnCreate>
      <TriggerOnDelete>0</TriggerOnDelete>
      <AsyncAutodelete>0</AsyncAutodelete>
      <SyncWorkflowLogOnFailure>0</SyncWorkflowLogOnFailure>
      <StateCode>1</StateCode>
      <StatusCode>2</StatusCode>
      <RunAs>1</RunAs>
      <IsTransacted>1</IsTransacted>
      <IntroducedVersion>1.0.0.16</IntroducedVersion>
      <IsCustomizable>1</IsCustomizable>
      <IsCustomProcessingStepAllowedForOtherPublishers>1</IsCustomProcessingStepAllowedForOtherPublishers>
      <PrimaryEntity>none</PrimaryEntity>
      <LocalizedNames>
        <LocalizedName languagecode="1033" description="save DistributionEquity AD" />
      </LocalizedNames>
    </Workflow>
    <Workflow WorkflowId="{19c1680d-4be6-eb11-bacb-000d3a4aff39}" Name="save Child Alimony">
      <JsonFileName>/Workflows/saveChildAlimony-19C1680D-4BE6-EB11-BACB-000D3A4AFF39.json</JsonFileName>
      <Type>1</Type>
      <Subprocess>0</Subprocess>
      <Category>5</Category>
      <Mode>0</Mode>
      <Scope>4</Scope>
      <OnDemand>0</OnDemand>
      <TriggerOnCreate>0</TriggerOnCreate>
      <TriggerOnDelete>0</TriggerOnDelete>
      <AsyncAutodelete>0</AsyncAutodelete>
      <SyncWorkflowLogOnFailure>0</SyncWorkflowLogOnFailure>
      <StateCode>1</StateCode>
      <StatusCode>2</StatusCode>
      <RunAs>1</RunAs>
      <IsTransacted>1</IsTransacted>
      <IntroducedVersion>1.0.0.16</IntroducedVersion>
      <IsCustomizable>1</IsCustomizable>
      <IsCustomProcessingStepAllowedForOtherPublishers>1</IsCustomProcessingStepAllowedForOtherPublishers>
      <PrimaryEntity>none</PrimaryEntity>
      <LocalizedNames>
        <LocalizedName languagecode="1033" description="save Child Alimony" />
      </LocalizedNames>
    </Workflow>
    <Workflow WorkflowId="{1ac1680d-4be6-eb11-bacb-000d3a4aff39}" Name="save Partner Alimony">
      <JsonFileName>/Workflows/savePartnerAlimony-1AC1680D-4BE6-EB11-BACB-000D3A4AFF39.json</JsonFileName>
      <Type>1</Type>
      <Subprocess>0</Subprocess>
      <Category>5</Category>
      <Mode>0</Mode>
      <Scope>4</Scope>
      <OnDemand>0</OnDemand>
      <TriggerOnCreate>0</TriggerOnCreate>
      <TriggerOnDelete>0</TriggerOnDelete>
      <AsyncAutodelete>0</AsyncAutodelete>
      <SyncWorkflowLogOnFailure>0</SyncWorkflowLogOnFailure>
      <StateCode>1</StateCode>
      <StatusCode>2</StatusCode>
      <RunAs>1</RunAs>
      <IsTransacted>1</IsTransacted>
      <IntroducedVersion>1.0.0.16</IntroducedVersion>
      <IsCustomizable>1</IsCustomizable>
      <IsCustomProcessingStepAllowedForOtherPublishers>1</IsCustomProcessingStepAllowedForOtherPublishers>
      <PrimaryEntity>none</PrimaryEntity>
      <LocalizedNames>
        <LocalizedName languagecode="1033" description="save Partner Alimony" />
      </LocalizedNames>
    </Workflow>
    <Workflow WorkflowId="{357b8a10-03a3-eb11-b1ac-000d3a4cd3de}" Name="Create or Update Other Income and Costs">
      <JsonFileName>/Workflows/CreateorUpdateOtherIncomeandCosts-357B8A10-03A3-EB11-B1AC-000D3A4CD3DE.json</JsonFileName>
      <Type>1</Type>
      <Subprocess>0</Subprocess>
      <Category>5</Category>
      <Mode>0</Mode>
      <Scope>4</Scope>
      <OnDemand>0</OnDemand>
      <TriggerOnCreate>0</TriggerOnCreate>
      <TriggerOnDelete>0</TriggerOnDelete>
      <AsyncAutodelete>0</AsyncAutodelete>
      <SyncWorkflowLogOnFailure>0</SyncWorkflowLogOnFailure>
      <StateCode>1</StateCode>
      <StatusCode>2</StatusCode>
      <RunAs>1</RunAs>
      <IsTransacted>1</IsTransacted>
      <IntroducedVersion>1.0.0.4</IntroducedVersion>
      <IsCustomizable>1</IsCustomizable>
      <IsCustomProcessingStepAllowedForOtherPublishers>1</IsCustomProcessingStepAllowedForOtherPublishers>
      <PrimaryEntity>none</PrimaryEntity>
      <LocalizedNames>
        <LocalizedName languagecode="1033" description="Create or Update Other Income and Costs" />
      </LocalizedNames>
    </Workflow>
    <Workflow WorkflowId="{367b8a10-03a3-eb11-b1ac-000d3a4cd3de}" Name="Create or Update Assets and Liabilities">
      <JsonFileName>/Workflows/CreateorUpdateAssetsandLiabilities-367B8A10-03A3-EB11-B1AC-000D3A4CD3DE.json</JsonFileName>
      <Type>1</Type>
      <Subprocess>0</Subprocess>
      <Category>5</Category>
      <Mode>0</Mode>
      <Scope>4</Scope>
      <OnDemand>0</OnDemand>
      <TriggerOnCreate>0</TriggerOnCreate>
      <TriggerOnDelete>0</TriggerOnDelete>
      <AsyncAutodelete>0</AsyncAutodelete>
      <SyncWorkflowLogOnFailure>0</SyncWorkflowLogOnFailure>
      <StateCode>1</StateCode>
      <StatusCode>2</StatusCode>
      <RunAs>1</RunAs>
      <IsTransacted>1</IsTransacted>
      <IntroducedVersion>1.0.0.4</IntroducedVersion>
      <IsCustomizable>1</IsCustomizable>
      <IsCustomProcessingStepAllowedForOtherPublishers>1</IsCustomProcessingStepAllowedForOtherPublishers>
      <PrimaryEntity>none</PrimaryEntity>
      <LocalizedNames>
        <LocalizedName languagecode="1033" description="Create or Update Assets and Liabilities" />
      </LocalizedNames>
    </Workflow>
    <Workflow WorkflowId="{c3e21bd8-072d-ec11-b6e5-6045bd899491}" Name="Dossier - Block Fields">
      <JsonFileName>/Workflows/Dossier-BlockFields-C3E21BD8-072D-EC11-B6E5-6045BD899491.json</JsonFileName>
      <Type>1</Type>
      <Subprocess>0</Subprocess>
      <Category>5</Category>
      <Mode>0</Mode>
      <Scope>4</Scope>
      <OnDemand>0</OnDemand>
      <TriggerOnCreate>0</TriggerOnCreate>
      <TriggerOnDelete>0</TriggerOnDelete>
      <AsyncAutodelete>0</AsyncAutodelete>
      <SyncWorkflowLogOnFailure>0</SyncWorkflowLogOnFailure>
      <StateCode>1</StateCode>
      <StatusCode>2</StatusCode>
      <RunAs>1</RunAs>
      <IsTransacted>1</IsTransacted>
      <IntroducedVersion>1.0.0.5</IntroducedVersion>
      <IsCustomizable>1</IsCustomizable>
      <IsCustomProcessingStepAllowedForOtherPublishers>1</IsCustomProcessingStepAllowedForOtherPublishers>
      <PrimaryEntity>none</PrimaryEntity>
      <LocalizedNames>
        <LocalizedName languagecode="1033" description="Dossier - Block Fields" />
      </LocalizedNames>
    </Workflow>
    <Workflow WorkflowId="{5d00f5b5-5ba4-eb11-b1ac-000d3a4cd3de}" Name="Create or Update Relation">
      <JsonFileName>/Workflows/CreateorUpdateRelation-5D00F5B5-5BA4-EB11-B1AC-000D3A4CD3DE.json</JsonFileName>
      <Type>1</Type>
      <Subprocess>0</Subprocess>
      <Category>5</Category>
      <Mode>0</Mode>
      <Scope>4</Scope>
      <OnDemand>0</OnDemand>
      <TriggerOnCreate>0</TriggerOnCreate>
      <TriggerOnDelete>0</TriggerOnDelete>
      <AsyncAutodelete>0</AsyncAutodelete>
      <SyncWorkflowLogOnFailure>0</SyncWorkflowLogOnFailure>
      <StateCode>1</StateCode>
      <StatusCode>2</StatusCode>
      <RunAs>1</RunAs>
      <IsTransacted>1</IsTransacted>
      <IntroducedVersion>1.0.0.4</IntroducedVersion>
      <IsCustomizable>1</IsCustomizable>
      <IsCustomProcessingStepAllowedForOtherPublishers>1</IsCustomProcessingStepAllowedForOtherPublishers>
      <PrimaryEntity>none</PrimaryEntity>
      <LocalizedNames>
        <LocalizedName languagecode="1033" description="Create or Update Relation" />
      </LocalizedNames>
    </Workflow>
    <Workflow WorkflowId="{5e00f5b5-5ba4-eb11-b1ac-000d3a4cd3de}" Name="Create Or Update Case">
      <JsonFileName>/Workflows/CreateOrUpdateCase-5E00F5B5-5BA4-EB11-B1AC-000D3A4CD3DE.json</JsonFileName>
      <Type>1</Type>
      <Subprocess>0</Subprocess>
      <Category>5</Category>
      <Mode>0</Mode>
      <Scope>4</Scope>
      <OnDemand>0</OnDemand>
      <TriggerOnCreate>0</TriggerOnCreate>
      <TriggerOnDelete>0</TriggerOnDelete>
      <AsyncAutodelete>0</AsyncAutodelete>
      <SyncWorkflowLogOnFailure>0</SyncWorkflowLogOnFailure>
      <StateCode>1</StateCode>
      <StatusCode>2</StatusCode>
      <RunAs>1</RunAs>
      <IsTransacted>1</IsTransacted>
      <IntroducedVersion>1.0.0.4</IntroducedVersion>
      <IsCustomizable>1</IsCustomizable>
      <IsCustomProcessingStepAllowedForOtherPublishers>1</IsCustomProcessingStepAllowedForOtherPublishers>
      <PrimaryEntity>none</PrimaryEntity>
      <LocalizedNames>
        <LocalizedName languagecode="1033" description="Create Or Update Case" />
      </LocalizedNames>
    </Workflow>
    <Workflow WorkflowId="{34165cb4-5b20-ec11-b6e6-000d3aabbe15}" Name="Update Calculation">
      <JsonFileName>/Workflows/UpdateCalculation-34165CB4-5B20-EC11-B6E6-000D3AABBE15.json</JsonFileName>
      <Type>1</Type>
      <Subprocess>0</Subprocess>
      <Category>5</Category>
      <Mode>0</Mode>
      <Scope>4</Scope>
      <OnDemand>0</OnDemand>
      <TriggerOnCreate>0</TriggerOnCreate>
      <TriggerOnDelete>0</TriggerOnDelete>
      <AsyncAutodelete>0</AsyncAutodelete>
      <SyncWorkflowLogOnFailure>0</SyncWorkflowLogOnFailure>
      <StateCode>1</StateCode>
      <StatusCode>2</StatusCode>
      <RunAs>1</RunAs>
      <IsTransacted>1</IsTransacted>
      <IntroducedVersion>1.0.0.5</IntroducedVersion>
      <IsCustomizable>1</IsCustomizable>
      <IsCustomProcessingStepAllowedForOtherPublishers>1</IsCustomProcessingStepAllowedForOtherPublishers>
      <PrimaryEntity>none</PrimaryEntity>
      <LocalizedNames>
        <LocalizedName languagecode="1033" description="Update Calculation" />
      </LocalizedNames>
    </Workflow>
    <Workflow WorkflowId="{157e7959-0a21-ec11-b6e6-000d3aabbe15}" Name="Delete Calculation">
      <JsonFileName>/Workflows/DeleteCalculation-157E7959-0A21-EC11-B6E6-000D3AABBE15.json</JsonFileName>
      <Type>1</Type>
      <Subprocess>0</Subprocess>
      <Category>5</Category>
      <Mode>0</Mode>
      <Scope>4</Scope>
      <OnDemand>0</OnDemand>
      <TriggerOnCreate>0</TriggerOnCreate>
      <TriggerOnDelete>0</TriggerOnDelete>
      <AsyncAutodelete>0</AsyncAutodelete>
      <SyncWorkflowLogOnFailure>0</SyncWorkflowLogOnFailure>
      <StateCode>1</StateCode>
      <StatusCode>2</StatusCode>
      <RunAs>1</RunAs>
      <IsTransacted>1</IsTransacted>
      <IntroducedVersion>1.0.0.5</IntroducedVersion>
      <IsCustomizable>1</IsCustomizable>
      <IsCustomProcessingStepAllowedForOtherPublishers>1</IsCustomProcessingStepAllowedForOtherPublishers>
      <PrimaryEntity>none</PrimaryEntity>
      <LocalizedNames>
        <LocalizedName languagecode="1033" description="Delete Calculation" />
      </LocalizedNames>
    </Workflow>
    <Workflow WorkflowId="{99ba5a6b-2b21-ec11-b6e6-000d3aabbe15}" Name="CloneCalculation">
      <XamlFileName>/Workflows/CloneCalculation-99BA5A6B-2B21-EC11-B6E6-000D3AABBE15.xaml</XamlFileName>
      <Type>1</Type>
      <Subprocess>0</Subprocess>
      <Category>3</Category>
      <Mode>0</Mode>
      <Scope>4</Scope>
      <OnDemand>0</OnDemand>
      <TriggerOnCreate>0</TriggerOnCreate>
      <TriggerOnDelete>0</TriggerOnDelete>
      <AsyncAutodelete>0</AsyncAutodelete>
      <SyncWorkflowLogOnFailure>1</SyncWorkflowLogOnFailure>
      <StateCode>1</StateCode>
      <StatusCode>2</StatusCode>
      <CreateStage>40</CreateStage>
      <RunAs>1</RunAs>
      <SdkMessageId>{9aba5a6b-2b21-ec11-b6e6-000d3aabbe15}</SdkMessageId>
      <UniqueName>CloneCalculation</UniqueName>
      <IsTransacted>0</IsTransacted>
      <IntroducedVersion>1.0.0.5</IntroducedVersion>
      <IsCustomizable>1</IsCustomizable>
      <FormId>{00000000-0000-0000-0000-000000000000}</FormId>
      <IsCustomProcessingStepAllowedForOtherPublishers>1</IsCustomProcessingStepAllowedForOtherPublishers>
      <PrimaryEntity>cr85a_Calculation</PrimaryEntity>
      <LocalizedNames>
        <LocalizedName languagecode="1033" description="CloneCalculation" />
      </LocalizedNames>
    </Workflow>
    <Workflow WorkflowId="{011ff58a-81d5-eb11-bacc-000d3aae8c97}" Name="Save Residential AD scenario4">
      <JsonFileName>/Workflows/SaveResidentialADscenario4-011FF58A-81D5-EB11-BACC-000D3AAE8C97.json</JsonFileName>
      <Type>1</Type>
      <Subprocess>0</Subprocess>
      <Category>5</Category>
      <Mode>0</Mode>
      <Scope>4</Scope>
      <OnDemand>0</OnDemand>
      <TriggerOnCreate>0</TriggerOnCreate>
      <TriggerOnDelete>0</TriggerOnDelete>
      <AsyncAutodelete>0</AsyncAutodelete>
      <SyncWorkflowLogOnFailure>0</SyncWorkflowLogOnFailure>
      <StateCode>1</StateCode>
      <StatusCode>2</StatusCode>
      <RunAs>1</RunAs>
      <IsTransacted>1</IsTransacted>
      <IntroducedVersion>1.2.0.2</IntroducedVersion>
      <IsCustomizable>1</IsCustomizable>
      <IsCustomProcessingStepAllowedForOtherPublishers>1</IsCustomProcessingStepAllowedForOtherPublishers>
      <PrimaryEntity>none</PrimaryEntity>
      <LocalizedNames>
        <LocalizedName languagecode="1033" description="Save Residential AD scenario4" />
      </LocalizedNames>
    </Workflow>
    <Workflow WorkflowId="{b132cc6f-c5d5-eb11-bacc-000d3aae8c97}" Name="Save Residential AD scenario 2">
      <JsonFileName>/Workflows/SaveResidentialADscenario2-B132CC6F-C5D5-EB11-BACC-000D3AAE8C97.json</JsonFileName>
      <Type>1</Type>
      <Subprocess>0</Subprocess>
      <Category>5</Category>
      <Mode>0</Mode>
      <Scope>4</Scope>
      <OnDemand>0</OnDemand>
      <TriggerOnCreate>0</TriggerOnCreate>
      <TriggerOnDelete>0</TriggerOnDelete>
      <AsyncAutodelete>0</AsyncAutodelete>
      <SyncWorkflowLogOnFailure>0</SyncWorkflowLogOnFailure>
      <StateCode>1</StateCode>
      <StatusCode>2</StatusCode>
      <RunAs>1</RunAs>
      <IsTransacted>1</IsTransacted>
      <IntroducedVersion>1.2.0.2</IntroducedVersion>
      <IsCustomizable>1</IsCustomizable>
      <IsCustomProcessingStepAllowedForOtherPublishers>1</IsCustomProcessingStepAllowedForOtherPublishers>
      <PrimaryEntity>none</PrimaryEntity>
      <LocalizedNames>
        <LocalizedName languagecode="1033" description="Save Residential AD scenario 2" />
      </LocalizedNames>
    </Workflow>
    <Workflow WorkflowId="{4df3bf3c-c7d5-eb11-bacc-000d3aae8c97}" Name="Save Residential AD Scenario 3">
      <JsonFileName>/Workflows/SaveResidentialADScenario3-4DF3BF3C-C7D5-EB11-BACC-000D3AAE8C97.json</JsonFileName>
      <Type>1</Type>
      <Subprocess>0</Subprocess>
      <Category>5</Category>
      <Mode>0</Mode>
      <Scope>4</Scope>
      <OnDemand>0</OnDemand>
      <TriggerOnCreate>0</TriggerOnCreate>
      <TriggerOnDelete>0</TriggerOnDelete>
      <AsyncAutodelete>0</AsyncAutodelete>
      <SyncWorkflowLogOnFailure>0</SyncWorkflowLogOnFailure>
      <StateCode>1</StateCode>
      <StatusCode>2</StatusCode>
      <RunAs>1</RunAs>
      <IsTransacted>1</IsTransacted>
      <IntroducedVersion>1.2.0.2</IntroducedVersion>
      <IsCustomizable>1</IsCustomizable>
      <IsCustomProcessingStepAllowedForOtherPublishers>1</IsCustomProcessingStepAllowedForOtherPublishers>
      <PrimaryEntity>none</PrimaryEntity>
      <LocalizedNames>
        <LocalizedName languagecode="1033" description="Save Residential AD Scenario 3" />
      </LocalizedNames>
    </Workflow>
    <Workflow WorkflowId="{1c9b08f0-d74e-ec11-8c62-000d3abdbe50}" Name="delete Asset">
      <JsonFileName>/Workflows/deleteAsset-1C9B08F0-D74E-EC11-8C62-000D3ABDBE50.json</JsonFileName>
      <Type>1</Type>
      <Subprocess>0</Subprocess>
      <Category>5</Category>
      <Mode>0</Mode>
      <Scope>4</Scope>
      <OnDemand>0</OnDemand>
      <TriggerOnCreate>0</TriggerOnCreate>
      <TriggerOnDelete>0</TriggerOnDelete>
      <AsyncAutodelete>0</AsyncAutodelete>
      <SyncWorkflowLogOnFailure>0</SyncWorkflowLogOnFailure>
      <StateCode>1</StateCode>
      <StatusCode>2</StatusCode>
      <RunAs>1</RunAs>
      <IsTransacted>1</IsTransacted>
      <IntroducedVersion>1.0.0.15</IntroducedVersion>
      <IsCustomizable>1</IsCustomizable>
      <IsCustomProcessingStepAllowedForOtherPublishers>1</IsCustomProcessingStepAllowedForOtherPublishers>
      <PrimaryEntity>none</PrimaryEntity>
      <LocalizedNames>
        <LocalizedName languagecode="1033" description="delete Asset" />
      </LocalizedNames>
    </Workflow>
    <Workflow WorkflowId="{811c0cf4-b4d6-eb11-bacb-0022487fd89d}" Name="Save Residential AD scenario5">
      <JsonFileName>/Workflows/SaveResidentialADscenario5-811C0CF4-B4D6-EB11-BACB-0022487FD89D.json</JsonFileName>
      <Type>1</Type>
      <Subprocess>0</Subprocess>
      <Category>5</Category>
      <Mode>0</Mode>
      <Scope>4</Scope>
      <OnDemand>0</OnDemand>
      <TriggerOnCreate>0</TriggerOnCreate>
      <TriggerOnDelete>0</TriggerOnDelete>
      <AsyncAutodelete>0</AsyncAutodelete>
      <SyncWorkflowLogOnFailure>0</SyncWorkflowLogOnFailure>
      <StateCode>1</StateCode>
      <StatusCode>2</StatusCode>
      <RunAs>1</RunAs>
      <IsTransacted>1</IsTransacted>
      <IntroducedVersion>1.2.0.2</IntroducedVersion>
      <IsCustomizable>1</IsCustomizable>
      <IsCustomProcessingStepAllowedForOtherPublishers>1</IsCustomProcessingStepAllowedForOtherPublishers>
      <PrimaryEntity>none</PrimaryEntity>
      <LocalizedNames>
        <LocalizedName languagecode="1033" description="Save Residential AD scenario5" />
      </LocalizedNames>
    </Workflow>
    <Workflow WorkflowId="{09f7495d-68d8-eb11-bacb-0022487fd89d}" Name="save Residential AD scenario6">
      <JsonFileName>/Workflows/saveResidentialADscenario6-09F7495D-68D8-EB11-BACB-0022487FD89D.json</JsonFileName>
      <Type>1</Type>
      <Subprocess>0</Subprocess>
      <Category>5</Category>
      <Mode>0</Mode>
      <Scope>4</Scope>
      <OnDemand>0</OnDemand>
      <TriggerOnCreate>0</TriggerOnCreate>
      <TriggerOnDelete>0</TriggerOnDelete>
      <AsyncAutodelete>0</AsyncAutodelete>
      <SyncWorkflowLogOnFailure>0</SyncWorkflowLogOnFailure>
      <StateCode>1</StateCode>
      <StatusCode>2</StatusCode>
      <RunAs>1</RunAs>
      <IsTransacted>1</IsTransacted>
      <IntroducedVersion>1.2.0.2</IntroducedVersion>
      <IsCustomizable>1</IsCustomizable>
      <IsCustomProcessingStepAllowedForOtherPublishers>1</IsCustomProcessingStepAllowedForOtherPublishers>
      <PrimaryEntity>none</PrimaryEntity>
      <LocalizedNames>
        <LocalizedName languagecode="1033" description="save Residential AD scenario6" />
      </LocalizedNames>
    </Workflow>
    <Workflow WorkflowId="{f9952faf-0e5a-4f4c-bbea-3ab68be005f2}" Name="Authentication Process">
      <XamlFileName>/Workflows/AuthenticationProcess-F9952FAF-0E5A-4F4C-BBEA-3AB68BE005F2.xaml</XamlFileName>
      <Type>1</Type>
      <Subprocess>0</Subprocess>
      <Category>3</Category>
      <Mode>0</Mode>
      <Scope>4</Scope>
      <OnDemand>0</OnDemand>
      <TriggerOnCreate>0</TriggerOnCreate>
      <TriggerOnDelete>0</TriggerOnDelete>
      <AsyncAutodelete>0</AsyncAutodelete>
      <SyncWorkflowLogOnFailure>1</SyncWorkflowLogOnFailure>
      <StateCode>1</StateCode>
      <StatusCode>2</StatusCode>
      <CreateStage>40</CreateStage>
      <RunAs>1</RunAs>
      <SdkMessageId>{aff47920-fa42-ec11-8c62-6045bd8cd703}</SdkMessageId>
      <UniqueName>AuthenticationProcess</UniqueName>
      <IsTransacted>1</IsTransacted>
      <IntroducedVersion>1.0.0.9</IntroducedVersion>
      <IsCustomizable>1</IsCustomizable>
      <FormId>{00000000-0000-0000-0000-000000000000}</FormId>
      <IsCustomProcessingStepAllowedForOtherPublishers>1</IsCustomProcessingStepAllowedForOtherPublishers>
      <PrimaryEntity>none</PrimaryEntity>
      <LocalizedNames>
        <LocalizedName languagecode="1033" description="Authentication Process" />
      </LocalizedNames>
    </Workflow>
    <Workflow WorkflowId="{5ad099de-7694-42b6-af3d-3dac22e700a7}" Name="Authorization Process">
      <XamlFileName>/Workflows/AuthorizationProcess-5AD099DE-7694-42B6-AF3D-3DAC22E700A7.xaml</XamlFileName>
      <Type>1</Type>
      <Subprocess>0</Subprocess>
      <Category>3</Category>
      <Mode>0</Mode>
      <Scope>4</Scope>
      <OnDemand>0</OnDemand>
      <TriggerOnCreate>0</TriggerOnCreate>
      <TriggerOnDelete>0</TriggerOnDelete>
      <AsyncAutodelete>0</AsyncAutodelete>
      <SyncWorkflowLogOnFailure>1</SyncWorkflowLogOnFailure>
      <StateCode>1</StateCode>
      <StatusCode>2</StatusCode>
      <CreateStage>40</CreateStage>
      <RunAs>1</RunAs>
      <SdkMessageId>{cc1fcb2d-c843-ec11-8c62-6045bd8cd703}</SdkMessageId>
      <UniqueName>AuthorizationProcess</UniqueName>
      <IsTransacted>1</IsTransacted>
      <IntroducedVersion>1.0.0.9</IntroducedVersion>
      <IsCustomizable>1</IsCustomizable>
      <FormId>{00000000-0000-0000-0000-000000000000}</FormId>
      <IsCustomProcessingStepAllowedForOtherPublishers>1</IsCustomProcessingStepAllowedForOtherPublishers>
      <PrimaryEntity>none</PrimaryEntity>
      <LocalizedNames>
        <LocalizedName languagecode="1033" description="Authorization Process" />
      </LocalizedNames>
    </Workflow>
    <Workflow WorkflowId="{fb68d645-b962-4ecb-816e-5c163b697c20}" Name="NavigateProcess">
      <XamlFileName>/Workflows/NavigateProcess-FB68D645-B962-4ECB-816E-5C163B697C20.xaml</XamlFileName>
      <Type>1</Type>
      <Subprocess>0</Subprocess>
      <Category>3</Category>
      <Mode>0</Mode>
      <Scope>4</Scope>
      <OnDemand>0</OnDemand>
      <TriggerOnCreate>0</TriggerOnCreate>
      <TriggerOnDelete>0</TriggerOnDelete>
      <AsyncAutodelete>0</AsyncAutodelete>
      <SyncWorkflowLogOnFailure>1</SyncWorkflowLogOnFailure>
      <StateCode>1</StateCode>
      <StatusCode>2</StatusCode>
      <CreateStage>40</CreateStage>
      <RunAs>1</RunAs>
      <SdkMessageId>{77b22bd1-6732-ec11-b6e6-6045bd8e4f34}</SdkMessageId>
      <UniqueName>NavigateProcess</UniqueName>
      <IsTransacted>1</IsTransacted>
      <IntroducedVersion>1.0.0.5</IntroducedVersion>
      <IsCustomizable>1</IsCustomizable>
      <FormId>{00000000-0000-0000-0000-000000000000}</FormId>
      <IsCustomProcessingStepAllowedForOtherPublishers>1</IsCustomProcessingStepAllowedForOtherPublishers>
      <PrimaryEntity>none</PrimaryEntity>
      <LocalizedNames>
        <LocalizedName languagecode="1033" description="NavigateProcess" />
      </LocalizedNames>
    </Workflow>
    <Workflow WorkflowId="{4dc3f07c-3912-ec11-b6e6-6045bd87271c}" Name="Timer - Update Invites and Auth older than 72H">
      <JsonFileName>/Workflows/Timer-UpdateInvitesandAutholderthan72H-4DC3F07C-3912-EC11-B6E6-6045BD87271C.json</JsonFileName>
      <Type>1</Type>
      <Subprocess>0</Subprocess>
      <Category>5</Category>
      <Mode>0</Mode>
      <Scope>4</Scope>
      <OnDemand>0</OnDemand>
      <TriggerOnCreate>0</TriggerOnCreate>
      <TriggerOnDelete>0</TriggerOnDelete>
      <AsyncAutodelete>0</AsyncAutodelete>
      <SyncWorkflowLogOnFailure>0</SyncWorkflowLogOnFailure>
      <StateCode>0</StateCode>
      <StatusCode>1</StatusCode>
      <RunAs>1</RunAs>
      <IsTransacted>1</IsTransacted>
      <IntroducedVersion>1.2.0.2</IntroducedVersion>
      <IsCustomizable>1</IsCustomizable>
      <IsCustomProcessingStepAllowedForOtherPublishers>1</IsCustomProcessingStepAllowedForOtherPublishers>
      <PrimaryEntity>none</PrimaryEntity>
      <LocalizedNames>
        <LocalizedName languagecode="1033" description="Timer - Update Invites and Auth older than 72H" />
      </LocalizedNames>
    </Workflow>
    <Workflow WorkflowId="{241cec02-3b12-ec11-b6e6-6045bd87271c}" Name="Delete Auth">
      <JsonFileName>/Workflows/DeleteAuth-241CEC02-3B12-EC11-B6E6-6045BD87271C.json</JsonFileName>
      <Type>1</Type>
      <Subprocess>0</Subprocess>
      <Category>5</Category>
      <Mode>0</Mode>
      <Scope>4</Scope>
      <OnDemand>0</OnDemand>
      <TriggerOnCreate>0</TriggerOnCreate>
      <TriggerOnDelete>0</TriggerOnDelete>
      <AsyncAutodelete>0</AsyncAutodelete>
      <SyncWorkflowLogOnFailure>0</SyncWorkflowLogOnFailure>
      <StateCode>1</StateCode>
      <StatusCode>2</StatusCode>
      <RunAs>1</RunAs>
      <IsTransacted>1</IsTransacted>
      <IntroducedVersion>1.0.0.0</IntroducedVersion>
      <IsCustomizable>1</IsCustomizable>
      <IsCustomProcessingStepAllowedForOtherPublishers>1</IsCustomProcessingStepAllowedForOtherPublishers>
      <PrimaryEntity>none</PrimaryEntity>
      <LocalizedNames>
        <LocalizedName languagecode="1033" description="Delete Auth" />
      </LocalizedNames>
    </Workflow>
    <Workflow WorkflowId="{0ca40fcb-3816-ec11-b6e6-6045bd887830}" Name="Update_Scan">
      <JsonFileName>/Workflows/Update_Scan-0CA40FCB-3816-EC11-B6E6-6045BD887830.json</JsonFileName>
      <Type>1</Type>
      <Subprocess>0</Subprocess>
      <Category>5</Category>
      <Mode>0</Mode>
      <Scope>4</Scope>
      <OnDemand>0</OnDemand>
      <TriggerOnCreate>0</TriggerOnCreate>
      <TriggerOnDelete>0</TriggerOnDelete>
      <AsyncAutodelete>0</AsyncAutodelete>
      <SyncWorkflowLogOnFailure>0</SyncWorkflowLogOnFailure>
      <StateCode>1</StateCode>
      <StatusCode>2</StatusCode>
      <RunAs>1</RunAs>
      <IsTransacted>1</IsTransacted>
      <IntroducedVersion>1.0.0.5</IntroducedVersion>
      <IsCustomizable>1</IsCustomizable>
      <IsCustomProcessingStepAllowedForOtherPublishers>1</IsCustomProcessingStepAllowedForOtherPublishers>
      <PrimaryEntity>none</PrimaryEntity>
      <LocalizedNames>
        <LocalizedName languagecode="1033" description="Update_Scan" />
      </LocalizedNames>
    </Workflow>
    <Workflow WorkflowId="{700b4719-9417-ec11-b6e6-6045bd887830}" Name="save simultaneous entry">
      <JsonFileName>/Workflows/savesimultaneousentry-700B4719-9417-EC11-B6E6-6045BD887830.json</JsonFileName>
      <Type>1</Type>
      <Subprocess>0</Subprocess>
      <Category>5</Category>
      <Mode>0</Mode>
      <Scope>4</Scope>
      <OnDemand>0</OnDemand>
      <TriggerOnCreate>0</TriggerOnCreate>
      <TriggerOnDelete>0</TriggerOnDelete>
      <AsyncAutodelete>0</AsyncAutodelete>
      <SyncWorkflowLogOnFailure>0</SyncWorkflowLogOnFailure>
      <StateCode>1</StateCode>
      <StatusCode>2</StatusCode>
      <RunAs>1</RunAs>
      <IsTransacted>1</IsTransacted>
      <IntroducedVersion>1.0.0.5</IntroducedVersion>
      <IsCustomizable>1</IsCustomizable>
      <IsCustomProcessingStepAllowedForOtherPublishers>1</IsCustomProcessingStepAllowedForOtherPublishers>
      <PrimaryEntity>none</PrimaryEntity>
      <LocalizedNames>
        <LocalizedName languagecode="1033" description="save simultaneous entry" />
      </LocalizedNames>
    </Workflow>
    <Workflow WorkflowId="{404265c6-472b-ec11-b6e5-6045bd899491}" Name="Clone Calculation - Completed">
      <JsonFileName>/Workflows/CloneCalculation-Completed-404265C6-472B-EC11-B6E5-6045BD899491.json</JsonFileName>
      <Type>1</Type>
      <Subprocess>0</Subprocess>
      <Category>5</Category>
      <Mode>0</Mode>
      <Scope>4</Scope>
      <OnDemand>0</OnDemand>
      <TriggerOnCreate>0</TriggerOnCreate>
      <TriggerOnDelete>0</TriggerOnDelete>
      <AsyncAutodelete>0</AsyncAutodelete>
      <SyncWorkflowLogOnFailure>0</SyncWorkflowLogOnFailure>
      <StateCode>1</StateCode>
      <StatusCode>2</StatusCode>
      <RunAs>1</RunAs>
      <IsTransacted>1</IsTransacted>
      <IntroducedVersion>1.0.0.5</IntroducedVersion>
      <IsCustomizable>1</IsCustomizable>
      <IsCustomProcessingStepAllowedForOtherPublishers>1</IsCustomProcessingStepAllowedForOtherPublishers>
      <PrimaryEntity>none</PrimaryEntity>
      <LocalizedNames>
        <LocalizedName languagecode="1033" description="Clone Calculation - Completed" />
      </LocalizedNames>
    </Workflow>
    <Workflow WorkflowId="{a80fcba3-712b-ec11-b6e5-6045bd899491}" Name="Dossier - Payment Checker">
      <JsonFileName>/Workflows/Dossier-PaymentChecker-A80FCBA3-712B-EC11-B6E5-6045BD899491.json</JsonFileName>
      <Type>1</Type>
      <Subprocess>0</Subprocess>
      <Category>5</Category>
      <Mode>0</Mode>
      <Scope>4</Scope>
      <OnDemand>0</OnDemand>
      <TriggerOnCreate>0</TriggerOnCreate>
      <TriggerOnDelete>0</TriggerOnDelete>
      <AsyncAutodelete>0</AsyncAutodelete>
      <SyncWorkflowLogOnFailure>0</SyncWorkflowLogOnFailure>
      <StateCode>1</StateCode>
      <StatusCode>2</StatusCode>
      <RunAs>1</RunAs>
      <IsTransacted>1</IsTransacted>
      <IntroducedVersion>1.0.0.5</IntroducedVersion>
      <IsCustomizable>1</IsCustomizable>
      <IsCustomProcessingStepAllowedForOtherPublishers>1</IsCustomProcessingStepAllowedForOtherPublishers>
      <PrimaryEntity>none</PrimaryEntity>
      <LocalizedNames>
        <LocalizedName languagecode="1033" description="Dossier - Payment Checker" />
      </LocalizedNames>
    </Workflow>
    <Workflow WorkflowId="{d9efd80f-a443-ec11-8c62-6045bd8cd703}" Name="Disconnect Dossier to Account">
      <JsonFileName>/Workflows/DisconnectDossiertoAccount-D9EFD80F-A443-EC11-8C62-6045BD8CD703.json</JsonFileName>
      <Type>1</Type>
      <Subprocess>0</Subprocess>
      <Category>5</Category>
      <Mode>0</Mode>
      <Scope>4</Scope>
      <OnDemand>0</OnDemand>
      <TriggerOnCreate>0</TriggerOnCreate>
      <TriggerOnDelete>0</TriggerOnDelete>
      <AsyncAutodelete>0</AsyncAutodelete>
      <SyncWorkflowLogOnFailure>0</SyncWorkflowLogOnFailure>
      <StateCode>1</StateCode>
      <StatusCode>2</StatusCode>
      <RunAs>1</RunAs>
      <IsTransacted>1</IsTransacted>
      <IntroducedVersion>1.0.0.9</IntroducedVersion>
      <IsCustomizable>1</IsCustomizable>
      <IsCustomProcessingStepAllowedForOtherPublishers>1</IsCustomProcessingStepAllowedForOtherPublishers>
      <PrimaryEntity>none</PrimaryEntity>
      <LocalizedNames>
        <LocalizedName languagecode="1033" description="Disconnect Dossier to Account" />
      </LocalizedNames>
    </Workflow>
    <Workflow WorkflowId="{f05c3dc5-1e2c-ec11-b6e5-6045bd899491}" Name="Timer - Update status for expired dossier">
      <JsonFileName>/Workflows/Timer-Updatestatusforexpireddossier-F05C3DC5-1E2C-EC11-B6E5-6045BD899491.json</JsonFileName>
      <Type>1</Type>
      <Subprocess>0</Subprocess>
      <Category>5</Category>
      <Mode>0</Mode>
      <Scope>4</Scope>
      <OnDemand>0</OnDemand>
      <TriggerOnCreate>0</TriggerOnCreate>
      <TriggerOnDelete>0</TriggerOnDelete>
      <AsyncAutodelete>0</AsyncAutodelete>
      <SyncWorkflowLogOnFailure>0</SyncWorkflowLogOnFailure>
      <StateCode>1</StateCode>
      <StatusCode>2</StatusCode>
      <RunAs>1</RunAs>
      <IsTransacted>1</IsTransacted>
      <IntroducedVersion>1.0.0.5</IntroducedVersion>
      <IsCustomizable>1</IsCustomizable>
      <IsCustomProcessingStepAllowedForOtherPublishers>1</IsCustomProcessingStepAllowedForOtherPublishers>
      <PrimaryEntity>none</PrimaryEntity>
      <LocalizedNames>
        <LocalizedName languagecode="1033" description="Timer - Update status for expired dossier" />
      </LocalizedNames>
    </Workflow>
    <Workflow WorkflowId="{f0e80c50-da2c-ec11-b6e5-6045bd899491}" Name="IncomeBeforeDivorce_checkscanstatus">
      <JsonFileName>/Workflows/IncomeBeforeDivorce_checkscanstatus-F0E80C50-DA2C-EC11-B6E5-6045BD899491.json</JsonFileName>
      <Type>1</Type>
      <Subprocess>0</Subprocess>
      <Category>5</Category>
      <Mode>0</Mode>
      <Scope>4</Scope>
      <OnDemand>0</OnDemand>
      <TriggerOnCreate>0</TriggerOnCreate>
      <TriggerOnDelete>0</TriggerOnDelete>
      <AsyncAutodelete>0</AsyncAutodelete>
      <SyncWorkflowLogOnFailure>0</SyncWorkflowLogOnFailure>
      <StateCode>1</StateCode>
      <StatusCode>2</StatusCode>
      <RunAs>1</RunAs>
      <IsTransacted>1</IsTransacted>
      <IntroducedVersion>1.0.0.5</IntroducedVersion>
      <IsCustomizable>1</IsCustomizable>
      <IsCustomProcessingStepAllowedForOtherPublishers>1</IsCustomProcessingStepAllowedForOtherPublishers>
      <PrimaryEntity>none</PrimaryEntity>
      <LocalizedNames>
        <LocalizedName languagecode="1033" description="IncomeBeforeDivorce_checkscanstatus" />
      </LocalizedNames>
    </Workflow>
    <Workflow WorkflowId="{863a76f0-e92c-ec11-b6e5-6045bd899491}" Name="save Children">
      <JsonFileName>/Workflows/saveChildren-863A76F0-E92C-EC11-B6E5-6045BD899491.json</JsonFileName>
      <Type>1</Type>
      <Subprocess>0</Subprocess>
      <Category>5</Category>
      <Mode>0</Mode>
      <Scope>4</Scope>
      <OnDemand>0</OnDemand>
      <TriggerOnCreate>0</TriggerOnCreate>
      <TriggerOnDelete>0</TriggerOnDelete>
      <AsyncAutodelete>0</AsyncAutodelete>
      <SyncWorkflowLogOnFailure>0</SyncWorkflowLogOnFailure>
      <StateCode>1</StateCode>
      <StatusCode>2</StatusCode>
      <RunAs>1</RunAs>
      <IsTransacted>1</IsTransacted>
      <IntroducedVersion>1.0.0.5</IntroducedVersion>
      <IsCustomizable>1</IsCustomizable>
      <IsCustomProcessingStepAllowedForOtherPublishers>1</IsCustomProcessingStepAllowedForOtherPublishers>
      <PrimaryEntity>none</PrimaryEntity>
      <LocalizedNames>
        <LocalizedName languagecode="1033" description="save Children" />
      </LocalizedNames>
    </Workflow>
    <Workflow WorkflowId="{5e252928-bc2d-ec11-b6e5-6045bd899491}" Name="Delete Child">
      <JsonFileName>/Workflows/DeleteChild-5E252928-BC2D-EC11-B6E5-6045BD899491.json</JsonFileName>
      <Type>1</Type>
      <Subprocess>0</Subprocess>
      <Category>5</Category>
      <Mode>0</Mode>
      <Scope>4</Scope>
      <OnDemand>0</OnDemand>
      <TriggerOnCreate>0</TriggerOnCreate>
      <TriggerOnDelete>0</TriggerOnDelete>
      <AsyncAutodelete>0</AsyncAutodelete>
      <SyncWorkflowLogOnFailure>0</SyncWorkflowLogOnFailure>
      <StateCode>1</StateCode>
      <StatusCode>2</StatusCode>
      <RunAs>1</RunAs>
      <IsTransacted>1</IsTransacted>
      <IntroducedVersion>1.0.0.5</IntroducedVersion>
      <IsCustomizable>1</IsCustomizable>
      <IsCustomProcessingStepAllowedForOtherPublishers>1</IsCustomProcessingStepAllowedForOtherPublishers>
      <PrimaryEntity>none</PrimaryEntity>
      <LocalizedNames>
        <LocalizedName languagecode="1033" description="Delete Child" />
      </LocalizedNames>
    </Workflow>
    <Workflow WorkflowId="{4d23bb4d-c92d-ec11-b6e5-6045bd899491}" Name="Income BD - Save Screen">
      <JsonFileName>/Workflows/IncomeBD-SaveScreen-4D23BB4D-C92D-EC11-B6E5-6045BD899491.json</JsonFileName>
      <Type>1</Type>
      <Subprocess>0</Subprocess>
      <Category>5</Category>
      <Mode>0</Mode>
      <Scope>4</Scope>
      <OnDemand>0</OnDemand>
      <TriggerOnCreate>0</TriggerOnCreate>
      <TriggerOnDelete>0</TriggerOnDelete>
      <AsyncAutodelete>0</AsyncAutodelete>
      <SyncWorkflowLogOnFailure>0</SyncWorkflowLogOnFailure>
      <StateCode>1</StateCode>
      <StatusCode>2</StatusCode>
      <RunAs>1</RunAs>
      <IsTransacted>1</IsTransacted>
      <IntroducedVersion>1.0.0.5</IntroducedVersion>
      <IsCustomizable>1</IsCustomizable>
      <IsCustomProcessingStepAllowedForOtherPublishers>1</IsCustomProcessingStepAllowedForOtherPublishers>
      <PrimaryEntity>none</PrimaryEntity>
      <LocalizedNames>
        <LocalizedName languagecode="1033" description="Income BD - Save Screen" />
      </LocalizedNames>
    </Workflow>
    <Workflow WorkflowId="{e999b987-2925-ec11-b6e5-6045bd8b092f}" Name="Mollie - Create Order">
      <JsonFileName>/Workflows/Mollie-CreateOrder-E999B987-2925-EC11-B6E5-6045BD8B092F.json</JsonFileName>
      <Type>1</Type>
      <Subprocess>0</Subprocess>
      <Category>5</Category>
      <Mode>0</Mode>
      <Scope>4</Scope>
      <OnDemand>0</OnDemand>
      <TriggerOnCreate>0</TriggerOnCreate>
      <TriggerOnDelete>0</TriggerOnDelete>
      <AsyncAutodelete>0</AsyncAutodelete>
      <SyncWorkflowLogOnFailure>0</SyncWorkflowLogOnFailure>
      <StateCode>0</StateCode>
      <StatusCode>1</StatusCode>
      <RunAs>1</RunAs>
      <IsTransacted>1</IsTransacted>
      <IntroducedVersion>1.0.0.5</IntroducedVersion>
      <IsCustomizable>1</IsCustomizable>
      <IsCustomProcessingStepAllowedForOtherPublishers>1</IsCustomProcessingStepAllowedForOtherPublishers>
      <PrimaryEntity>none</PrimaryEntity>
      <LocalizedNames>
        <LocalizedName languagecode="1033" description="Mollie - Create Order" />
      </LocalizedNames>
    </Workflow>
    <Workflow WorkflowId="{24169ea5-df25-ec11-b6e5-6045bd8b092f}" Name="Mollie - webhookUrl- Get Payment Details">
      <JsonFileName>/Workflows/Mollie-webhookUrl-GetPaymentDetails-24169EA5-DF25-EC11-B6E5-6045BD8B092F.json</JsonFileName>
      <Type>1</Type>
      <Subprocess>0</Subprocess>
      <Category>5</Category>
      <Mode>0</Mode>
      <Scope>4</Scope>
      <OnDemand>0</OnDemand>
      <TriggerOnCreate>0</TriggerOnCreate>
      <TriggerOnDelete>0</TriggerOnDelete>
      <AsyncAutodelete>0</AsyncAutodelete>
      <SyncWorkflowLogOnFailure>0</SyncWorkflowLogOnFailure>
      <StateCode>1</StateCode>
      <StatusCode>2</StatusCode>
      <RunAs>1</RunAs>
      <IsTransacted>1</IsTransacted>
      <IntroducedVersion>1.0.0.5</IntroducedVersion>
      <IsCustomizable>1</IsCustomizable>
      <IsCustomProcessingStepAllowedForOtherPublishers>1</IsCustomProcessingStepAllowedForOtherPublishers>
      <PrimaryEntity>none</PrimaryEntity>
      <LocalizedNames>
        <LocalizedName languagecode="1033" description="Mollie - webhookUrl- Get Payment Details" />
      </LocalizedNames>
    </Workflow>
    <Workflow WorkflowId="{ca31603c-e625-ec11-b6e5-6045bd8b092f}" Name="Mollie - Create Payment">
      <JsonFileName>/Workflows/Mollie-CreatePayment-CA31603C-E625-EC11-B6E5-6045BD8B092F.json</JsonFileName>
      <Type>1</Type>
      <Subprocess>0</Subprocess>
      <Category>5</Category>
      <Mode>0</Mode>
      <Scope>4</Scope>
      <OnDemand>0</OnDemand>
      <TriggerOnCreate>0</TriggerOnCreate>
      <TriggerOnDelete>0</TriggerOnDelete>
      <AsyncAutodelete>0</AsyncAutodelete>
      <SyncWorkflowLogOnFailure>0</SyncWorkflowLogOnFailure>
      <StateCode>1</StateCode>
      <StatusCode>2</StatusCode>
      <RunAs>1</RunAs>
      <IsTransacted>1</IsTransacted>
      <IntroducedVersion>1.0.0.5</IntroducedVersion>
      <IsCustomizable>1</IsCustomizable>
      <IsCustomProcessingStepAllowedForOtherPublishers>1</IsCustomProcessingStepAllowedForOtherPublishers>
      <PrimaryEntity>none</PrimaryEntity>
      <LocalizedNames>
        <LocalizedName languagecode="1033" description="Mollie - Create Payment" />
      </LocalizedNames>
    </Workflow>
    <Workflow WorkflowId="{957c4f4f-9226-ec11-b6e5-6045bd8b092f}" Name="Clone Calculation - Action" Description="Invoked from Calculation Start in order to perform the calculation clone">
      <JsonFileName>/Workflows/CloneCalculation-Action-957C4F4F-9226-EC11-B6E5-6045BD8B092F.json</JsonFileName>
      <Type>1</Type>
      <Subprocess>0</Subprocess>
      <Category>5</Category>
      <Mode>0</Mode>
      <Scope>4</Scope>
      <OnDemand>0</OnDemand>
      <TriggerOnCreate>0</TriggerOnCreate>
      <TriggerOnDelete>0</TriggerOnDelete>
      <AsyncAutodelete>0</AsyncAutodelete>
      <SyncWorkflowLogOnFailure>0</SyncWorkflowLogOnFailure>
      <StateCode>1</StateCode>
      <StatusCode>2</StatusCode>
      <RunAs>1</RunAs>
      <IsTransacted>1</IsTransacted>
      <IntroducedVersion>1.0.0.5</IntroducedVersion>
      <IsCustomizable>1</IsCustomizable>
      <IsCustomProcessingStepAllowedForOtherPublishers>1</IsCustomProcessingStepAllowedForOtherPublishers>
      <PrimaryEntity>none</PrimaryEntity>
      <LocalizedNames>
        <LocalizedName languagecode="1033" description="Clone Calculation - Action" />
      </LocalizedNames>
      <Descriptions>
        <Description languagecode="1033" description="Invoked from Calculation Start in order to perform the calculation clone" />
      </Descriptions>
    </Workflow>
    <Workflow WorkflowId="{d71d25f2-9426-ec11-b6e5-6045bd8b092f}" Name="Clone Calculation - Start" Description="Invoked from Portal in order to start a calculation clone">
      <JsonFileName>/Workflows/CloneCalculation-Start-D71D25F2-9426-EC11-B6E5-6045BD8B092F.json</JsonFileName>
      <Type>1</Type>
      <Subprocess>0</Subprocess>
      <Category>5</Category>
      <Mode>0</Mode>
      <Scope>4</Scope>
      <OnDemand>0</OnDemand>
      <TriggerOnCreate>0</TriggerOnCreate>
      <TriggerOnDelete>0</TriggerOnDelete>
      <AsyncAutodelete>0</AsyncAutodelete>
      <SyncWorkflowLogOnFailure>0</SyncWorkflowLogOnFailure>
      <StateCode>1</StateCode>
      <StatusCode>2</StatusCode>
      <RunAs>1</RunAs>
      <IsTransacted>1</IsTransacted>
      <IntroducedVersion>1.0.0.5</IntroducedVersion>
      <IsCustomizable>1</IsCustomizable>
      <IsCustomProcessingStepAllowedForOtherPublishers>1</IsCustomProcessingStepAllowedForOtherPublishers>
      <PrimaryEntity>none</PrimaryEntity>
      <LocalizedNames>
        <LocalizedName languagecode="1033" description="Clone Calculation - Start" />
      </LocalizedNames>
      <Descriptions>
        <Description languagecode="1033" description="Invoked from Portal in order to start a calculation clone" />
      </Descriptions>
    </Workflow>
    <Workflow WorkflowId="{76e78f83-da43-ec11-8c62-6045bd8cd703}" Name="Validate Authentication and Authorization" Description="Authentication:&#xA;[PortalAuthToken] - Required&#xA;&#xA;Authorization (At least one must be filled in):&#xA;[DossierId] - Optional&#xA;[CalculationId] - Optional&#xA;[CalculationId + StepId] - Optional">
      <JsonFileName>/Workflows/ValidateAuthenticationandAuthorization-76E78F83-DA43-EC11-8C62-6045BD8CD703.json</JsonFileName>
      <Type>1</Type>
      <Subprocess>0</Subprocess>
      <Category>5</Category>
      <Mode>0</Mode>
      <Scope>4</Scope>
      <OnDemand>0</OnDemand>
      <TriggerOnCreate>0</TriggerOnCreate>
      <TriggerOnDelete>0</TriggerOnDelete>
      <AsyncAutodelete>0</AsyncAutodelete>
      <SyncWorkflowLogOnFailure>0</SyncWorkflowLogOnFailure>
      <StateCode>1</StateCode>
      <StatusCode>2</StatusCode>
      <RunAs>1</RunAs>
      <IsTransacted>1</IsTransacted>
      <IntroducedVersion>1.0.0.9</IntroducedVersion>
      <IsCustomizable>1</IsCustomizable>
      <IsCustomProcessingStepAllowedForOtherPublishers>1</IsCustomProcessingStepAllowedForOtherPublishers>
      <PrimaryEntity>none</PrimaryEntity>
      <LocalizedNames>
        <LocalizedName languagecode="1033" description="Validate Authentication and Authorization" />
      </LocalizedNames>
      <Descriptions>
        <Description languagecode="1033" description="Authentication:&#xA;[PortalAuthToken] - Required&#xA;&#xA;Authorization (At least one must be filled in):&#xA;[DossierId] - Optional&#xA;[CalculationId] - Optional&#xA;[CalculationId + StepId] - Optional" />
      </Descriptions>
    </Workflow>
    <Workflow WorkflowId="{31206be8-8645-ec11-8c62-6045bd8db774}" Name="[Contact] - Delete Azure Account">
      <JsonFileName>/Workflows/Contact-DeleteAzureAccount-31206BE8-8645-EC11-8C62-6045BD8DB774.json</JsonFileName>
      <Type>1</Type>
      <Subprocess>0</Subprocess>
      <Category>5</Category>
      <Mode>0</Mode>
      <Scope>4</Scope>
      <OnDemand>0</OnDemand>
      <TriggerOnCreate>0</TriggerOnCreate>
      <TriggerOnDelete>0</TriggerOnDelete>
      <AsyncAutodelete>0</AsyncAutodelete>
      <SyncWorkflowLogOnFailure>0</SyncWorkflowLogOnFailure>
      <StateCode>1</StateCode>
      <StatusCode>2</StatusCode>
      <RunAs>1</RunAs>
      <IsTransacted>1</IsTransacted>
      <IntroducedVersion>1.0.0.9</IntroducedVersion>
      <IsCustomizable>1</IsCustomizable>
      <IsCustomProcessingStepAllowedForOtherPublishers>1</IsCustomProcessingStepAllowedForOtherPublishers>
      <PrimaryEntity>none</PrimaryEntity>
      <LocalizedNames>
        <LocalizedName languagecode="1033" description="[Contact] - Delete Azure Account" />
      </LocalizedNames>
    </Workflow>
    <Workflow WorkflowId="{0c6a3bf7-1c46-ec11-8c62-6045bd8db774}" Name="Disconnect Dossier ">
      <JsonFileName>/Workflows/DisconnectDossier-0C6A3BF7-1C46-EC11-8C62-6045BD8DB774.json</JsonFileName>
      <Type>1</Type>
      <Subprocess>0</Subprocess>
      <Category>5</Category>
      <Mode>0</Mode>
      <Scope>4</Scope>
      <OnDemand>0</OnDemand>
      <TriggerOnCreate>0</TriggerOnCreate>
      <TriggerOnDelete>0</TriggerOnDelete>
      <AsyncAutodelete>0</AsyncAutodelete>
      <SyncWorkflowLogOnFailure>0</SyncWorkflowLogOnFailure>
      <StateCode>1</StateCode>
      <StatusCode>2</StatusCode>
      <RunAs>1</RunAs>
      <IsTransacted>1</IsTransacted>
      <IntroducedVersion>1.0.0.9</IntroducedVersion>
      <IsCustomizable>1</IsCustomizable>
      <IsCustomProcessingStepAllowedForOtherPublishers>1</IsCustomProcessingStepAllowedForOtherPublishers>
      <PrimaryEntity>none</PrimaryEntity>
      <LocalizedNames>
        <LocalizedName languagecode="1033" description="Disconnect Dossier " />
      </LocalizedNames>
    </Workflow>
    <Workflow WorkflowId="{2bdf4e51-4746-ec11-8c62-6045bd8db774}" Name="Dossier Management Page replace link ">
      <JsonFileName>/Workflows/DossierManagementPagereplacelink-2BDF4E51-4746-EC11-8C62-6045BD8DB774.json</JsonFileName>
      <Type>1</Type>
      <Subprocess>0</Subprocess>
      <Category>5</Category>
      <Mode>0</Mode>
      <Scope>4</Scope>
      <OnDemand>0</OnDemand>
      <TriggerOnCreate>0</TriggerOnCreate>
      <TriggerOnDelete>0</TriggerOnDelete>
      <AsyncAutodelete>0</AsyncAutodelete>
      <SyncWorkflowLogOnFailure>0</SyncWorkflowLogOnFailure>
      <StateCode>1</StateCode>
      <StatusCode>2</StatusCode>
      <RunAs>1</RunAs>
      <IsTransacted>1</IsTransacted>
      <IntroducedVersion>1.0.0.9</IntroducedVersion>
      <IsCustomizable>1</IsCustomizable>
      <IsCustomProcessingStepAllowedForOtherPublishers>1</IsCustomProcessingStepAllowedForOtherPublishers>
      <PrimaryEntity>none</PrimaryEntity>
      <LocalizedNames>
        <LocalizedName languagecode="1033" description="Dossier Management Page replace link " />
      </LocalizedNames>
    </Workflow>
    <Workflow WorkflowId="{4c6f6a4f-c530-ec11-b6e6-6045bd8e4f34}" Name="Navigate Process">
      <JsonFileName>/Workflows/NavigateProcess-4C6F6A4F-C530-EC11-B6E6-6045BD8E4F34.json</JsonFileName>
      <Type>1</Type>
      <Subprocess>0</Subprocess>
      <Category>5</Category>
      <Mode>0</Mode>
      <Scope>4</Scope>
      <OnDemand>0</OnDemand>
      <TriggerOnCreate>0</TriggerOnCreate>
      <TriggerOnDelete>0</TriggerOnDelete>
      <AsyncAutodelete>0</AsyncAutodelete>
      <SyncWorkflowLogOnFailure>0</SyncWorkflowLogOnFailure>
      <StateCode>1</StateCode>
      <StatusCode>2</StatusCode>
      <RunAs>1</RunAs>
      <IsTransacted>1</IsTransacted>
      <IntroducedVersion>1.0.0.5</IntroducedVersion>
      <IsCustomizable>1</IsCustomizable>
      <IsCustomProcessingStepAllowedForOtherPublishers>1</IsCustomProcessingStepAllowedForOtherPublishers>
      <PrimaryEntity>none</PrimaryEntity>
      <LocalizedNames>
        <LocalizedName languagecode="1033" description="Navigate Process" />
      </LocalizedNames>
    </Workflow>
    <Workflow WorkflowId="{93173b96-cd30-ec11-b6e6-6045bd8e4f34}" Name="Create or Update Personal Data">
      <JsonFileName>/Workflows/CreateorUpdatePersonalData-93173B96-CD30-EC11-B6E6-6045BD8E4F34.json</JsonFileName>
      <Type>1</Type>
      <Subprocess>0</Subprocess>
      <Category>5</Category>
      <Mode>0</Mode>
      <Scope>4</Scope>
      <OnDemand>0</OnDemand>
      <TriggerOnCreate>0</TriggerOnCreate>
      <TriggerOnDelete>0</TriggerOnDelete>
      <AsyncAutodelete>0</AsyncAutodelete>
      <SyncWorkflowLogOnFailure>0</SyncWorkflowLogOnFailure>
      <StateCode>1</StateCode>
      <StatusCode>2</StatusCode>
      <RunAs>1</RunAs>
      <IsTransacted>1</IsTransacted>
      <IntroducedVersion>1.0.0.5</IntroducedVersion>
      <IsCustomizable>1</IsCustomizable>
      <IsCustomProcessingStepAllowedForOtherPublishers>1</IsCustomProcessingStepAllowedForOtherPublishers>
      <PrimaryEntity>none</PrimaryEntity>
      <LocalizedNames>
        <LocalizedName languagecode="1033" description="Create or Update Personal Data" />
      </LocalizedNames>
    </Workflow>
    <Workflow WorkflowId="{bb056d2b-5474-4059-a8ba-f9e8ca76110f}" Name="AuthenticationAuthorization Process">
      <XamlFileName>/Workflows/AuthenticationAuthorizationProcess-BB056D2B-5474-4059-A8BA-F9E8CA76110F.xaml</XamlFileName>
      <Type>1</Type>
      <Subprocess>0</Subprocess>
      <Category>3</Category>
      <Mode>0</Mode>
      <Scope>4</Scope>
      <OnDemand>0</OnDemand>
      <TriggerOnCreate>0</TriggerOnCreate>
      <TriggerOnDelete>0</TriggerOnDelete>
      <AsyncAutodelete>0</AsyncAutodelete>
      <SyncWorkflowLogOnFailure>1</SyncWorkflowLogOnFailure>
      <StateCode>1</StateCode>
      <StatusCode>2</StatusCode>
      <CreateStage>40</CreateStage>
      <RunAs>1</RunAs>
      <SdkMessageId>{3a734c24-e046-ec11-8c62-6045bd8db774}</SdkMessageId>
      <UniqueName>AuthenticationAuthorizationProcess</UniqueName>
      <IsTransacted>1</IsTransacted>
      <IntroducedVersion>1.0.0.9</IntroducedVersion>
      <IsCustomizable>1</IsCustomizable>
      <FormId>{00000000-0000-0000-0000-000000000000}</FormId>
      <IsCustomProcessingStepAllowedForOtherPublishers>1</IsCustomProcessingStepAllowedForOtherPublishers>
      <PrimaryEntity>none</PrimaryEntity>
      <LocalizedNames>
        <LocalizedName languagecode="1033" description="AuthenticationAuthorization Process" />
      </LocalizedNames>
    </Workflow>
  </Workflows>
  <FieldSecurityProfiles></FieldSecurityProfiles>
  <Templates />
  <EntityMaps />
  <EntityRelationships />
  <OrganizationSettings />
  <optionsets />
  <CustomControls />
  <EntityDataProviders />
  <connectionreferences>
    <connectionreference connectionreferencelogicalname="cr85a_sharedazureblob_453a8">
      <connectionreferencedisplayname>Azure Blob Storage</connectionreferencedisplayname>
      <connectorid>/providers/Microsoft.PowerApps/apis/shared_azureblob</connectorid>
      <iscustomizable>1</iscustomizable>
      <statecode>0</statecode>
      <statuscode>1</statuscode>
    </connectionreference>
    <connectionreference connectionreferencelogicalname="cr85a_sharedcommondataservice_98f98">
      <connectionreferencedisplayname>Microsoft Dataverse (legacy)</connectionreferencedisplayname>
      <connectorid>/providers/Microsoft.PowerApps/apis/shared_commondataservice</connectorid>
      <iscustomizable>1</iscustomizable>
      <statecode>0</statecode>
      <statuscode>1</statuscode>
    </connectionreference>
    <connectionreference connectionreferencelogicalname="cr85a_sharedcommondataservice_fa191">
      <connectionreferencedisplayname>Microsoft Dataverse (legacy) SE_Flows-fa191</connectionreferencedisplayname>
      <connectorid>/providers/Microsoft.PowerApps/apis/shared_commondataservice</connectorid>
      <iscustomizable>1</iscustomizable>
      <statecode>0</statecode>
      <statuscode>1</statuscode>
    </connectionreference>
    <connectionreference connectionreferencelogicalname="cr85a_sharedcommondataserviceforapps_064ef">
      <connectionreferencedisplayname>Microsoft Dataverse</connectionreferencedisplayname>
      <connectorid>/providers/Microsoft.PowerApps/apis/shared_commondataserviceforapps</connectorid>
      <iscustomizable>1</iscustomizable>
      <statecode>0</statecode>
      <statuscode>1</statuscode>
    </connectionreference>
    <connectionreference connectionreferencelogicalname="cr85a_sharedcommondataserviceforapps_3db8e">
      <connectionreferencedisplayname>Microsoft Dataverse</connectionreferencedisplayname>
      <connectorid>/providers/Microsoft.PowerApps/apis/shared_commondataserviceforapps</connectorid>
      <iscustomizable>1</iscustomizable>
      <statecode>0</statecode>
      <statuscode>1</statuscode>
    </connectionreference>
    <connectionreference connectionreferencelogicalname="cr85a_sharedcommondataserviceforapps_472b0">
      <connectionreferencedisplayname>Microsoft Dataverse</connectionreferencedisplayname>
      <connectorid>/providers/Microsoft.PowerApps/apis/shared_commondataserviceforapps</connectorid>
      <iscustomizable>1</iscustomizable>
      <statecode>0</statecode>
      <statuscode>1</statuscode>
    </connectionreference>
    <connectionreference connectionreferencelogicalname="cr85a_sharedcommondataserviceforapps_81ac3">
      <connectionreferencedisplayname>Microsoft Dataverse</connectionreferencedisplayname>
      <connectorid>/providers/Microsoft.PowerApps/apis/shared_commondataserviceforapps</connectorid>
      <iscustomizable>1</iscustomizable>
      <statecode>0</statecode>
      <statuscode>1</statuscode>
    </connectionreference>
    <connectionreference connectionreferencelogicalname="cr85a_sharedcommondataserviceforapps_979e7">
      <connectionreferencedisplayname>Microsoft Dataverse SE_Flows-979e7</connectionreferencedisplayname>
      <connectorid>/providers/Microsoft.PowerApps/apis/shared_commondataserviceforapps</connectorid>
      <iscustomizable>1</iscustomizable>
      <statecode>0</statecode>
      <statuscode>1</statuscode>
    </connectionreference>
    <connectionreference connectionreferencelogicalname="cr85a_sharedcommondataserviceforapps_c91da">
      <connectionreferencedisplayname>Microsoft Dataverse</connectionreferencedisplayname>
      <connectorid>/providers/Microsoft.PowerApps/apis/shared_commondataserviceforapps</connectorid>
      <iscustomizable>1</iscustomizable>
      <statecode>0</statecode>
      <statuscode>1</statuscode>
    </connectionreference>
    <connectionreference connectionreferencelogicalname="cr85a_sharedcommondataserviceforapps_d0d45">
      <connectionreferencedisplayname>Microsoft Dataverse</connectionreferencedisplayname>
      <connectorid>/providers/Microsoft.PowerApps/apis/shared_commondataserviceforapps</connectorid>
      <iscustomizable>1</iscustomizable>
      <statecode>0</statecode>
      <statuscode>1</statuscode>
    </connectionreference>
    <connectionreference connectionreferencelogicalname="cr85a_sharedcommondataserviceforapps_e38d2">
      <connectionreferencedisplayname>Microsoft Dataverse SE_Flows-e38d2</connectionreferencedisplayname>
      <connectorid>/providers/Microsoft.PowerApps/apis/shared_commondataserviceforapps</connectorid>
      <iscustomizable>1</iscustomizable>
      <statecode>0</statecode>
      <statuscode>1</statuscode>
    </connectionreference>
    <connectionreference connectionreferencelogicalname="cr85a_sharedcommondataserviceforapps_eef4d">
      <connectionreferencedisplayname>Microsoft Dataverse</connectionreferencedisplayname>
      <connectorid>/providers/Microsoft.PowerApps/apis/shared_commondataserviceforapps</connectorid>
      <iscustomizable>1</iscustomizable>
      <statecode>0</statecode>
      <statuscode>1</statuscode>
    </connectionreference>
    <connectionreference connectionreferencelogicalname="cr85a_sharedcr85a5fmollie20connector5f40e5b0d8d3303b9d_b083c">
      <connectionreferencedisplayname>Mollie Connector SE_Flows-b083c</connectionreferencedisplayname>
      <connectorid>/providers/Microsoft.PowerApps/apis/shared_cr85a-5fmollie-20connector-5fe395771b7c6c5052</connectorid>
      <customconnectorid>
        <connectorid>57a8deef-414b-47b8-89f4-6604055e9927</connectorid>
      </customconnectorid>
      <iscustomizable>1</iscustomizable>
      <statecode>0</statecode>
      <statuscode>1</statuscode>
    </connectionreference>
    <connectionreference connectionreferencelogicalname="cr85a_sharedexcelonlinebusiness_247d6">
      <connectionreferencedisplayname>Excel Online (Business) SE_Flows-247d6</connectionreferencedisplayname>
      <connectorid>/providers/Microsoft.PowerApps/apis/shared_excelonlinebusiness</connectorid>
      <iscustomizable>1</iscustomizable>
      <statecode>0</statecode>
      <statuscode>1</statuscode>
    </connectionreference>
    <connectionreference connectionreferencelogicalname="cr85a_sharedoffice365_0d75f">
      <connectionreferencedisplayname>Office 365 Outlook SE_Flows-0d75f</connectionreferencedisplayname>
      <connectorid>/providers/Microsoft.PowerApps/apis/shared_office365</connectorid>
      <iscustomizable>1</iscustomizable>
      <statecode>0</statecode>
      <statuscode>1</statuscode>
    </connectionreference>
    <connectionreference connectionreferencelogicalname="cr85a_sharedoffice365_4ba92">
      <connectionreferencedisplayname>Office 365 Outlook SE_Flows-4ba92</connectionreferencedisplayname>
      <connectorid>/providers/Microsoft.PowerApps/apis/shared_office365</connectorid>
      <iscustomizable>1</iscustomizable>
      <statecode>0</statecode>
      <statuscode>1</statuscode>
    </connectionreference>
    <connectionreference connectionreferencelogicalname="cr85a_sharedoffice365_f93b6">
      <connectionreferencedisplayname>Office 365 Outlook SE_Flows-f93b6</connectionreferencedisplayname>
      <connectorid>/providers/Microsoft.PowerApps/apis/shared_office365</connectorid>
      <iscustomizable>1</iscustomizable>
      <statecode>0</statecode>
      <statuscode>1</statuscode>
    </connectionreference>
    <connectionreference connectionreferencelogicalname="cr85a_sharedoffice365_fe9b2">
      <connectionreferencedisplayname>Office 365 Outlook SE_Flows-fe9b2</connectionreferencedisplayname>
      <connectorid>/providers/Microsoft.PowerApps/apis/shared_office365</connectorid>
      <iscustomizable>1</iscustomizable>
      <statecode>0</statecode>
      <statuscode>1</statuscode>
    </connectionreference>
    <connectionreference connectionreferencelogicalname="new_sharedcommondataserviceforapps_4c7c4">
      <connectionreferencedisplayname>Microsoft Dataverse</connectionreferencedisplayname>
      <connectorid>/providers/Microsoft.PowerApps/apis/shared_commondataserviceforapps</connectorid>
      <iscustomizable>1</iscustomizable>
      <statecode>0</statecode>
      <statuscode>1</statuscode>
    </connectionreference>
    <connectionreference connectionreferencelogicalname="new_sharedoffice365_6ee6c">
      <connectionreferencedisplayname>Office 365 Outlook</connectionreferencedisplayname>
      <connectorid>/providers/Microsoft.PowerApps/apis/shared_office365</connectorid>
      <iscustomizable>1</iscustomizable>
      <statecode>0</statecode>
      <statuscode>1</statuscode>
    </connectionreference>
  </connectionreferences>
  <Languages>
    <Language>1033</Language>
    <Language>1043</Language>
  </Languages>
</ImportExportXml>