<ImportExportXml version="9.2.21112.136" SolutionPackageVersion="9.2" languagecode="1033" generatedBy="CrmLive" xmlns:xsi="http://www.w3.org/2001/XMLSchema-instance">
  <SolutionManifest>
    <UniqueName>SE_Flows</UniqueName>
    <LocalizedNames>
      <LocalizedName description="SE_flows" languagecode="1033" />
    </LocalizedNames>
    <Descriptions>
      <Description description="Upgrade of SE_flows" languagecode="1033" />
    </Descriptions>
    <Version>1.1.0.1</Version>
    <Managed>0</Managed>
    <Publisher>
      <UniqueName>Cra7d3e</UniqueName>
      <LocalizedNames>
        <LocalizedName description="Divorce Expert Publisher" languagecode="1033" />
      </LocalizedNames>
      <Descriptions />
      <EMailAddress xsi:nil="true"></EMailAddress>
      <SupportingWebsiteUrl xsi:nil="true"></SupportingWebsiteUrl>
      <CustomizationPrefix>cr85a</CustomizationPrefix>
      <CustomizationOptionValuePrefix>46928</CustomizationOptionValuePrefix>
      <Addresses>
        <Address>
          <AddressNumber>1</AddressNumber>
          <AddressTypeCode xsi:nil="true"></AddressTypeCode>
          <City xsi:nil="true"></City>
          <County xsi:nil="true"></County>
          <Country xsi:nil="true"></Country>
          <Fax xsi:nil="true"></Fax>
          <FreightTermsCode xsi:nil="true"></FreightTermsCode>
          <ImportSequenceNumber xsi:nil="true"></ImportSequenceNumber>
          <Latitude xsi:nil="true"></Latitude>
          <Line1 xsi:nil="true"></Line1>
          <Line2 xsi:nil="true"></Line2>
          <Line3 xsi:nil="true"></Line3>
          <Longitude xsi:nil="true"></Longitude>
          <Name xsi:nil="true"></Name>
          <PostalCode xsi:nil="true"></PostalCode>
          <PostOfficeBox xsi:nil="true"></PostOfficeBox>
          <PrimaryContactName xsi:nil="true"></PrimaryContactName>
          <ShippingMethodCode xsi:nil="true"></ShippingMethodCode>
          <StateOrProvince xsi:nil="true"></StateOrProvince>
          <Telephone1 xsi:nil="true"></Telephone1>
          <Telephone2 xsi:nil="true"></Telephone2>
          <Telephone3 xsi:nil="true"></Telephone3>
          <TimeZoneRuleVersionNumber xsi:nil="true"></TimeZoneRuleVersionNumber>
          <UPSZone xsi:nil="true"></UPSZone>
          <UTCOffset xsi:nil="true"></UTCOffset>
          <UTCConversionTimeZoneCode xsi:nil="true"></UTCConversionTimeZoneCode>
        </Address>
        <Address>
          <AddressNumber>2</AddressNumber>
          <AddressTypeCode xsi:nil="true"></AddressTypeCode>
          <City xsi:nil="true"></City>
          <County xsi:nil="true"></County>
          <Country xsi:nil="true"></Country>
          <Fax xsi:nil="true"></Fax>
          <FreightTermsCode xsi:nil="true"></FreightTermsCode>
          <ImportSequenceNumber xsi:nil="true"></ImportSequenceNumber>
          <Latitude xsi:nil="true"></Latitude>
          <Line1 xsi:nil="true"></Line1>
          <Line2 xsi:nil="true"></Line2>
          <Line3 xsi:nil="true"></Line3>
          <Longitude xsi:nil="true"></Longitude>
          <Name xsi:nil="true"></Name>
          <PostalCode xsi:nil="true"></PostalCode>
          <PostOfficeBox xsi:nil="true"></PostOfficeBox>
          <PrimaryContactName xsi:nil="true"></PrimaryContactName>
          <ShippingMethodCode xsi:nil="true"></ShippingMethodCode>
          <StateOrProvince xsi:nil="true"></StateOrProvince>
          <Telephone1 xsi:nil="true"></Telephone1>
          <Telephone2 xsi:nil="true"></Telephone2>
          <Telephone3 xsi:nil="true"></Telephone3>
          <TimeZoneRuleVersionNumber xsi:nil="true"></TimeZoneRuleVersionNumber>
          <UPSZone xsi:nil="true"></UPSZone>
          <UTCOffset xsi:nil="true"></UTCOffset>
          <UTCConversionTimeZoneCode xsi:nil="true"></UTCConversionTimeZoneCode>
        </Address>
      </Addresses>
    </Publisher>
    <RootComponents>
      <RootComponent type="29" id="{011ff58a-81d5-eb11-bacc-000d3aae8c97}" behavior="0" />
      <RootComponent type="29" id="{04cbaa58-670a-ec11-b6e6-000d3a4a8b1f}" behavior="0" />
      <RootComponent type="29" id="{09f7495d-68d8-eb11-bacb-0022487fd89d}" behavior="0" />
      <RootComponent type="29" id="{0c6a3bf7-1c46-ec11-8c62-6045bd8db774}" behavior="0" />
      <RootComponent type="29" id="{0ca40fcb-3816-ec11-b6e6-6045bd887830}" behavior="0" />
      <RootComponent type="29" id="{157e7959-0a21-ec11-b6e6-000d3aabbe15}" behavior="0" />
      <RootComponent type="29" id="{19c1680d-4be6-eb11-bacb-000d3a4aff39}" behavior="0" />
      <RootComponent type="29" id="{1ac1680d-4be6-eb11-bacb-000d3a4aff39}" behavior="0" />
      <RootComponent type="29" id="{1c9b08f0-d74e-ec11-8c62-000d3abdbe50}" behavior="0" />
      <RootComponent type="29" id="{24169ea5-df25-ec11-b6e5-6045bd8b092f}" behavior="0" />
      <RootComponent type="29" id="{241cec02-3b12-ec11-b6e6-6045bd87271c}" behavior="0" />
      <RootComponent type="29" id="{2bdf4e51-4746-ec11-8c62-6045bd8db774}" behavior="0" />
      <RootComponent type="29" id="{31206be8-8645-ec11-8c62-6045bd8db774}" behavior="0" />
      <RootComponent type="29" id="{34165cb4-5b20-ec11-b6e6-000d3aabbe15}" behavior="0" />
      <RootComponent type="29" id="{357b8a10-03a3-eb11-b1ac-000d3a4cd3de}" behavior="0" />
      <RootComponent type="29" id="{367b8a10-03a3-eb11-b1ac-000d3a4cd3de}" behavior="0" />
      <RootComponent type="29" id="{37c41e49-1537-ec11-8c64-000d3a282769}" behavior="0" />
      <RootComponent type="29" id="{404265c6-472b-ec11-b6e5-6045bd899491}" behavior="0" />
      <RootComponent type="29" id="{4c6f6a4f-c530-ec11-b6e6-6045bd8e4f34}" behavior="0" />
      <RootComponent type="29" id="{4d23bb4d-c92d-ec11-b6e5-6045bd899491}" behavior="0" />
      <RootComponent type="29" id="{4dc3f07c-3912-ec11-b6e6-6045bd87271c}" behavior="0" />
      <RootComponent type="29" id="{4df3bf3c-c7d5-eb11-bacc-000d3aae8c97}" behavior="0" />
      <RootComponent type="29" id="{5917c82d-378b-eb11-b1ac-000d3a48bba1}" behavior="0" />
      <RootComponent type="29" id="{596b1ddf-269e-eb11-b1ac-000d3a21153a}" behavior="0" />
      <RootComponent type="29" id="{5a17c82d-378b-eb11-b1ac-000d3a48bba1}" behavior="0" />
      <RootComponent type="29" id="{5ad099de-7694-42b6-af3d-3dac22e700a7}" behavior="0" />
      <RootComponent type="29" id="{5d00f5b5-5ba4-eb11-b1ac-000d3a4cd3de}" behavior="0" />
      <RootComponent type="29" id="{5e00f5b5-5ba4-eb11-b1ac-000d3a4cd3de}" behavior="0" />
      <RootComponent type="29" id="{5e252928-bc2d-ec11-b6e5-6045bd899491}" behavior="0" />
      <RootComponent type="29" id="{624f49bb-e2f9-eb11-94ef-000d3a2adb45}" behavior="0" />
      <RootComponent type="29" id="{6aae08a4-48e6-eb11-bacb-000d3a4aff39}" behavior="0" />
      <RootComponent type="29" id="{700b4719-9417-ec11-b6e6-6045bd887830}" behavior="0" />
      <RootComponent type="29" id="{76e78f83-da43-ec11-8c62-6045bd8cd703}" behavior="0" />
      <RootComponent type="29" id="{811c0cf4-b4d6-eb11-bacb-0022487fd89d}" behavior="0" />
      <RootComponent type="29" id="{83921ebe-fe9d-eb11-b1ac-000d3a21153a}" behavior="0" />
      <RootComponent type="29" id="{863a76f0-e92c-ec11-b6e5-6045bd899491}" behavior="0" />
      <RootComponent type="29" id="{93173b96-cd30-ec11-b6e6-6045bd8e4f34}" behavior="0" />
      <RootComponent type="29" id="{957c4f4f-9226-ec11-b6e5-6045bd8b092f}" behavior="0" />
      <RootComponent type="29" id="{99ba5a6b-2b21-ec11-b6e6-000d3aabbe15}" behavior="0" />
      <RootComponent type="29" id="{9b6b0e46-009e-eb11-b1ac-000d3a21153a}" behavior="0" />
      <RootComponent type="29" id="{a80fcba3-712b-ec11-b6e5-6045bd899491}" behavior="0" />
      <RootComponent type="29" id="{b132cc6f-c5d5-eb11-bacc-000d3aae8c97}" behavior="0" />
      <RootComponent type="29" id="{bb056d2b-5474-4059-a8ba-f9e8ca76110f}" behavior="0" />
      <RootComponent type="29" id="{c25e9d57-9a9b-eb11-b1ac-000d3a21153a}" behavior="0" />
      <RootComponent type="29" id="{c35e9d57-9a9b-eb11-b1ac-000d3a21153a}" behavior="0" />
      <RootComponent type="29" id="{c3e21bd8-072d-ec11-b6e5-6045bd899491}" behavior="0" />
      <RootComponent type="29" id="{c4299c5a-fb9e-eb11-b1ac-000d3a4cd643}" behavior="0" />
      <RootComponent type="29" id="{c45e9d57-9a9b-eb11-b1ac-000d3a21153a}" behavior="0" />
      <RootComponent type="29" id="{c55e9d57-9a9b-eb11-b1ac-000d3a21153a}" behavior="0" />
      <RootComponent type="29" id="{ca31603c-e625-ec11-b6e5-6045bd8b092f}" behavior="0" />
      <RootComponent type="29" id="{d35e9d57-9a9b-eb11-b1ac-000d3a21153a}" behavior="0" />
      <RootComponent type="29" id="{d71d25f2-9426-ec11-b6e5-6045bd8b092f}" behavior="0" />
      <RootComponent type="29" id="{d9efd80f-a443-ec11-8c62-6045bd8cd703}" behavior="0" />
      <RootComponent type="29" id="{dba45edc-4dfc-eb11-94ef-000d3a2adb45}" behavior="0" />
      <RootComponent type="29" id="{dca45edc-4dfc-eb11-94ef-000d3a2adb45}" behavior="0" />
      <RootComponent type="29" id="{dda45edc-4dfc-eb11-94ef-000d3a2adb45}" behavior="0" />
      <RootComponent type="29" id="{dea45edc-4dfc-eb11-94ef-000d3a2adb45}" behavior="0" />
      <RootComponent type="29" id="{e05e9d57-9a9b-eb11-b1ac-000d3a21153a}" behavior="0" />
      <RootComponent type="29" id="{e999b987-2925-ec11-b6e5-6045bd8b092f}" behavior="0" />
      <RootComponent type="29" id="{ec5e9d57-9a9b-eb11-b1ac-000d3a21153a}" behavior="0" />
      <RootComponent type="29" id="{f05c3dc5-1e2c-ec11-b6e5-6045bd899491}" behavior="0" />
      <RootComponent type="29" id="{f0e80c50-da2c-ec11-b6e5-6045bd899491}" behavior="0" />
      <RootComponent type="29" id="{f9952faf-0e5a-4f4c-bbea-3ab68be005f2}" behavior="0" />
      <RootComponent type="29" id="{fb68d645-b962-4ecb-816e-5c163b697c20}" behavior="0" />
      <RootComponent type="29" id="{fd17c65d-dc0f-ec11-b6e6-000d3a4625ed}" behavior="0" />
      <RootComponent type="29" id="{fdfeef1e-76cf-eb11-bacc-000d3a2a54ed}" behavior="0" />
    </RootComponents>
    <MissingDependencies>
      <MissingDependency>
        <Required type="1" schemaName="adx_sitesetting" displayName="Site Setting" solution="MicrosoftPortalDependencies (9.2.2103.0)">
          <package>CDSBasePortal (9.3.2109.20)</package>
        </Required>
        <Dependent type="29" displayName="Delete Auth" id="{241cec02-3b12-ec11-b6e6-6045bd87271c}" />
      </MissingDependency>
      <MissingDependency>
        <Required type="1" schemaName="adx_sitesetting" displayName="Site Setting" solution="MicrosoftPortalDependencies (9.2.2103.0)">
          <package>CDSBasePortal (9.3.2109.20)</package>
        </Required>
        <Dependent type="29" displayName="Dossier Management Page replace link " id="{2bdf4e51-4746-ec11-8c62-6045bd8db774}" />
      </MissingDependency>
      <MissingDependency>
        <Required type="1" schemaName="adx_sitesetting" displayName="Site Setting" solution="MicrosoftPortalDependencies (9.2.2103.0)">
          <package>CDSBasePortal (9.3.2109.20)</package>
        </Required>
        <Dependent type="29" displayName="save Authorizations" id="{37c41e49-1537-ec11-8c64-000d3a282769}" />
      </MissingDependency>
      <MissingDependency>
        <Required type="1" schemaName="adx_sitesetting" displayName="Site Setting" solution="MicrosoftPortalDependencies (9.2.2103.0)">
          <package>CDSBasePortal (9.3.2109.20)</package>
        </Required>
        <Dependent type="29" displayName="Create New Account" id="{624f49bb-e2f9-eb11-94ef-000d3a2adb45}" />
      </MissingDependency>
      <MissingDependency>
        <Required type="1" schemaName="cr85a_authorizations" displayName="Authorizations" solution="Active" />
        <Dependent type="29" displayName="Delete Auth" id="{241cec02-3b12-ec11-b6e6-6045bd87271c}" />
      </MissingDependency>
      <MissingDependency>
        <Required type="1" schemaName="cr85a_authorizations" displayName="Authorizations" solution="Active" />
        <Dependent type="29" displayName="save Authorizations" id="{37c41e49-1537-ec11-8c64-000d3a282769}" />
      </MissingDependency>
      <MissingDependency>
        <Required type="1" schemaName="cr85a_authorizations" displayName="Authorizations" solution="Active" />
        <Dependent type="29" displayName="Timer - Update Invites and Auth older than 72H" id="{4dc3f07c-3912-ec11-b6e6-6045bd87271c}" />
      </MissingDependency>
      <MissingDependency>
        <Required type="1" schemaName="cr85a_authorizations" displayName="Authorizations" solution="Active" />
        <Dependent type="29" displayName="Create New Account" id="{624f49bb-e2f9-eb11-94ef-000d3a2adb45}" />
      </MissingDependency>
      <MissingDependency>
        <Required type="1" schemaName="cr85a_authorizations" displayName="Authorizations" solution="Active" />
        <Dependent type="29" displayName="Disconnect Dossier to Account" id="{d9efd80f-a443-ec11-8c62-6045bd8cd703}" />
      </MissingDependency>
      <MissingDependency>
        <Required type="1" schemaName="cr85a_authorizations" displayName="Authorizations" solution="Active" />
        <Dependent type="29" displayName="save Redirect" id="{fd17c65d-dc0f-ec11-b6e6-000d3a4625ed}" />
      </MissingDependency>
      <MissingDependency>
        <Required type="1" schemaName="cr85a_authorizationtype" displayName="AuthorizationType" solution="Active" />
        <Dependent type="29" displayName="save Authorizations" id="{37c41e49-1537-ec11-8c64-000d3a282769}" />
      </MissingDependency>
      <MissingDependency>
        <Required type="1" schemaName="cr85a_authorizationtype" displayName="AuthorizationType" solution="Active" />
        <Dependent type="29" displayName="Create New Account" id="{624f49bb-e2f9-eb11-94ef-000d3a2adb45}" />
      </MissingDependency>
      <MissingDependency>
        <Required type="1" schemaName="cr85a_behoefte" displayName="Behoefte" solution="Active" />
        <Dependent type="29" displayName="Delete Calculation" id="{157e7959-0a21-ec11-b6e6-000d3aabbe15}" />
      </MissingDependency>
      <MissingDependency>
        <Required type="1" schemaName="cr85a_behoefterelatie" displayName="BehoefteRelatie" solution="Active" />
        <Dependent type="29" displayName="Delete Calculation" id="{157e7959-0a21-ec11-b6e6-000d3aabbe15}" />
      </MissingDependency>
      <MissingDependency>
        <Required type="1" schemaName="cr85a_bezitschuldcode" displayName="BezitSchuldCode" solution="Active" />
        <Dependent type="29" displayName="Create or Update Assets and Liabilities" id="{367b8a10-03a3-eb11-b1ac-000d3a4cd3de}" />
      </MissingDependency>
      <MissingDependency>
        <Required type="1" schemaName="cr85a_bezitschuldcode" displayName="BezitSchuldCode" solution="Active" />
        <Dependent type="29" displayName="save DistributionEquity AD" id="{6aae08a4-48e6-eb11-bacb-000d3a4aff39}" />
      </MissingDependency>
      <MissingDependency>
        <Required type="1" schemaName="cr85a_calculation" displayName="Calculation" solution="Active" />
        <Dependent type="29" displayName="Delete Calculation" id="{157e7959-0a21-ec11-b6e6-000d3aabbe15}" />
      </MissingDependency>
      <MissingDependency>
        <Required type="1" schemaName="cr85a_calculation" displayName="Calculation" solution="Active" />
        <Dependent type="29" displayName="Update Calculation" id="{34165cb4-5b20-ec11-b6e6-000d3aabbe15}" />
      </MissingDependency>
      <MissingDependency>
        <Required type="1" schemaName="cr85a_calculation" displayName="Calculation" solution="Active" />
        <Dependent type="29" displayName="Clone Calculation - Completed" id="{404265c6-472b-ec11-b6e5-6045bd899491}" />
      </MissingDependency>
      <MissingDependency>
        <Required type="1" schemaName="cr85a_calculation" displayName="Calculation" solution="Active" />
        <Dependent type="29" displayName="Create Or Update Income" id="{596b1ddf-269e-eb11-b1ac-000d3a21153a}" />
      </MissingDependency>
      <MissingDependency>
        <Required type="1" schemaName="cr85a_calculation" displayName="Calculation" solution="Active" />
        <Dependent type="29" displayName="Create new calculation" id="{5a17c82d-378b-eb11-b1ac-000d3a48bba1}" />
      </MissingDependency>
      <MissingDependency>
        <Required type="1" schemaName="cr85a_calculation" displayName="Calculation" solution="Active" />
        <Dependent type="29" displayName="save simultaneous entry" id="{700b4719-9417-ec11-b6e6-6045bd887830}" />
      </MissingDependency>
      <MissingDependency>
        <Required type="1" schemaName="cr85a_calculation" displayName="Calculation" solution="Active" />
        <Dependent type="29" displayName="Clone Calculation - Action" id="{957c4f4f-9226-ec11-b6e5-6045bd8b092f}" />
      </MissingDependency>
      <MissingDependency>
        <Required type="1" schemaName="cr85a_calculation" displayName="Calculation" solution="Active" />
        <Dependent type="29" displayName="CloneCalculation" id="{99ba5a6b-2b21-ec11-b6e6-000d3aabbe15}" />
      </MissingDependency>
      <MissingDependency>
        <Required type="1" schemaName="cr85a_calculation" displayName="Calculation" solution="Active" />
        <Dependent type="29" displayName="Clone Calculation - Start" id="{d71d25f2-9426-ec11-b6e5-6045bd8b092f}" />
      </MissingDependency>
      <MissingDependency>
        <Required type="1" schemaName="cr85a_calculation" displayName="Calculation" solution="Active" />
        <Dependent type="29" displayName="Disconnect Dossier to Account" id="{d9efd80f-a443-ec11-8c62-6045bd8cd703}" />
      </MissingDependency>
      <MissingDependency>
        <Required type="1" schemaName="cr85a_calculation" displayName="Calculation" solution="Active" />
        <Dependent type="29" displayName="IncomeBeforeDivorce_checkscanstatus" id="{f0e80c50-da2c-ec11-b6e5-6045bd899491}" />
      </MissingDependency>
      <MissingDependency>
        <Required type="1" schemaName="cr85a_calculationattachment" displayName="Calculation Attachment" solution="Active" />
        <Dependent type="29" displayName="Delete Document" id="{c35e9d57-9a9b-eb11-b1ac-000d3a21153a}" />
      </MissingDependency>
      <MissingDependency>
        <Required type="1" schemaName="cr85a_calculationattachment" displayName="Calculation Attachment" solution="Active" />
        <Dependent type="29" displayName="Disconnect Dossier to Account" id="{d9efd80f-a443-ec11-8c62-6045bd8cd703}" />
      </MissingDependency>
      <MissingDependency>
        <Required type="1" schemaName="cr85a_calculationattachment" displayName="Calculation Attachment" solution="Active" />
        <Dependent type="29" displayName="Save Document" id="{e05e9d57-9a9b-eb11-b1ac-000d3a21153a}" />
      </MissingDependency>
      <MissingDependency>
        <Required type="1" schemaName="cr85a_case" displayName="Case" solution="Active" />
        <Dependent type="29" displayName="Delete Calculation" id="{157e7959-0a21-ec11-b6e6-000d3aabbe15}" />
      </MissingDependency>
      <MissingDependency>
        <Required type="1" schemaName="cr85a_case" displayName="Case" solution="Active" />
        <Dependent type="29" displayName="Create new calculation" id="{5a17c82d-378b-eb11-b1ac-000d3a48bba1}" />
      </MissingDependency>
      <MissingDependency>
        <Required type="1" schemaName="cr85a_case" displayName="Case" solution="Active" />
        <Dependent type="29" displayName="Create or Update Relation" id="{5d00f5b5-5ba4-eb11-b1ac-000d3a4cd3de}" />
      </MissingDependency>
      <MissingDependency>
        <Required type="1" schemaName="cr85a_case" displayName="Case" solution="Active" />
        <Dependent type="29" displayName="Create Or Update Case" id="{5e00f5b5-5ba4-eb11-b1ac-000d3a4cd3de}" />
      </MissingDependency>
      <MissingDependency>
        <Required type="1" schemaName="cr85a_case" displayName="Case" solution="Active" />
        <Dependent type="29" displayName="Create or Update Personal Data" id="{93173b96-cd30-ec11-b6e6-6045bd8e4f34}" />
      </MissingDependency>
      <MissingDependency>
        <Required type="1" schemaName="cr85a_case" displayName="Case" solution="Active" />
        <Dependent type="29" displayName="Disconnect Dossier to Account" id="{d9efd80f-a443-ec11-8c62-6045bd8cd703}" />
      </MissingDependency>
      <MissingDependency>
        <Required type="1" schemaName="cr85a_contactscaninformation" displayName="ContactScanInformation" solution="Active" />
        <Dependent type="29" displayName="Create new calculation" id="{5a17c82d-378b-eb11-b1ac-000d3a48bba1}" />
      </MissingDependency>
      <MissingDependency>
        <Required type="1" schemaName="cr85a_contactscaninformation" displayName="ContactScanInformation" solution="Active" />
        <Dependent type="29" displayName="Create New Account" id="{624f49bb-e2f9-eb11-94ef-000d3a2adb45}" />
      </MissingDependency>
      <MissingDependency>
        <Required type="1" schemaName="cr85a_contactscaninformation" displayName="ContactScanInformation" solution="Active" />
        <Dependent type="29" displayName="Disconnect Dossier to Account" id="{d9efd80f-a443-ec11-8c62-6045bd8cd703}" />
      </MissingDependency>
      <MissingDependency>
        <Required type="1" schemaName="cr85a_customerjourney" displayName="Customer Journey" solution="Active" />
        <Dependent type="29" displayName="Create new calculation" id="{5a17c82d-378b-eb11-b1ac-000d3a48bba1}" />
      </MissingDependency>
      <MissingDependency>
        <Required type="1" schemaName="cr85a_dossier" displayName="Dossier" solution="Active" />
        <Dependent type="29" displayName="Mollie - webhookUrl- Get Payment Details" id="{24169ea5-df25-ec11-b6e5-6045bd8b092f}" />
      </MissingDependency>
      <MissingDependency>
        <Required type="1" schemaName="cr85a_dossier" displayName="Dossier" solution="Active" />
        <Dependent type="29" displayName="save Authorizations" id="{37c41e49-1537-ec11-8c64-000d3a282769}" />
      </MissingDependency>
      <MissingDependency>
        <Required type="1" schemaName="cr85a_dossier" displayName="Dossier" solution="Active" />
        <Dependent type="29" displayName="Create new calculation" id="{5a17c82d-378b-eb11-b1ac-000d3a48bba1}" />
      </MissingDependency>
      <MissingDependency>
        <Required type="1" schemaName="cr85a_dossier" displayName="Dossier" solution="Active" />
        <Dependent type="29" displayName="Create New Account" id="{624f49bb-e2f9-eb11-94ef-000d3a2adb45}" />
      </MissingDependency>
      <MissingDependency>
        <Required type="1" schemaName="cr85a_dossier" displayName="Dossier" solution="Active" />
        <Dependent type="29" displayName="Dossier - Payment Checker" id="{a80fcba3-712b-ec11-b6e5-6045bd899491}" />
      </MissingDependency>
      <MissingDependency>
        <Required type="1" schemaName="cr85a_dossier" displayName="Dossier" solution="Active" />
        <Dependent type="29" displayName="Dossier - Block Fields" id="{c3e21bd8-072d-ec11-b6e5-6045bd899491}" />
      </MissingDependency>
      <MissingDependency>
        <Required type="1" schemaName="cr85a_dossier" displayName="Dossier" solution="Active" />
        <Dependent type="29" displayName="Mollie - Create Payment" id="{ca31603c-e625-ec11-b6e5-6045bd8b092f}" />
      </MissingDependency>
      <MissingDependency>
        <Required type="1" schemaName="cr85a_dossier" displayName="Dossier" solution="Active" />
        <Dependent type="29" displayName="Disconnect Dossier to Account" id="{d9efd80f-a443-ec11-8c62-6045bd8cd703}" />
      </MissingDependency>
      <MissingDependency>
        <Required type="1" schemaName="cr85a_dossier" displayName="Dossier" solution="Active" />
        <Dependent type="29" displayName="Save Document" id="{e05e9d57-9a9b-eb11-b1ac-000d3a21153a}" />
      </MissingDependency>
      <MissingDependency>
        <Required type="1" schemaName="cr85a_dossier" displayName="Dossier" solution="Active" />
        <Dependent type="29" displayName="Timer - Update status for expired dossier" id="{f05c3dc5-1e2c-ec11-b6e5-6045bd899491}" />
      </MissingDependency>
      <MissingDependency>
        <Required type="1" schemaName="cr85a_dossier" displayName="Dossier" solution="Active" />
        <Dependent type="29" displayName="IncomeBeforeDivorce_checkscanstatus" id="{f0e80c50-da2c-ec11-b6e5-6045bd899491}" />
      </MissingDependency>
      <MissingDependency>
        <Required type="1" schemaName="cr85a_dossier" displayName="Dossier" solution="Active" />
        <Dependent type="29" displayName="save Redirect" id="{fd17c65d-dc0f-ec11-b6e6-000d3a4625ed}" />
      </MissingDependency>
      <MissingDependency>
        <Required type="1" schemaName="cr85a_draagkrachtkapa" displayName="DraagkrachtKAPA" solution="Active" />
        <Dependent type="29" displayName="Delete Calculation" id="{157e7959-0a21-ec11-b6e6-000d3aabbe15}" />
      </MissingDependency>
      <MissingDependency>
        <Required type="1" schemaName="cr85a_gebruiker" displayName="User Details" solution="Active" />
        <Dependent type="29" displayName="Delete Calculation" id="{157e7959-0a21-ec11-b6e6-000d3aabbe15}" />
      </MissingDependency>
      <MissingDependency>
        <Required type="1" schemaName="cr85a_gebruiker" displayName="User Details" solution="Active" />
        <Dependent type="29" displayName="Create Or Update Income" id="{596b1ddf-269e-eb11-b1ac-000d3a21153a}" />
      </MissingDependency>
      <MissingDependency>
        <Required type="1" schemaName="cr85a_gebruiker" displayName="User Details" solution="Active" />
        <Dependent type="29" displayName="Create new calculation" id="{5a17c82d-378b-eb11-b1ac-000d3a48bba1}" />
      </MissingDependency>
      <MissingDependency>
        <Required type="1" schemaName="cr85a_gebruiker" displayName="User Details" solution="Active" />
        <Dependent type="29" displayName="Create or Update Personal Data" id="{93173b96-cd30-ec11-b6e6-6045bd8e4f34}" />
      </MissingDependency>
      <MissingDependency>
        <Required type="1" schemaName="cr85a_gebruiker" displayName="User Details" solution="Active" />
        <Dependent type="29" displayName="Disconnect Dossier to Account" id="{d9efd80f-a443-ec11-8c62-6045bd8cd703}" />
      </MissingDependency>
      <MissingDependency>
        <Required type="1" schemaName="cr85a_gegevenseigenwoningna" displayName="GegevensEigenwoningNa" solution="Active" />
        <Dependent type="29" displayName="Delete Calculation" id="{157e7959-0a21-ec11-b6e6-000d3aabbe15}" />
      </MissingDependency>
      <MissingDependency>
        <Required type="1" schemaName="cr85a_hypotheek" displayName="Mortage" solution="Active" />
        <Dependent type="29" displayName="Delete Calculation" id="{157e7959-0a21-ec11-b6e6-000d3aabbe15}" />
      </MissingDependency>
      <MissingDependency>
        <Required type="1" schemaName="cr85a_hypotheek" displayName="Mortage" solution="Active" />
        <Dependent type="29" displayName="Save Residential situation BD" id="{5917c82d-378b-eb11-b1ac-000d3a48bba1}" />
      </MissingDependency>
      <MissingDependency>
        <Required type="1" schemaName="cr85a_hypotheek" displayName="Mortage" solution="Active" />
        <Dependent type="29" displayName="Disconnect Dossier to Account" id="{d9efd80f-a443-ec11-8c62-6045bd8cd703}" />
      </MissingDependency>
      <MissingDependency>
        <Required type="1" schemaName="cr85a_hypotheek" displayName="Mortage" solution="Active" />
        <Dependent type="29" displayName="delete Mortgage" id="{dca45edc-4dfc-eb11-94ef-000d3a2adb45}" />
      </MissingDependency>
      <MissingDependency>
        <Required type="1" schemaName="cr85a_hypotheek" displayName="Mortage" solution="Active" />
        <Dependent type="29" displayName="Rebuild Mortgage Index" id="{dda45edc-4dfc-eb11-94ef-000d3a2adb45}" />
      </MissingDependency>
      <MissingDependency>
        <Required type="1" schemaName="cr85a_hypotheek" displayName="Mortage" solution="Active" />
        <Dependent type="29" displayName="save Mortgage And Equity" id="{dea45edc-4dfc-eb11-94ef-000d3a2adb45}" />
      </MissingDependency>
      <MissingDependency>
        <Required type="1" schemaName="cr85a_ibheffinglh" displayName="IBHeffingLH" solution="Active" />
        <Dependent type="29" displayName="Delete Calculation" id="{157e7959-0a21-ec11-b6e6-000d3aabbe15}" />
      </MissingDependency>
      <MissingDependency>
        <Required type="1" schemaName="cr85a_inkbehfiscaal" displayName="InkBehFiscaal" solution="Active" />
        <Dependent type="29" displayName="Delete Calculation" id="{157e7959-0a21-ec11-b6e6-000d3aabbe15}" />
      </MissingDependency>
      <MissingDependency>
        <Required type="1" schemaName="cr85a_inkomen" displayName="Income" solution="Active" />
        <Dependent type="29" displayName="Delete Calculation" id="{157e7959-0a21-ec11-b6e6-000d3aabbe15}" />
      </MissingDependency>
      <MissingDependency>
        <Required type="1" schemaName="cr85a_inkomen" displayName="Income" solution="Active" />
        <Dependent type="29" displayName="Create Or Update Income" id="{596b1ddf-269e-eb11-b1ac-000d3a21153a}" />
      </MissingDependency>
      <MissingDependency>
        <Required type="1" schemaName="cr85a_inkomen" displayName="Income" solution="Active" />
        <Dependent type="29" displayName="Create Or Update Pension" id="{c25e9d57-9a9b-eb11-b1ac-000d3a21153a}" />
      </MissingDependency>
      <MissingDependency>
        <Required type="1" schemaName="cr85a_inkomen" displayName="Income" solution="Active" />
        <Dependent type="29" displayName="Rebuild Income Index" id="{c4299c5a-fb9e-eb11-b1ac-000d3a4cd643}" />
      </MissingDependency>
      <MissingDependency>
        <Required type="1" schemaName="cr85a_inkomen" displayName="Income" solution="Active" />
        <Dependent type="29" displayName="Create or Update Salary" id="{c45e9d57-9a9b-eb11-b1ac-000d3a21153a}" />
      </MissingDependency>
      <MissingDependency>
        <Required type="1" schemaName="cr85a_inkomen" displayName="Income" solution="Active" />
        <Dependent type="29" displayName="CreateOrUpdate IncomeWealthBox3" id="{c55e9d57-9a9b-eb11-b1ac-000d3a21153a}" />
      </MissingDependency>
      <MissingDependency>
        <Required type="1" schemaName="cr85a_inkomen" displayName="Income" solution="Active" />
        <Dependent type="29" displayName="Delete IncomeRef and Income" id="{d35e9d57-9a9b-eb11-b1ac-000d3a21153a}" />
      </MissingDependency>
      <MissingDependency>
        <Required type="1" schemaName="cr85a_inkomen" displayName="Income" solution="Active" />
        <Dependent type="29" displayName="Disconnect Dossier to Account" id="{d9efd80f-a443-ec11-8c62-6045bd8cd703}" />
      </MissingDependency>
      <MissingDependency>
        <Required type="1" schemaName="cr85a_inkomen" displayName="Income" solution="Active" />
        <Dependent type="29" displayName="Create Or Update Social Allowance" id="{ec5e9d57-9a9b-eb11-b1ac-000d3a21153a}" />
      </MissingDependency>
      <MissingDependency>
        <Required type="1" schemaName="cr85a_inkomenarbeid" displayName="Salary" solution="Active" />
        <Dependent type="29" displayName="Delete Calculation" id="{157e7959-0a21-ec11-b6e6-000d3aabbe15}" />
      </MissingDependency>
      <MissingDependency>
        <Required type="1" schemaName="cr85a_inkomenarbeid" displayName="Salary" solution="Active" />
        <Dependent type="29" displayName="Create or Update Salary" id="{c45e9d57-9a9b-eb11-b1ac-000d3a21153a}" />
      </MissingDependency>
      <MissingDependency>
        <Required type="1" schemaName="cr85a_inkomenarbeid" displayName="Salary" solution="Active" />
        <Dependent type="29" displayName="Delete IncomeRef and Income" id="{d35e9d57-9a9b-eb11-b1ac-000d3a21153a}" />
      </MissingDependency>
      <MissingDependency>
        <Required type="1" schemaName="cr85a_inkomenarbeid" displayName="Salary" solution="Active" />
        <Dependent type="29" displayName="Disconnect Dossier to Account" id="{d9efd80f-a443-ec11-8c62-6045bd8cd703}" />
      </MissingDependency>
      <MissingDependency>
        <Required type="1" schemaName="cr85a_inkomenbelastspaarbelegbox3" displayName="InkomenBelastSpaarBelegBox3" solution="Active" />
        <Dependent type="29" displayName="Delete Calculation" id="{157e7959-0a21-ec11-b6e6-000d3aabbe15}" />
      </MissingDependency>
      <MissingDependency>
        <Required type="1" schemaName="cr85a_inkomenbelastwerkwoningbox1" displayName="InkomenBelastWerkWoningBox1" solution="Active" />
        <Dependent type="29" displayName="Delete Calculation" id="{157e7959-0a21-ec11-b6e6-000d3aabbe15}" />
      </MissingDependency>
      <MissingDependency>
        <Required type="1" schemaName="cr85a_inkomenvermogenbox3" displayName="Income Wealth Box 3" solution="Active" />
        <Dependent type="29" displayName="Delete Calculation" id="{157e7959-0a21-ec11-b6e6-000d3aabbe15}" />
      </MissingDependency>
      <MissingDependency>
        <Required type="1" schemaName="cr85a_inkomenvermogenbox3" displayName="Income Wealth Box 3" solution="Active" />
        <Dependent type="29" displayName="CreateOrUpdate IncomeWealthBox3" id="{c55e9d57-9a9b-eb11-b1ac-000d3a21153a}" />
      </MissingDependency>
      <MissingDependency>
        <Required type="1" schemaName="cr85a_inkomenvermogenbox3" displayName="Income Wealth Box 3" solution="Active" />
        <Dependent type="29" displayName="Delete IncomeRef and Income" id="{d35e9d57-9a9b-eb11-b1ac-000d3a21153a}" />
      </MissingDependency>
      <MissingDependency>
        <Required type="1" schemaName="cr85a_inkomenvermogenbox3" displayName="Income Wealth Box 3" solution="Active" />
        <Dependent type="29" displayName="Disconnect Dossier to Account" id="{d9efd80f-a443-ec11-8c62-6045bd8cd703}" />
      </MissingDependency>
      <MissingDependency>
        <Required type="1" schemaName="cr85a_invites" displayName="Invites" solution="Active" />
        <Dependent type="29" displayName="save Authorizations" id="{37c41e49-1537-ec11-8c64-000d3a282769}" />
      </MissingDependency>
      <MissingDependency>
        <Required type="1" schemaName="cr85a_invites" displayName="Invites" solution="Active" />
        <Dependent type="29" displayName="Timer - Update Invites and Auth older than 72H" id="{4dc3f07c-3912-ec11-b6e6-6045bd87271c}" />
      </MissingDependency>
      <MissingDependency>
        <Required type="1" schemaName="cr85a_invites" displayName="Invites" solution="Active" />
        <Dependent type="29" displayName="Create New Account" id="{624f49bb-e2f9-eb11-94ef-000d3a2adb45}" />
      </MissingDependency>
      <MissingDependency>
        <Required type="1" schemaName="cr85a_invites" displayName="Invites" solution="Active" />
        <Dependent type="29" displayName="Disconnect Dossier to Account" id="{d9efd80f-a443-ec11-8c62-6045bd8cd703}" />
      </MissingDependency>
      <MissingDependency>
        <Required type="1" schemaName="cr85a_invites" displayName="Invites" solution="Active" />
        <Dependent type="29" displayName="save Redirect" id="{fd17c65d-dc0f-ec11-b6e6-000d3a4625ed}" />
      </MissingDependency>
      <MissingDependency>
        <Required type="1" schemaName="cr85a_kawerkelijkbedragkind" displayName="Child Alimony" solution="Active" />
        <Dependent type="29" displayName="Delete Calculation" id="{157e7959-0a21-ec11-b6e6-000d3aabbe15}" />
      </MissingDependency>
      <MissingDependency>
        <Required type="1" schemaName="cr85a_kawerkelijkbedragkind" displayName="Child Alimony" solution="Active" />
        <Dependent type="29" displayName="save Child Alimony" id="{19c1680d-4be6-eb11-bacb-000d3a4aff39}" />
      </MissingDependency>
      <MissingDependency>
        <Required type="1" schemaName="cr85a_kbswsf" displayName="KBSWSF" solution="Active" />
        <Dependent type="29" displayName="Delete Calculation" id="{157e7959-0a21-ec11-b6e6-000d3aabbe15}" />
      </MissingDependency>
      <MissingDependency>
        <Required type="1" schemaName="cr85a_kind" displayName="Child" solution="Active" />
        <Dependent type="29" displayName="Delete Calculation" id="{157e7959-0a21-ec11-b6e6-000d3aabbe15}" />
      </MissingDependency>
      <MissingDependency>
        <Required type="1" schemaName="cr85a_kind" displayName="Child" solution="Active" />
        <Dependent type="29" displayName="save Child Alimony" id="{19c1680d-4be6-eb11-bacb-000d3a4aff39}" />
      </MissingDependency>
      <MissingDependency>
        <Required type="1" schemaName="cr85a_kind" displayName="Child" solution="Active" />
        <Dependent type="29" displayName="Delete Child" id="{5e252928-bc2d-ec11-b6e5-6045bd899491}" />
      </MissingDependency>
      <MissingDependency>
        <Required type="1" schemaName="cr85a_kind" displayName="Child" solution="Active" />
        <Dependent type="29" displayName="Create Or Update Child" id="{9b6b0e46-009e-eb11-b1ac-000d3a21153a}" />
      </MissingDependency>
      <MissingDependency>
        <Required type="1" schemaName="cr85a_kind" displayName="Child" solution="Active" />
        <Dependent type="29" displayName="Disconnect Dossier to Account" id="{d9efd80f-a443-ec11-8c62-6045bd8cd703}" />
      </MissingDependency>
      <MissingDependency>
        <Required type="1" schemaName="cr85a_methodebuijs" displayName="MethodeBuijs" solution="Active" />
        <Dependent type="29" displayName="Delete Calculation" id="{157e7959-0a21-ec11-b6e6-000d3aabbe15}" />
      </MissingDependency>
      <MissingDependency>
        <Required type="1" schemaName="cr85a_outputbehoefte" displayName="OutputBehoefte" solution="Active" />
        <Dependent type="29" displayName="Delete Calculation" id="{157e7959-0a21-ec11-b6e6-000d3aabbe15}" />
      </MissingDependency>
      <MissingDependency>
        <Required type="1" schemaName="cr85a_outputbehrelatie" displayName="OutputBehRelatie" solution="Active" />
        <Dependent type="29" displayName="Delete Calculation" id="{157e7959-0a21-ec11-b6e6-000d3aabbe15}" />
      </MissingDependency>
      <MissingDependency>
        <Required type="1" schemaName="cr85a_overonderbedeling" displayName="Distribution" solution="Active" />
        <Dependent type="29" displayName="Delete Calculation" id="{157e7959-0a21-ec11-b6e6-000d3aabbe15}" />
      </MissingDependency>
      <MissingDependency>
        <Required type="1" schemaName="cr85a_overonderbedeling" displayName="Distribution" solution="Active" />
        <Dependent type="29" displayName="Create or Update Relation" id="{5d00f5b5-5ba4-eb11-b1ac-000d3a4cd3de}" />
      </MissingDependency>
      <MissingDependency>
        <Required type="1" schemaName="cr85a_ovginkomenlasten" displayName="Other Income and Costs" solution="Active" />
        <Dependent type="29" displayName="Delete Calculation" id="{157e7959-0a21-ec11-b6e6-000d3aabbe15}" />
      </MissingDependency>
      <MissingDependency>
        <Required type="1" schemaName="cr85a_ovginkomenlasten" displayName="Other Income and Costs" solution="Active" />
        <Dependent type="29" displayName="Create or Update Other Income and Costs" id="{357b8a10-03a3-eb11-b1ac-000d3a4cd3de}" />
      </MissingDependency>
      <MissingDependency>
        <Required type="1" schemaName="cr85a_ovgsocuitkering" displayName="Other Social Allowance" solution="Active" />
        <Dependent type="29" displayName="Delete Calculation" id="{157e7959-0a21-ec11-b6e6-000d3aabbe15}" />
      </MissingDependency>
      <MissingDependency>
        <Required type="1" schemaName="cr85a_ovgsocuitkering" displayName="Other Social Allowance" solution="Active" />
        <Dependent type="29" displayName="Delete IncomeRef and Income" id="{d35e9d57-9a9b-eb11-b1ac-000d3a21153a}" />
      </MissingDependency>
      <MissingDependency>
        <Required type="1" schemaName="cr85a_ovgsocuitkering" displayName="Other Social Allowance" solution="Active" />
        <Dependent type="29" displayName="Disconnect Dossier to Account" id="{d9efd80f-a443-ec11-8c62-6045bd8cd703}" />
      </MissingDependency>
      <MissingDependency>
        <Required type="1" schemaName="cr85a_ovgsocuitkering" displayName="Other Social Allowance" solution="Active" />
        <Dependent type="29" displayName="Create Or Update Social Allowance" id="{ec5e9d57-9a9b-eb11-b1ac-000d3a21153a}" />
      </MissingDependency>
      <MissingDependency>
        <Required type="1" schemaName="cr85a_partner" displayName="Partner" solution="Active" />
        <Dependent type="29" displayName="Delete Calculation" id="{157e7959-0a21-ec11-b6e6-000d3aabbe15}" />
      </MissingDependency>
      <MissingDependency>
        <Required type="1" schemaName="cr85a_partner" displayName="Partner" solution="Active" />
        <Dependent type="29" displayName="Create Or Update Income" id="{596b1ddf-269e-eb11-b1ac-000d3a21153a}" />
      </MissingDependency>
      <MissingDependency>
        <Required type="1" schemaName="cr85a_partner" displayName="Partner" solution="Active" />
        <Dependent type="29" displayName="Create new calculation" id="{5a17c82d-378b-eb11-b1ac-000d3a48bba1}" />
      </MissingDependency>
      <MissingDependency>
        <Required type="1" schemaName="cr85a_partner" displayName="Partner" solution="Active" />
        <Dependent type="29" displayName="Create or Update Personal Data" id="{93173b96-cd30-ec11-b6e6-6045bd8e4f34}" />
      </MissingDependency>
      <MissingDependency>
        <Required type="1" schemaName="cr85a_partner" displayName="Partner" solution="Active" />
        <Dependent type="29" displayName="Disconnect Dossier to Account" id="{d9efd80f-a443-ec11-8c62-6045bd8cd703}" />
      </MissingDependency>
      <MissingDependency>
        <Required type="1" schemaName="cr85a_partneralimentatie" displayName="Partner Alimony" solution="Active" />
        <Dependent type="29" displayName="Delete Calculation" id="{157e7959-0a21-ec11-b6e6-000d3aabbe15}" />
      </MissingDependency>
      <MissingDependency>
        <Required type="1" schemaName="cr85a_partneralimentatie" displayName="Partner Alimony" solution="Active" />
        <Dependent type="29" displayName="save Partner Alimony" id="{1ac1680d-4be6-eb11-bacb-000d3a4aff39}" />
      </MissingDependency>
      <MissingDependency>
        <Required type="1" schemaName="cr85a_paymentlog" displayName="Payment Log" solution="Active" />
        <Dependent type="29" displayName="Mollie - webhookUrl- Get Payment Details" id="{24169ea5-df25-ec11-b6e5-6045bd8b092f}" />
      </MissingDependency>
      <MissingDependency>
        <Required type="1" schemaName="cr85a_pensioenuitkering" displayName="Pension Allowance" solution="Active" />
        <Dependent type="29" displayName="Delete Calculation" id="{157e7959-0a21-ec11-b6e6-000d3aabbe15}" />
      </MissingDependency>
      <MissingDependency>
        <Required type="1" schemaName="cr85a_pensioenuitkering" displayName="Pension Allowance" solution="Active" />
        <Dependent type="29" displayName="Create Or Update Pension" id="{c25e9d57-9a9b-eb11-b1ac-000d3a21153a}" />
      </MissingDependency>
      <MissingDependency>
        <Required type="1" schemaName="cr85a_pensioenuitkering" displayName="Pension Allowance" solution="Active" />
        <Dependent type="29" displayName="Delete IncomeRef and Income" id="{d35e9d57-9a9b-eb11-b1ac-000d3a21153a}" />
      </MissingDependency>
      <MissingDependency>
        <Required type="1" schemaName="cr85a_pensioenuitkering" displayName="Pension Allowance" solution="Active" />
        <Dependent type="29" displayName="Disconnect Dossier to Account" id="{d9efd80f-a443-ec11-8c62-6045bd8cd703}" />
      </MissingDependency>
      <MissingDependency>
        <Required type="1" schemaName="cr85a_portemonnee" displayName="Wallet" solution="Active" />
        <Dependent type="29" displayName="Delete Calculation" id="{157e7959-0a21-ec11-b6e6-000d3aabbe15}" />
      </MissingDependency>
      <MissingDependency>
        <Required type="1" schemaName="cr85a_relatie" displayName="Relation" solution="Active" />
        <Dependent type="29" displayName="Save Residential AD scenario4" id="{011ff58a-81d5-eb11-bacc-000d3aae8c97}" />
      </MissingDependency>
      <MissingDependency>
        <Required type="1" schemaName="cr85a_relatie" displayName="Relation" solution="Active" />
        <Dependent type="29" displayName="Delete Calculation" id="{157e7959-0a21-ec11-b6e6-000d3aabbe15}" />
      </MissingDependency>
      <MissingDependency>
        <Required type="1" schemaName="cr85a_relatie" displayName="Relation" solution="Active" />
        <Dependent type="29" displayName="Create or Update Assets and Liabilities" id="{367b8a10-03a3-eb11-b1ac-000d3a4cd3de}" />
      </MissingDependency>
      <MissingDependency>
        <Required type="1" schemaName="cr85a_relatie" displayName="Relation" solution="Active" />
        <Dependent type="29" displayName="Save Residential situation BD" id="{5917c82d-378b-eb11-b1ac-000d3a48bba1}" />
      </MissingDependency>
      <MissingDependency>
        <Required type="1" schemaName="cr85a_relatie" displayName="Relation" solution="Active" />
        <Dependent type="29" displayName="Create new calculation" id="{5a17c82d-378b-eb11-b1ac-000d3a48bba1}" />
      </MissingDependency>
      <MissingDependency>
        <Required type="1" schemaName="cr85a_relatie" displayName="Relation" solution="Active" />
        <Dependent type="29" displayName="Create or Update Relation" id="{5d00f5b5-5ba4-eb11-b1ac-000d3a4cd3de}" />
      </MissingDependency>
      <MissingDependency>
        <Required type="1" schemaName="cr85a_relatie" displayName="Relation" solution="Active" />
        <Dependent type="29" displayName="save DistributionEquity AD" id="{6aae08a4-48e6-eb11-bacb-000d3a4aff39}" />
      </MissingDependency>
      <MissingDependency>
        <Required type="1" schemaName="cr85a_relatie" displayName="Relation" solution="Active" />
        <Dependent type="29" displayName="Save Residential AD scenario5" id="{811c0cf4-b4d6-eb11-bacb-0022487fd89d}" />
      </MissingDependency>
      <MissingDependency>
        <Required type="1" schemaName="cr85a_relatie" displayName="Relation" solution="Active" />
        <Dependent type="29" displayName="Save Private Asset Check" id="{83921ebe-fe9d-eb11-b1ac-000d3a21153a}" />
      </MissingDependency>
      <MissingDependency>
        <Required type="1" schemaName="cr85a_relatie" displayName="Relation" solution="Active" />
        <Dependent type="29" displayName="save Children" id="{863a76f0-e92c-ec11-b6e5-6045bd899491}" />
      </MissingDependency>
      <MissingDependency>
        <Required type="1" schemaName="cr85a_relatie" displayName="Relation" solution="Active" />
        <Dependent type="29" displayName="Create Or Update Child" id="{9b6b0e46-009e-eb11-b1ac-000d3a21153a}" />
      </MissingDependency>
      <MissingDependency>
        <Required type="1" schemaName="cr85a_relatie" displayName="Relation" solution="Active" />
        <Dependent type="29" displayName="Save Residential AD scenario 2" id="{b132cc6f-c5d5-eb11-bacc-000d3aae8c97}" />
      </MissingDependency>
      <MissingDependency>
        <Required type="1" schemaName="cr85a_relatie" displayName="Relation" solution="Active" />
        <Dependent type="29" displayName="Disconnect Dossier to Account" id="{d9efd80f-a443-ec11-8c62-6045bd8cd703}" />
      </MissingDependency>
      <MissingDependency>
        <Required type="1" schemaName="cr85a_relatie" displayName="Relation" solution="Active" />
        <Dependent type="29" displayName="save Mortgage And Equity" id="{dea45edc-4dfc-eb11-94ef-000d3a2adb45}" />
      </MissingDependency>
      <MissingDependency>
        <Required type="1" schemaName="cr85a_relatie" displayName="Relation" solution="Active" />
        <Dependent type="29" displayName="CreateOrUpdate Residential AD" id="{fdfeef1e-76cf-eb11-bacc-000d3a2a54ed}" />
      </MissingDependency>
      <MissingDependency>
        <Required type="1" schemaName="cr85a_rs_draagkracht" displayName="rs_Draagkracht" solution="Active" />
        <Dependent type="29" displayName="Delete Calculation" id="{157e7959-0a21-ec11-b6e6-000d3aabbe15}" />
      </MissingDependency>
      <MissingDependency>
        <Required type="1" schemaName="cr85a_rs_fiscalegegevens" displayName="rs_FiscaleGegevens" solution="Active" />
        <Dependent type="29" displayName="Delete Calculation" id="{157e7959-0a21-ec11-b6e6-000d3aabbe15}" />
      </MissingDependency>
      <MissingDependency>
        <Required type="1" schemaName="cr85a_scan" displayName="Scan" solution="Active" />
        <Dependent type="29" displayName="Create_Scan" id="{04cbaa58-670a-ec11-b6e6-000d3a4a8b1f}" />
      </MissingDependency>
      <MissingDependency>
        <Required type="1" schemaName="cr85a_scan" displayName="Scan" solution="Active" />
        <Dependent type="29" displayName="Update_Scan" id="{0ca40fcb-3816-ec11-b6e6-6045bd887830}" />
      </MissingDependency>
      <MissingDependency>
        <Required type="1" schemaName="cr85a_scan" displayName="Scan" solution="Active" />
        <Dependent type="29" displayName="Create New Account" id="{624f49bb-e2f9-eb11-94ef-000d3a2adb45}" />
      </MissingDependency>
      <MissingDependency>
        <Required type="1" schemaName="cr85a_tremakind" displayName="TremaKind" solution="Active" />
        <Dependent type="29" displayName="Delete Calculation" id="{157e7959-0a21-ec11-b6e6-000d3aabbe15}" />
      </MissingDependency>
      <MissingDependency>
        <Required type="1" schemaName="cr85a_tremarelatie" displayName="TremaRelatie" solution="Active" />
        <Dependent type="29" displayName="Delete Calculation" id="{157e7959-0a21-ec11-b6e6-000d3aabbe15}" />
      </MissingDependency>
      <MissingDependency>
        <Required type="1" schemaName="cr85a_vermogenna" displayName="Assets and Liabilities AD" solution="Active" />
        <Dependent type="29" displayName="Delete Calculation" id="{157e7959-0a21-ec11-b6e6-000d3aabbe15}" />
      </MissingDependency>
      <MissingDependency>
        <Required type="1" schemaName="cr85a_vermogenna" displayName="Assets and Liabilities AD" solution="Active" />
        <Dependent type="29" displayName="save AssetsLiabilities AD" id="{dba45edc-4dfc-eb11-94ef-000d3a2adb45}" />
      </MissingDependency>
      <MissingDependency>
        <Required type="1" schemaName="cr85a_vermogenscomponent" displayName="Assets And Liabilities" solution="Active" />
        <Dependent type="29" displayName="Save Residential AD scenario4" id="{011ff58a-81d5-eb11-bacc-000d3aae8c97}" />
      </MissingDependency>
      <MissingDependency>
        <Required type="1" schemaName="cr85a_vermogenscomponent" displayName="Assets And Liabilities" solution="Active" />
        <Dependent type="29" displayName="Delete Calculation" id="{157e7959-0a21-ec11-b6e6-000d3aabbe15}" />
      </MissingDependency>
      <MissingDependency>
        <Required type="1" schemaName="cr85a_vermogenscomponent" displayName="Assets And Liabilities" solution="Active" />
        <Dependent type="29" displayName="delete Asset" id="{1c9b08f0-d74e-ec11-8c62-000d3abdbe50}" />
      </MissingDependency>
      <MissingDependency>
        <Required type="1" schemaName="cr85a_vermogenscomponent" displayName="Assets And Liabilities" solution="Active" />
        <Dependent type="29" displayName="Create or Update Assets and Liabilities" id="{367b8a10-03a3-eb11-b1ac-000d3a4cd3de}" />
      </MissingDependency>
      <MissingDependency>
        <Required type="1" schemaName="cr85a_vermogenscomponent" displayName="Assets And Liabilities" solution="Active" />
        <Dependent type="29" displayName="Save Residential situation BD" id="{5917c82d-378b-eb11-b1ac-000d3a48bba1}" />
      </MissingDependency>
      <MissingDependency>
        <Required type="1" schemaName="cr85a_vermogenscomponent" displayName="Assets And Liabilities" solution="Active" />
        <Dependent type="29" displayName="save DistributionEquity AD" id="{6aae08a4-48e6-eb11-bacb-000d3a4aff39}" />
      </MissingDependency>
      <MissingDependency>
        <Required type="1" schemaName="cr85a_vermogenscomponent" displayName="Assets And Liabilities" solution="Active" />
        <Dependent type="29" displayName="Save Residential AD scenario5" id="{811c0cf4-b4d6-eb11-bacb-0022487fd89d}" />
      </MissingDependency>
      <MissingDependency>
        <Required type="1" schemaName="cr85a_vermogenscomponent" displayName="Assets And Liabilities" solution="Active" />
        <Dependent type="29" displayName="Save Residential AD scenario 2" id="{b132cc6f-c5d5-eb11-bacc-000d3aae8c97}" />
      </MissingDependency>
      <MissingDependency>
        <Required type="1" schemaName="cr85a_vermogenscomponent" displayName="Assets And Liabilities" solution="Active" />
        <Dependent type="29" displayName="Disconnect Dossier to Account" id="{d9efd80f-a443-ec11-8c62-6045bd8cd703}" />
      </MissingDependency>
      <MissingDependency>
        <Required type="1" schemaName="cr85a_vermogenscomponent" displayName="Assets And Liabilities" solution="Active" />
        <Dependent type="29" displayName="delete Mortgage" id="{dca45edc-4dfc-eb11-94ef-000d3a2adb45}" />
      </MissingDependency>
      <MissingDependency>
        <Required type="1" schemaName="cr85a_vermogenscomponent" displayName="Assets And Liabilities" solution="Active" />
        <Dependent type="29" displayName="Rebuild Mortgage Index" id="{dda45edc-4dfc-eb11-94ef-000d3a2adb45}" />
      </MissingDependency>
      <MissingDependency>
        <Required type="1" schemaName="cr85a_vermogenscomponent" displayName="Assets And Liabilities" solution="Active" />
        <Dependent type="29" displayName="save Mortgage And Equity" id="{dea45edc-4dfc-eb11-94ef-000d3a2adb45}" />
      </MissingDependency>
      <MissingDependency>
        <Required type="1" schemaName="cr85a_vermogenscomponent" displayName="Assets And Liabilities" solution="Active" />
        <Dependent type="29" displayName="CreateOrUpdate Residential AD" id="{fdfeef1e-76cf-eb11-bacc-000d3a2a54ed}" />
      </MissingDependency>
      <MissingDependency>
        <Required type="1" schemaName="cr85a_woning" displayName="House" solution="Active" />
        <Dependent type="29" displayName="Save Residential AD scenario4" id="{011ff58a-81d5-eb11-bacc-000d3aae8c97}" />
      </MissingDependency>
      <MissingDependency>
        <Required type="1" schemaName="cr85a_woning" displayName="House" solution="Active" />
        <Dependent type="29" displayName="Delete Calculation" id="{157e7959-0a21-ec11-b6e6-000d3aabbe15}" />
      </MissingDependency>
      <MissingDependency>
        <Required type="1" schemaName="cr85a_woning" displayName="House" solution="Active" />
        <Dependent type="29" displayName="Save Residential situation BD" id="{5917c82d-378b-eb11-b1ac-000d3a48bba1}" />
      </MissingDependency>
      <MissingDependency>
        <Required type="1" schemaName="cr85a_woning" displayName="House" solution="Active" />
        <Dependent type="29" displayName="Save Residential AD scenario5" id="{811c0cf4-b4d6-eb11-bacb-0022487fd89d}" />
      </MissingDependency>
      <MissingDependency>
        <Required type="1" schemaName="cr85a_woning" displayName="House" solution="Active" />
        <Dependent type="29" displayName="Save Residential AD scenario 2" id="{b132cc6f-c5d5-eb11-bacc-000d3aae8c97}" />
      </MissingDependency>
      <MissingDependency>
        <Required type="1" schemaName="cr85a_woonsituatiehuidig" displayName="Residential Before Divorce" solution="Active" />
        <Dependent type="29" displayName="Delete Calculation" id="{157e7959-0a21-ec11-b6e6-000d3aabbe15}" />
      </MissingDependency>
      <MissingDependency>
        <Required type="1" schemaName="cr85a_woonsituatiehuidig" displayName="Residential Before Divorce" solution="Active" />
        <Dependent type="29" displayName="Save Residential situation BD" id="{5917c82d-378b-eb11-b1ac-000d3a48bba1}" />
      </MissingDependency>
      <MissingDependency>
        <Required type="1" schemaName="cr85a_woonsituatiehuidig" displayName="Residential Before Divorce" solution="Active" />
        <Dependent type="29" displayName="Create new calculation" id="{5a17c82d-378b-eb11-b1ac-000d3a48bba1}" />
      </MissingDependency>
      <MissingDependency>
        <Required type="1" schemaName="cr85a_woonsituatienieuw" displayName="Residential After Divorce" solution="Active" />
        <Dependent type="29" displayName="Save Residential AD scenario4" id="{011ff58a-81d5-eb11-bacc-000d3aae8c97}" />
      </MissingDependency>
      <MissingDependency>
        <Required type="1" schemaName="cr85a_woonsituatienieuw" displayName="Residential After Divorce" solution="Active" />
        <Dependent type="29" displayName="save Residential AD scenario6" id="{09f7495d-68d8-eb11-bacb-0022487fd89d}" />
      </MissingDependency>
      <MissingDependency>
        <Required type="1" schemaName="cr85a_woonsituatienieuw" displayName="Residential After Divorce" solution="Active" />
        <Dependent type="29" displayName="Delete Calculation" id="{157e7959-0a21-ec11-b6e6-000d3aabbe15}" />
      </MissingDependency>
      <MissingDependency>
        <Required type="1" schemaName="cr85a_woonsituatienieuw" displayName="Residential After Divorce" solution="Active" />
        <Dependent type="29" displayName="Save Residential AD Scenario 3" id="{4df3bf3c-c7d5-eb11-bacc-000d3aae8c97}" />
      </MissingDependency>
      <MissingDependency>
        <Required type="1" schemaName="cr85a_woonsituatienieuw" displayName="Residential After Divorce" solution="Active" />
        <Dependent type="29" displayName="Save Residential AD scenario5" id="{811c0cf4-b4d6-eb11-bacb-0022487fd89d}" />
      </MissingDependency>
      <MissingDependency>
        <Required type="1" schemaName="cr85a_woonsituatienieuw" displayName="Residential After Divorce" solution="Active" />
        <Dependent type="29" displayName="Save Residential AD scenario 2" id="{b132cc6f-c5d5-eb11-bacc-000d3aae8c97}" />
      </MissingDependency>
      <MissingDependency>
        <Required type="1" schemaName="cr85a_woonsituatienieuw" displayName="Residential After Divorce" solution="Active" />
        <Dependent type="29" displayName="save AssetsLiabilities AD" id="{dba45edc-4dfc-eb11-94ef-000d3a2adb45}" />
      </MissingDependency>
      <MissingDependency>
        <Required type="1" schemaName="cr85a_woonsituatienieuw" displayName="Residential After Divorce" solution="Active" />
        <Dependent type="29" displayName="CreateOrUpdate Residential AD" id="{fdfeef1e-76cf-eb11-bacc-000d3a2a54ed}" />
      </MissingDependency>
      <MissingDependency>
        <Required type="2" schemaName="cr85a_calculationid" displayName="Calculation" parentSchemaName="cr85a_calculation" parentDisplayName="Calculation" solution="Active" />
        <Dependent type="29" displayName="CloneCalculation" id="{99ba5a6b-2b21-ec11-b6e6-000d3aabbe15}" />
      </MissingDependency>
      <MissingDependency>
        <Required type="2" schemaName="cr85a_name" displayName="Name" parentSchemaName="cr85a_calculation" parentDisplayName="Calculation" solution="Active" />
        <Dependent type="29" displayName="CloneCalculation" id="{99ba5a6b-2b21-ec11-b6e6-000d3aabbe15}" />
      </MissingDependency>
      <MissingDependency>
        <Required type="372" schemaName="cr85a_5Fmollie-20connector" displayName="Mollie Connector" solution="Active" id="{57a8deef-414b-47b8-89f4-6604055e9927}" />
        <Dependent type="29" displayName="Mollie - webhookUrl- Get Payment Details" id="{24169ea5-df25-ec11-b6e5-6045bd8b092f}" />
      </MissingDependency>
      <MissingDependency>
        <Required type="372" schemaName="cr85a_5Fmollie-20connector" displayName="Mollie Connector" solution="Active" id="{57a8deef-414b-47b8-89f4-6604055e9927}" />
        <Dependent type="29" displayName="Mollie - Create Payment" id="{ca31603c-e625-ec11-b6e5-6045bd8b092f}" />
      </MissingDependency>
      <MissingDependency>
        <Required type="372" schemaName="cr85a_5Fmollie-20connector" displayName="Mollie Connector" solution="Active" id="{57a8deef-414b-47b8-89f4-6604055e9927}" />
        <Dependent type="29" displayName="save Redirect" id="{fd17c65d-dc0f-ec11-b6e6-000d3a4625ed}" />
      </MissingDependency>
      <MissingDependency>
        <Required type="372" schemaName="cr85a_5Fmollie-20connector" displayName="Mollie Connector" solution="Active" id="{57a8deef-414b-47b8-89f4-6604055e9927}" />
        <Dependent type="connectionreference" displayName="cr85a_sharedcr85a5fmollie20connector5f40e5b0d8d3303b9d_b083c" id.connectionreferencelogicalname="cr85a_sharedcr85a5fmollie20connector5f40e5b0d8d3303b9d_b083c" />
      </MissingDependency>
      <MissingDependency>
        <Required type="connectionreference" displayName="new_sharedcommondataserviceforapps_43e52" solution="Active" id.connectionreferencelogicalname="new_sharedcommondataserviceforapps_43e52" />
        <Dependent type="29" displayName="save Child Alimony" id="{19c1680d-4be6-eb11-bacb-000d3a4aff39}" />
      </MissingDependency>
      <MissingDependency>
        <Required type="connectionreference" displayName="new_sharedcommondataserviceforapps_43e52" solution="Active" id.connectionreferencelogicalname="new_sharedcommondataserviceforapps_43e52" />
        <Dependent type="29" displayName="save Partner Alimony" id="{1ac1680d-4be6-eb11-bacb-000d3a4aff39}" />
      </MissingDependency>
      <MissingDependency>
        <Required type="connectionreference" displayName="new_sharedcommondataserviceforapps_43e52" solution="Active" id.connectionreferencelogicalname="new_sharedcommondataserviceforapps_43e52" />
        <Dependent type="29" displayName="delete Asset" id="{1c9b08f0-d74e-ec11-8c62-000d3abdbe50}" />
      </MissingDependency>
      <MissingDependency>
        <Required type="connectionreference" displayName="new_sharedcommondataserviceforapps_43e52" solution="Active" id.connectionreferencelogicalname="new_sharedcommondataserviceforapps_43e52" />
        <Dependent type="29" displayName="Delete Auth" id="{241cec02-3b12-ec11-b6e6-6045bd87271c}" />
      </MissingDependency>
      <MissingDependency>
        <Required type="connectionreference" displayName="new_sharedcommondataserviceforapps_43e52" solution="Active" id.connectionreferencelogicalname="new_sharedcommondataserviceforapps_43e52" />
        <Dependent type="29" displayName="Create or Update Other Income and Costs" id="{357b8a10-03a3-eb11-b1ac-000d3a4cd3de}" />
      </MissingDependency>
      <MissingDependency>
        <Required type="connectionreference" displayName="new_sharedcommondataserviceforapps_43e52" solution="Active" id.connectionreferencelogicalname="new_sharedcommondataserviceforapps_43e52" />
        <Dependent type="29" displayName="save Authorizations" id="{37c41e49-1537-ec11-8c64-000d3a282769}" />
      </MissingDependency>
      <MissingDependency>
        <Required type="connectionreference" displayName="new_sharedcommondataserviceforapps_43e52" solution="Active" id.connectionreferencelogicalname="new_sharedcommondataserviceforapps_43e52" />
        <Dependent type="29" displayName="Create Or Update Income" id="{596b1ddf-269e-eb11-b1ac-000d3a21153a}" />
      </MissingDependency>
      <MissingDependency>
        <Required type="connectionreference" displayName="new_sharedcommondataserviceforapps_43e52" solution="Active" id.connectionreferencelogicalname="new_sharedcommondataserviceforapps_43e52" />
        <Dependent type="29" displayName="Create or Update Relation" id="{5d00f5b5-5ba4-eb11-b1ac-000d3a4cd3de}" />
      </MissingDependency>
      <MissingDependency>
        <Required type="connectionreference" displayName="new_sharedcommondataserviceforapps_43e52" solution="Active" id.connectionreferencelogicalname="new_sharedcommondataserviceforapps_43e52" />
        <Dependent type="29" displayName="save DistributionEquity AD" id="{6aae08a4-48e6-eb11-bacb-000d3a4aff39}" />
      </MissingDependency>
      <MissingDependency>
        <Required type="connectionreference" displayName="new_sharedcommondataserviceforapps_43e52" solution="Active" id.connectionreferencelogicalname="new_sharedcommondataserviceforapps_43e52" />
        <Dependent type="29" displayName="Save Private Asset Check" id="{83921ebe-fe9d-eb11-b1ac-000d3a21153a}" />
      </MissingDependency>
      <MissingDependency>
        <Required type="connectionreference" displayName="new_sharedcommondataserviceforapps_43e52" solution="Active" id.connectionreferencelogicalname="new_sharedcommondataserviceforapps_43e52" />
        <Dependent type="29" displayName="Create Or Update Child" id="{9b6b0e46-009e-eb11-b1ac-000d3a21153a}" />
      </MissingDependency>
      <MissingDependency>
        <Required type="connectionreference" displayName="new_sharedcommondataserviceforapps_43e52" solution="Active" id.connectionreferencelogicalname="new_sharedcommondataserviceforapps_43e52" />
        <Dependent type="29" displayName="save AssetsLiabilities AD" id="{dba45edc-4dfc-eb11-94ef-000d3a2adb45}" />
      </MissingDependency>
      <MissingDependency>
        <Required type="connectionreference" displayName="new_sharedcommondataserviceforapps_43e52" solution="Active" id.connectionreferencelogicalname="new_sharedcommondataserviceforapps_43e52" />
        <Dependent type="29" displayName="delete Mortgage" id="{dca45edc-4dfc-eb11-94ef-000d3a2adb45}" />
      </MissingDependency>
      <MissingDependency>
        <Required type="connectionreference" displayName="new_sharedcommondataserviceforapps_43e52" solution="Active" id.connectionreferencelogicalname="new_sharedcommondataserviceforapps_43e52" />
        <Dependent type="29" displayName="Rebuild Mortgage Index" id="{dda45edc-4dfc-eb11-94ef-000d3a2adb45}" />
      </MissingDependency>
      <MissingDependency>
        <Required type="connectionreference" displayName="new_sharedcommondataserviceforapps_43e52" solution="Active" id.connectionreferencelogicalname="new_sharedcommondataserviceforapps_43e52" />
        <Dependent type="29" displayName="save Mortgage And Equity" id="{dea45edc-4dfc-eb11-94ef-000d3a2adb45}" />
      </MissingDependency>
    </MissingDependencies>
  </SolutionManifest>
</ImportExportXml>